BC&T 2023						BC&T 2015 - 2017						BAC. COMPUTAÇÃO 2017						BAC. COMPUTAÇÃO 2023						BAC. DADOS 2024						ENG. IAR  2023						ENG. INFORMAÇÃO 2023						ENG. AERO 2023						ENG. GESTÃO 2023						ENG. MATERIAIS 2023						ENG. AMBIENTAL 2023						BAC. BIOTEC 2023						ENG. BIOMED 2023						ENG. ENERGIA 2023						BAC. NEUROCIÊNCIA 2023						BAC. FÍSICA 2023						BAC. MATEMÁTICA 2023						BAC. QUÍMICA 2023						BAC. BIOLÓGICAS 2023						BC&H 2020						BAC. ECONOMIA 2023						BAC. RI 2022						BAC. POLÍTICAS PÚBLICAS 2023						BAC, PLAN. TERRITORIAL 2022					
OBRIGATORIAS	LIMITADAS	LIVRES	EXTENSIONISTAS (PREENCHER)	HORAS COMPLEMENTARES (PREENCHER)	CARGA TOTAL	OBRIGATORIAS	LIMITADAS	LIVRES	EXTENSIONISTAS (PREENCHER)	HORAS COMPLEMENTARES (PREENCHER)	CARGA TOTAL	OBRIGATORIAS	LIMITADAS	LIVRES	EXTENSIONISTAS (PREENCHER)	HORAS COMPLEMENTARES (PREENCHER)	CARGA TOTAL	OBRIGATORIAS	LIMITADAS	LIVRES	EXTENSIONISTAS (PREENCHER)	HORAS COMPLEMENTARES (PREENCHER)	CARGA TOTAL	OBRIGATORIAS	LIMITADAS	LIVRES	EXTENSIONISTAS (PREENCHER)	HORAS COMPLEMENTARES (PREENCHER)	CARGA TOTAL	OBRIGATORIAS	LIMITADAS	LIVRES	EXTENSIONISTAS (PREENCHER)	HORAS COMPLEMENTARES (PREENCHER)	CARGA TOTAL	OBRIGATORIAS	LIMITADAS	LIVRES	EXTENSIONISTAS (PREENCHER)	HORAS COMPLEMENTARES (PREENCHER)	CARGA TOTAL	OBRIGATORIAS	LIMITADAS	LIVRES	EXTENSIONISTAS (PREENCHER)	HORAS COMPLEMENTARES (PREENCHER)	CARGA TOTAL	OBRIGATORIAS	LIMITADAS	LIVRES	EXTENSIONISTAS (PREENCHER)	HORAS COMPLEMENTARES (PREENCHER)	CARGA TOTAL	OBRIGATORIAS	LIMITADAS	LIVRES	EXTENSIONISTAS (PREENCHER)	HORAS COMPLEMENTARES (PREENCHER)	CARGA TOTAL	OBRIGATORIAS	LIMITADAS	LIVRES	EXTENSIONISTAS (PREENCHER)	HORAS COMPLEMENTARES (PREENCHER)	CARGA TOTAL	OBRIGATORIAS	LIMITADAS	LIVRES	EXTENSIONISTAS (PREENCHER)	HORAS COMPLEMENTARES (PREENCHER)	CARGA TOTAL	OBRIGATORIAS	LIMITADAS	LIVRES	EXTENSIONISTAS (PREENCHER)	HORAS COMPLEMENTARES (PREENCHER)	CARGA TOTAL	Obrigatórias	Limitadas	Livres	Horas Complementares (Preencher)	Extensionistas (Preencher)	Carga total	OBRIGATORIAS	LIMITADAS	LIVRES	EXTENSIONISTAS (PREENCHER)	HORAS COMPLEMENTARES (PREENCHER)	CARGA TOTAL	OBRIGATORIAS	LIMITADAS	LIVRES	EXTENSIONISTAS (PREENCHER)	HORAS COMPLEMENTARES (PREENCHER)	CARGA TOTAL	OBRIGATORIAS	LIMITADAS	LIVRES	EXTENSIONISTAS (PREENCHER)	HORAS COMPLEMENTARES (PREENCHER)	CARGA TOTAL	OBRIGATORIAS	LIMITADAS	LIVRES	EXTENSIONISTAS (PREENCHER)	HORAS COMPLEMENTARES (PREENCHER)	CARGA TOTAL	OBRIGATORIAS	LIMITADAS	LIVRES	EXTENSIONISTAS (PREENCHER)	HORAS COMPLEMENTARES (PREENCHER)	CARGA TOTAL	OBRIGATORIAS	LIMITADAS	LIVRES	EXTENSIONISTAS (PREENCHER)	HORAS COMPLEMENTARES (PREENCHER)	CARGA TOTAL	OBRIGATORIAS	LIMITADAS	LIVRES	EXTENSIONISTAS (PREENCHER)	HORAS COMPLEMENTARES (PREENCHER)	CARGA TOTAL	OBRIGATORIAS	LIMITADAS	LIVRES	EXTENSIONISTAS (PREENCHER)	HORAS COMPLEMENTARES (PREENCHER)	CARGA TOTAL	OBRIGATORIAS	LIMITADAS	LIVRES	EXTENSIONISTAS (PREENCHER)	HORAS COMPLEMENTARES (PREENCHER)	CARGA TOTAL	OBRIGATORIAS	LIMITADAS	LIVRES	EXTENSIONISTAS (PREENCHER)	HORAS COMPLEMENTARES (PREENCHER)	CARGA TOTAL
1008	384	720	240	48	2112	1068	684	528	0	120	2280	2568	360	144	0	120	3072	2424	288	192	328	48	2904	2136	288	168	294	48	2592	2976	204	120	372	48	3300	2868	240	192	372	48	3300	2880	228	192	372	48	3300	2808	240	180	372	48	3228	2712	336	252	372	48	3300	2916	192	192	48	372	3300	2672	168	168	48	321	2840	2748	360	192	48	372	3300	3072	48	180	48	372	3300	2016	288	144	278	48	2448	1704	240	288	240	48	2232	2184	288	144	296	48	2616	2232	228	144	295	48	2604	2720	432	192	378	48	3344	864	768	480	240	48	2112	2472	240	456	336	48	3168	2160	288	144	300	48	2592	2112	384	192	264	48	2688	2064	240	144	288	48	2448
OBRIGATORIAS		LIMITADAS				OBRIGATORIAS		LIMITADAS				OBRIGATORIAS		LIMITADAS				OBRIGATORIAS		LIMITADAS				OBRIGATORIAS		LIMITADAS				OBRIGATORIAS		LIMITADAS				OBRIGATORIAS		LIMITADAS				OBRIGATORIAS		LIMITADAS				OBRIGATORIAS		LIMITADAS				OBRIGATORIAS		LIMITADAS				OBRIGATORIAS		LIMITADAS				OBRIGATORIAS		LIMITADAS				OBRIGATORIAS		LIMITADAS				OBRIGATORIAS		LIMITADAS				OBRIGATORIAS		LIMITADAS				OBRIGATORIAS		LIMITADAS				OBRIGATORIAS		LIMITADAS				OBRIGATORIAS		LIMITADAS				OBRIGATORIAS		LIMITADAS				OBRIGATORIAS		LIMITADAS				OBRIGATORIAS		LIMITADAS				OBRIGATORIAS		LIMITADAS				OBRIGATORIAS		LIMITADAS				OBRIGATORIAS		LIMITADAS			
DISCIPLINA	HORAS	DISCIPLINA	HORAS			DISCIPLINA	HORAS	DISCIPLINA	HORAS			DISCIPLINA	HORAS	DISCIPLINA	HORAS			DISCIPLINA	HORAS	DISCIPLINA	HORAS			DISCIPLINA	HORAS	DISCIPLINA	HORAS			DISCIPLINA	HORAS	DISCIPLINA	HORAS			DISCIPLINA	HORAS	DISCIPLINA	HORAS			DISCIPLINA	HORAS	DISCIPLINA	HORAS			DISCIPLINA	HORAS	DISCIPLINA	HORAS			DISCIPLINA	HORAS	DISCIPLINA	HORAS			DISCIPLINA	HORAS	DISCIPLINA	HORAS			DISCIPLINA	HORAS	DISCIPLINA	HORAS			DISCIPLINA	HORAS	DISCIPLINA	HORAS			DISCIPLINA	HORAS	DISCIPLINA	HORAS			DISCIPLINA	HORAS	DISCIPLINA	HORAS			DISCIPLINA	HORAS	DISCIPLINA	HORAS			DISCIPLINA	HORAS	DISCIPLINA	HORAS			DISCIPLINA	HORAS	DISCIPLINA	HORAS			DISCIPLINA	HORAS	DISCIPLINA	HORAS			DISCIPLINA	HORAS	DISCIPLINA	HORAS			DISCIPLINA	HORAS	DISCIPLINA	HORAS			DISCIPLINA	HORAS	DISCIPLINA	HORAS			DISCIPLINA	HORAS	DISCIPLINA	HORAS			DISCIPLINA	HORAS	DISCIPLINA	HORAS		
FENOMENOS MECANICOS	60	FLORESTA AMAZONICA	72			FENOMENOS MECANICOS	60	ALGORITMOS E ESTRUTURAS DE DADOS I	48			FENOMENOS MECANICOS	60	ALGORITMOS PROBABILISTICOS	48			BASE EXPERIMENTAL DAS CIÊNCIAS NATURAIS	36	PESQUISA OPERACIONAL	72			FENOMENOS MECANICOS	60	INTRODUCAO A ECONOMIA	36			BASE EXPERIMENTAL DAS CIÊNCIAS NATURAIS	36	INTERAÇÕES ATÔMICAS E MOLECULARES	36			BASE EXPERIMENTAL DAS CIÊNCIAS NATURAIS	36	INTERAÇÕES ATÔMICAS E MOLECULARES	36			BASE EXPERIMENTAL DAS CIÊNCIAS NATURAIS	36	AERONAVES DIRIGÍVEIS	24			BASE EXPERIMENTAL DAS CIENCIAS NATURAIS	36	INTERACOES ATOMICAS E MOLECULARES	36			BASE EXPERIMENTAL DAS CIÊNCIAS NATURAIS	36	DESENHO UNIVERSAL E TECNOLOGIA ASSISTIVA	24			BASE EXPERIMENTAL DAS CIENCIAS NATURAIS	36	INTERACOES ATOMICAS E MOLECULARES	36			FENOMENOS MECANICOS	60	AVALIACAO DE IMPACTOS AMBIENTAIS	48			BASE EXPERIMENTAL DAS CIENCIAS NATURAIS	36	INTERACOES ATOMICAS E MOLECULARES	36			ÁLGEBRA LINEAR	72	INTERAÇÕES ATÔMICAS E MOLECULARES	36			BASE EXPERIMENTAL DAS CIÊNCIAS NATURAIS	36	MODELAGEM E CONTROLE	24			BASE EXPERIMENTAL DAS CIÊNCIAS NATURAIS	36	ESTADO E RELAÇÕES DE PODER	48			BASE EXPERIMENTAL DAS CIÊNCIAS NATURAIS	36	ÁLGEBRA COMUTATIVA	48			BASE EXPERIMENTAL DAS CIÊNCIAS NATURAIS	36	PROJETO ASSISTIDO POR COMPUTADOR	24			BASE EXPERIMENTAL DAS CIÊNCIAS NATURAIS	36	INTERAÇÕES ATÔMICAS E MOLECULARES	36			INTRODUÇÃO ÀS HUMANIDADES E ÀS CIÊNCIAS SOCIAIS	24	FENÔMENOS ELETROMAGNÉTICOS	60			INTRODUÇÃO ÀS HUMANIDADES E ÀS CIÊNCIAS SOCIAIS	24	PROCESSAMENTO DA INFORMAÇÃO	60			INTRODUÇÃO ÀS HUMANIDADES E ÀS CIÊNCIAS SOCIAIS	24	PROCESSAMENTO DA INFORMAÇÃO	60			INTRODUÇÃO ÀS HUMANIDADES E ÀS CIÊNCIAS SOCIAIS	24	PROCESSAMENTO DA INFORMAÇÃO	60			INTRODUÇÃO ÀS HUMANIDADES E ÀS CIÊNCIAS SOCIAIS	24	INTRODUÇÃO À ANÁLISE CUSTO-BENEFÍCIO DE POLÍTICAS PÚBLICAS	48		
FENOMENOS TERMICOS	48	LOGICA, COGNICAO E COMPUTACAO	36			FENOMENOS TERMICOS	48	ALGORITMOS E ESTRUTURAS DE DADOS II	48			FENOMENOS TERMICOS	48	ANALISE DE ALGORITMOS II	48			ESTRUTURA DA MATÉRIA	36	VISÃO COMPUTACIONAL	48			FENOMENOS TERMICOS	48	CONTABILIDADE BASICA	48			ESTRUTURA DA MATÉRIA	36	ENERGIA: ORIGENS, CONVERSÃO E USO	24			ESTRUTURA DA MATÉRIA	36	BASES CONCEITUAIS DA ENERGIA	24			ESTRUTURA DA MATÉRIA	36	DINÂMICA DAS ESTRUTURAS	48			ESTRUTURA DA MATERIA	36	ENERGIA: ORIGENS, CONVERSAO E USO	24			ESTRUTURA DA MATÉRIA	36	ENGENHARIA LABORAL	48			ESTRUTURA DA MATERIA	36	ENERGIA: ORIGENS, CONVERSAO E USO	24			FENOMENOS TERMICOS	48	BIOCOMBUSTIVEIS E BIORREFINARIAS	48			ESTRUTURA DA MATERIA	36	ENERGIA: ORIGENS, CONVERSAO E USO	24			ECONOMIA DA ENERGIA	48	ENERGIA: ORIGENS, CONVERSÃO E USO	24			ESTRUTURA DA MATÉRIA	36	COMPUTAÇÃO CIENTÍFICA APLICADA A PROBLEMAS BIOLÓGICOS	48			ESTRUTURA DA MATÉRIA	36	ÉTICA E JUSTIÇA	48			ESTRUTURA DA MATÉRIA	36	ANÁLISE MULTIVARIADA	72			ESTRUTURA DA MATÉRIA	36	MODELAGEM E CONTROLE	24			ESTRUTURA DA MATÉRIA	36	DESENVOLVIMENTO E SUSTENTABILIDADE	48			TEMAS E PROBLEMAS EM FILOSOFIA	36	FENÔMENOS MECÂNICOS	60			TEMAS E PROBLEMAS EM FILOSOFIA	36	GEOMETRIA ANALÍTICA	36			TEMAS E PROBLEMAS EM FILOSOFIA	36	DESENVOLVIMENTO SOCIOECONÔMICO	48			TEMAS E PROBLEMAS EM FILOSOFIA	36	FUNÇÕES DE UMA VARIÁVEL	48			TEMAS E PROBLEMAS EM FILOSOFIA	36	DESIGUALDADES DE RAÇA, GÊNERO E RENDA	48		
FENOMENOS ELETROMAGNETICOS	60	IMPACTOS DA ACAO HUMANA NA BIOSFERA	36			FENOMENOS ELETROMAGNETICOS	60	CIRCUITOS DIGITAIS	48			FENOMENOS ELETROMAGNETICOS	60	ANALISE DE PROJETO	24			EVOLUÇÃO E DIVERSIFICAÇÃO DA VIDA NA TERRA	36	INTRODUÇÃO À BIOINFORMÁTICA	48			FENOMENOS ELETROMAGNETICOS	60	MACROECONOMIA I	48			EVOLUÇÃO E DIVERSIFICAÇÃO DA VIDA NA TERRA	36	ROBÓTICA	48			EVOLUÇÃO E DIVERSIFICAÇÃO DA VIDA NA TERRA	36	DESENHO UNIVERSAL E TECNOLOGIA ASSISTIVA	24			EVOLUÇÃO E DIVERSIFICAÇÃO DA VIDA NA TERRA	36	DINÂMICA DO VOO	48			EVOLUCAO E DIVERSIFICACAO DA VIDA NA TERRA	36	ECONOMIA INTERNACIONAL	24			EVOLUÇÃO E DIVERSIFICAÇÃO DA VIDA NA TERRA	36	MECÂNICA DOS FLUIDOS I	48			EVOLUCAO E DIVERSIFICACAO DA VIDA NA TERRA	36	DESENHO UNIVERSAL E TECNOLOGIA ASSISTIVA	24			FENOMENOS ELETROMAGNETICOS	60	BIOLOGIA MOLECULAR E BIOTECNOLOGIA	36			EVOLUCAO E DIVERSIFICACAO DA VIDA NA TERRA	36	DESENHO UNIVERSAL E TECNOLOGIA ASSISTIVA	24			TERMODINÂMICA APLICADA I	48	DESENHO UNIVERSAL E TECNOLOGIA ASSISTIVA	24			EVOLUÇÃO E DIVERSIFICAÇÃO DA VIDA NA TERRA	36	MODELAGEM DE SISTEMAS DINÂMICOS I	48			EVOLUÇÃO E DIVERSIFICAÇÃO DA VIDA NA TERRA	36	IDENTIDADE E CULTURA	36			EVOLUÇÃO E DIVERSIFICAÇÃO DA VIDA NA TERRA	36	APROXIMAÇÃO TEÓRICA E NUMÉRICA II	48			EVOLUÇÃO E DIVERSIFICAÇÃO DA VIDA NA TERRA	36	INTRODUÇÃO AOS PROCESSOS DE FABRICAÇÃO	48			EVOLUÇÃO E DIVERSIFICAÇÃO DA VIDA NA TERRA	36	BASES CONCEITUAIS DA ENERGIA	24			IDENTIDADE E CULTURA	36	FENÔMENOS TÉRMICOS	48			IDENTIDADE E CULTURA	36	INTRODUÇÃO ÀS EQUAÇÕES DIFERENCIAIS ORDINÁRIAS	48			IDENTIDADE E CULTURA	36	ECONOMIA BRASILEIRA I	48			IDENTIDADE E CULTURA	36	FUNÇÕES DE VÁRIAS VARIÁVEIS	48			IDENTIDADE E CULTURA	36	CIDADANIA, DIREITOS E DESIGUALDADES	48		
EVOLUCAO E DIVERSIFICACAO DA VIDA NA TERRA	36	TEORIA DA EVOLUCAO, JOGOS EVOLUCIONARIOS E DINAMICA POPULACIONAL	48			INTRODUCAO AS EQUACOES DIFERENCIAIS ORDINARIAS	48	COMPILADORES E INTERPRETADORES	48			INTRODUCAO AS EQUACOES DIFERENCIAIS ORDINARIAS	48	ANEIS E CORPOS	48			BASES EPISTEMOLÓGICAS DA CIÊNCIA MODERNA	36	EMPREENDEDORISMO	48			INTRODUCAO AS EQUACOES DIFERENCIAIS ORDINARIAS	48	MACROECONOMIA III	48			BASES EPISTEMOLÓGICAS DA CIÊNCIA MODERNA	36	LÓGICA PROGRAMÁVEL	48			BASES EPISTEMOLÓGICAS DA CIÊNCIA MODERNA	36	FUNDAMENTOS DE PROCESSAMENTO GRÁFICO	48			BASES EPISTEMOLÓGICAS DA CIÊNCIA MODERNA	36	DINÂMICA E CONTROLE DE VEÍCULOS AÉREOS NÃO-TRIPULADOS DE ASAS ROTATIVAS	48			BASES EPISTEMOLOGICAS DA CIENCIA MODERNA	36	ENGENHARIA DE SEGURANCA DO TRABALHO: ERGONOMIA	48			BASES EPISTEMOLÓGICAS DA CIÊNCIA MODERNA	36	TERMODINÂMICA APLICADA	48			BASES EPISTEMOLOGICAS DA CIENCIA MODERNA	36	FUNDAMENTOS DE SINAIS E SISTEMAS DE TEMPO DISCRETO	24			INTRODUCAO AS EQUACOES DIFERENCIAIS ORDINARIAS	48	BIOQUIMICA EXPERIMENTAL	72			BASES EPISTEMOLOGICAS DA CIENCIA MODERNA	36	FUNDAMENTOS DE SINAIS E SISTEMAS DE TEMPO DISCRETO	24			ENERGIA, MEIO AMBIENTE E SOCIEDADE	48	TURBINAS E SISTEMAS EÓLICOS DE PEQUENO PORTE	24			BASES EPISTEMOLÓGICAS DA CIÊNCIA MODERNA	36	MÉTODOS MATEMÁTICOS APLICADOS A SISTEMAS BIOMÉDICOS	72			BASES EPISTEMOLÓGICAS DA CIÊNCIA MODERNA	36	ESTUDOS ÉTNICO-RACIAIS	36			BASES EPISTEMOLÓGICAS DA CIÊNCIA MODERNA	36	INTRODUÇÃO À ESTATÍSTICA BAYESIANA	48			BASES EPISTEMOLÓGICAS DA CIÊNCIA MODERNA	36	BIOSSEGURANÇA	48			BASES EPISTEMOLÓGICAS DA CIÊNCIA MODERNA	36	ESTUDOS DO MEIO FÍSICO	48			INTERPRETAÇÕES DO BRASIL	48	FÍSICA QUÂNTICA	36			INTERPRETAÇÕES DO BRASIL	48	ANÁLISE DE INDICADORES DE MICROECONOMIA E ECONOMIA INDUSTRIAL	96			INTERPRETAÇÕES DO BRASIL	48	ECONOMIA INSTITUCIONAL	48			INTERPRETAÇÕES DO BRASIL	48	DESENVOLVIMENTO SOCIOECONÔMICO	48			INTERPRETAÇÕES DO BRASIL	48	INTRODUÇÃO ÀS POLÍTICAS PÚBLICAS	48		
TRANSFORMACOES QUIMICAS	60	ESTADOS LIMITE DE SISTEMAS NATURAIS	48			INTERACOES ATOMICAS E MOLECULARES	36	COMPUTACAO GRAFICA	48			LOGICA BASICA	48	APRENDIZADO DE MAQUINA	48			BASES MATEMÁTICAS	48	GESTÃO ESTRATÉGICA E ORGANIZACIONAL	24			MATEMATICA DISCRETA	48	MICROECONOMIA I	48			BASES MATEMÁTICAS	48	MODELAGEM DE SISTEMAS ELETROMECÂNICOS	48			BASES MATEMÁTICAS	48	PROJETO DE SISTEMAS MULTIMÍDIA	24			BASES MATEMÁTICAS	48	FUNDAMENTOS DE NAVEGAÇÃO INERCIAL E GNSS	24			BASES MATEMATICAS	48	GESTAO AMBIENTAL EMPRESARIAL	48			BASES MATEMÁTICAS	48	TERMODINÂMICA APLICADA I	48			BASES MATEMATICAS	48	ELETROFISIOLOGIA E HEMODINAMICA CARDIACA	48			EVOLUCAO E DIVERSIFICACAO DA VIDA NA TERRA	36	BIOSSEGURANCA	48			BASES MATEMATICAS	48	ELETROFISIOLOGIA E HEMODINAMICA CARDIACA	48			SISTEMAS TÉRMICOS	48	INTRODUÇÃO AO PROJETO DE DISPOSITIVOS ELETROMAGNÉTICOS	60			BASES MATEMÁTICAS	48	TRANSFORMADAS EM SINAIS E SISTEMAS LINEARES	48			BASES MATEMÁTICAS	48	INTERPRETAÇÕES DO BRASIL	48			BASES MATEMÁTICAS	48	INTRODUÇÃO À GEOMETRIA RIEMANNIANA	48			BASES MATEMÁTICAS	48	ENGENHARIA NUCLEAR	48			BASES MATEMÁTICAS	48	PLANEJAMENTO E POLÍTICA AMBIENTAL	48			ESTRUTURA E DINÂMICA SOCIAL	36	INTERAÇÕES ATÔMICAS E MOLECULARES	36			ESTRUTURA E DINÂMICA SOCIAL	36	ECONOMIA NAS ESCOLAS	96			ESTRUTURA E DINÂMICA SOCIAL	36	RELAÇÕES COMERCIAIS E DE INVESTIMENTO INTERNACIONAIS	48			ESTRUTURA E DINÂMICA SOCIAL	36	ECONOMIA BRASILEIRA I	48			ESTRUTURA E DINÂMICA SOCIAL	36	MÉTODOS QUANTITATIVOS PARA CIÊNCIAS SOCIAIS	48		
BIODIVERSIDADE: INTERACOES ENTRE ORGANISMOS E AMBIENTE	36	INTRODUCAO A SISTEMAS COMPLEXOS	48			BASES CONCEITUAIS DA ENERGIA	24	COMPUTADORES, ETICA E SOCIEDADE	24			MATEMATICA DISCRETA	48	ARQUITETURA DE COMPUTADORES DE ALTO DESEMPENHO	48			BASES COMPUTACIONAIS DA CIÊNCIA	24	INFORMÁTICA INDUSTRIAL	48			CALCULO DE PROBABILIDADE	48	MICROECONOMIA II	48			BASES COMPUTACIONAIS DA CIÊNCIA	24	FUNDAMENTOS DE MÁQUINAS ELÉTRICAS	48			BASES COMPUTACIONAIS DA CIÊNCIA	24	INTERNET DAS COISAS E BLOCKCHAIN	48			BASES COMPUTACIONAIS DA CIÊNCIA	24	INTRODUÇÃO À ENGENHARIA DE SISTEMAS AEROESPACIAIS	24			BASES COMPUTACIONAIS DA CIENCIA	24	TOPICOS EM ENGENHARIA DE PRODUCAO NA INDUSTRIA AUTOMOTIVA	24			BASES COMPUTACIONAIS DA CIÊNCIA	24	MECÂNICA DOS FLUIDOS I	48			BASES COMPUTACIONAIS DA CIENCIA	24	PROJETO E DESENVOLVIMENTO DE SISTEMAS PARA ANALISE DE DADOS MEDICOS	48			TRANSFORMACOES QUIMICAS	60	BIOTECNOLOGIA AMBIENTAL E AGROINDUSTRIAL	48			BASES COMPUTACIONAIS DA CIENCIA	24	PROJETO E DESENVOLVIMENTO DE SISTEMAS PARA ANALISE DE DADOS MEDICOS	48			MECÂNICA DOS FLUIDOS II	48	GEOLOGIA GERAL	48			BASES COMPUTACIONAIS DA CIÊNCIA	24	SINAIS ALEATÓRIOS	48			BASES COMPUTACIONAIS DA CIÊNCIA	24	ESTUDOS DE GÊNERO	36			BASES COMPUTACIONAIS DA CIÊNCIA	24	INTRODUÇÃO À TEORIA ANALÍTICA DOS NÚMEROS	48			BASES COMPUTACIONAIS DA CIÊNCIA	24	ENGENHARIA DE COMBUSTÍVEIS FÓSSEIS	48			BASES COMPUTACIONAIS DA CIÊNCIA	24	CIÊNCIA DOS MATERIAIS BIOCOMPATÍVEIS	48			BASES COMPUTACIONAIS DA CIÊNCIA	24	TRANSFORMAÇÕES QUÍMICAS	60			BASES COMPUTACIONAIS DA CIÊNCIA	24	OFICINA DE ANÁLISE ECONÔMICA APLICADA	96			BASES COMPUTACIONAIS DA CIÊNCIA	24	FORMAÇÃO ECONÔMICA DO BRASIL	48			BASES COMPUTACIONAIS DA CIÊNCIA	24	ECONOMIA BRASILEIRA II	48			BASES COMPUTACIONAIS DA CIÊNCIA	24	POLÍTICAS SOCIAIS	48		
GEOMETRIA ANALITICA	36	TECNOLOGIA DOS PROCESSOS DE TRANSFORMACAO	96			BASE EXPERIMENTAL DAS CIENCIAS NATURAIS	36	FUNDAMENTOS DE ROBOTICA	48			ANALISE DE ALGORITMOS	48	AVALIACAO DE DESEMPENHO DE REDES	48			FENÔMENOS MECÂNICOS	60	SISTEMAS INTELIGENTES	48			ENG ENERGIA UFABC	48	MICROECONOMIA III	48			FENÔMENOS MECÂNICOS	60	FUNDAMENTOS DE CONVERSÃO DE ENERGIA ELÉTRICA	48			FENÔMENOS MECÂNICOS	60	OTIMIZAÇÃO EM REDES DE COMUNICAÇÃO	48			FENÔMENOS MECÂNICOS	60	LABORATÓRIO DE NAVEGAÇÃO INERCIAL E GNSS	24			FENOMENOS MECANICOS	60	TOPICOS EM ENGENHARIA DE PRODUCAO NA INDUSTRIA DE ALIMENTOS	48			FENÔMENOS MECÂNICOS	60	SEMINÁRIOS EM MATERIAIS AVANÇADOS	24			FENOMENOS MECANICOS	60	AVALIACAO DE TECNOLOGIAS EM SAUDE	24			BIODIVERSIDADE: INTERACOES ENTRE ORGANISMOS E AMBIENTE	36	BOTANICA ECONOMICA	48			FENOMENOS MECANICOS	60	AVALIACAO DE TECNOLOGIAS EM SAUDE	24			LABORATÓRIO DE MÁQUINAS ELÉTRICAS	24	TRANSMISSÃO DE ENERGIA ELÉTRICA EM CORRENTE CONTÍNUA	48			FENÔMENOS MECÂNICOS	60	VISÃO COMPUTACIONAL	48			FENÔMENOS MECÂNICOS	60	ANÁLISE DE SISTEMAS DINÂMICOS LINEARES	36			FENÔMENOS MECÂNICOS	60	INTRODUÇÃO À TEORIA DE HOMOLOGIA	48			FENÔMENOS MECÂNICOS	60	ENGENHARIA DE PETRÓLEO E GÁS	48			FENÔMENOS MECÂNICOS	60	BIOSSEGURANÇA	48			INTRODUÇÃO AO PENSAMENTO ECONÔMICO	36	BIOQUÍMICA: ESTRUTURA, PROPRIEDADES E FUNÇÕES DE BIOMOLÉCULAS	60			INTRODUÇÃO AO PENSAMENTO ECONÔMICO	36	OFICINAS EM ECONOMIA E HISTÓRIA DO ABC PAULISTA	96			INTRODUÇÃO AO PENSAMENTO ECONÔMICO	36	HISTÓRIA ECONÔMICA GERAL	48			INTRODUÇÃO AO PENSAMENTO ECONÔMICO	36	ECONOMIA INSTITUCIONAL	48			INTRODUÇÃO AO PENSAMENTO ECONÔMICO	36	AVALIAÇÃO E MONITORAMENTO DE POLÍTICAS PÚBLICAS	48		
FUNCOES DE UMA VARIAVEL	48	INSTRUMENTACAO E CONTROLE DE PROCESSOS DE TRANSFORMACAO	72			ESTRUTURA DA MATERIA	36	INTELIGENCIA ARTIFICIAL	48			PROGRAMACAO ORIENTADA A OBJETOS	48	BANCO DE DADOS DE APOIO A TOMADA DE DECISAO	48			BIODIVERSIDADE: INTERAÇÕES ENTRE ORGANISMOS E AMBIENTE	36	PLANEJAMENTO DE REDES DE INFORMAÇÃO	48			ALGEBRA LINEAR	72	MACROECONOMIA II	48			BIODIVERSIDADE: INTERAÇÕES ENTRE ORGANISMOS E AMBIENTE DA INFORMAÇÃO	36	INSTALAÇÕES ELÉTRICAS I	48			BIODIVERSIDADE: INTERAÇÕES ENTRE ORGANISMOS E AMBIENTE	36	FOTÔNICA	48			BIODIVERSIDADE: INTERAÇÕES ENTRE ORGANISMOS E AMBIENTE	36	MECÂNICA DOS SÓLIDOS II	48			BIODIVERSIDADE: INTERACOES ENTRE ORGANISMOS E AMBIENTE	36	TOPICOS EM ENGENHARIA DE PRODUCAO NA INDUSTRIA QUIMICA	48			BIODIVERSIDADE: INTERAÇÕES ENTRE ORGANISMOS E AMBIENTE	36	NANOCIÊNCIA E NANOTECNOLOGIA	24			BIODIVERSIDADE: INTERACOES ENTRE ORGANISMOS E AMBIENTE	36	CARACTERIZACAO BIOLOGICA DE DISPOSITIVOS MEDICOS	48			GEOMETRIA ANALITICA	36	BROMATOLOGIA E ANALISE DE ALIMENTOS	48			BIODIVERSIDADE: INTERACOES ENTRE ORGANISMOS E AMBIENTE	36	CARACTERIZACAO BIOLOGICA DE DISPOSITIVOS MEDICOS	48			INTRODUÇÃO AOS SISTEMAS ELÉTRICOS DE POTÊNCIA	48	FÍSICA DE REATORES NUCLEARES II	48			BIODIVERSIDADE: INTERAÇÕES ENTRE ORGANISMOS E AMBIENTE	36	INTRODUÇÃO À BIOTECNOLOGIA	48			BIODIVERSIDADE: INTERAÇÕES ENTRE ORGANISMOS E AMBIENTE	36	ELETROMAGNETISMO APLICADO	48			BIODIVERSIDADE: INTERAÇÕES ENTRE ORGANISMOS E AMBIENTE	36	INTRODUÇÃO À TEORIA GEOMÉTRICA DA MEDIDA	48			BIODIVERSIDADE: INTERAÇÕES ENTRE ORGANISMOS E AMBIENTE	36	ENGENHARIA DE BIOCOMBUSTÍVEIS	48			BIODIVERSIDADE: INTERAÇÕES ENTRE ORGANISMOS E AMBIENTE	36	PRINCÍPIOS DE ÉTICA EM SERVIÇOS DE SAÚDE	24			ESTADO E RELAÇÕES DE PODER	48	NATUREZA DA INFORMAÇÃO	36			ESTADO E RELAÇÕES DE PODER	48	FINANÇAS CORPORATIVAS	48			ESTADO E RELAÇÕES DE PODER	48	MACROECONOMIA I	48			ESTADO E RELAÇÕES DE PODER	48	FINANÇAS PÚBLICAS	48			ESTADO E RELAÇÕES DE PODER	48	ESTADO E DESENVOLVIMENTO ECONÔMICO NO BRASIL CONTEMPORÂNEO	48		
FUNCOES DE VARIAS VARIAVEIS	48	TEORIA DE CONJUNTOS BASICA	48			EVOLUCAO E DIVERSIFICACAO DA VIDA NA TERRA	36	PRINCIPIOS DE ADMINISTRACAO	24			SISTEMAS DIGITAIS	48	BASES CONCEITUAIS DA ENERGIA	24			NATUREZA DA INFORMAÇÃO	36	REDES WAN DE BANDA LARGA	48			METODOLOGIA DE PESQUISA EM CIENCIA DE DADOS	48	ECONOMETRIA I	48			FUNÇÕES DE UMA VARIÁVEL	48	INSTALAÇÕES ELÉTRICAS II	48			NATUREZA DA INFORMAÇÃO	36	SISTEMAS DE CONTROLE II	60			NATUREZA DA INFORMAÇÃO	36	DISPOSITIVOS ELETRÔNICOS	60			NATUREZA DA INFORMACAO	36	TOPICOS EM ENGENHARIA DE PRODUCAO NA INDUSTRIA TEXTIL	48			NATUREZA DA INFORMAÇÃO	36	QUÍMICA ORGÂNICA DE MATERIAIS E BIOMATERIAIS	72			NATUREZA DA INFORMACAO	36	ENGENHARIA DE TECIDOS	72			FUNCOES DE UMA VARIAVEL	48	CIENCIA DOS MATERIAIS	48			NATUREZA DA INFORMACAO	36	ENGENHARIA DE TECIDOS	72			FUNDAMENTOS DE SISTEMAS DINÂMICOS	48	ECONOMIA DE REATORES NUCLEARES	36			NATUREZA DA INFORMAÇÃO	36	INTRODUÇÃO À BIOINFORMÁTICA	48			NATUREZA DA INFORMAÇÃO	36	FÍSICA MÉDICA I	48			NATUREZA DA INFORMAÇÃO	36	INTRODUÇÃO À TOPOLOGIA DIFERENCIAL	48			NATUREZA DA INFORMAÇÃO	36	ECONOMIA DE EMPRESAS	24			NATUREZA DA INFORMAÇÃO	36	COMPUTAÇÃO CIENTÍFICA APLICADA A PROBLEMAS BIOLÓGICOS	48			FORMAÇÃO DO SISTEMA INTERNACIONAL	48	PROCESSAMENTO DA INFORMAÇÃO	60			FORMAÇÃO DO SISTEMA INTERNACIONAL	48	FINANÇAS PÚBLICAS	48			FORMAÇÃO DO SISTEMA INTERNACIONAL	48	ECONOMIA POLÍTICA	48			FORMAÇÃO DO SISTEMA INTERNACIONAL	48	FORMAÇÃO ECONÔMICA DO BRASIL	48			FORMAÇÃO DO SISTEMA INTERNACIONAL	48	GEOGRAFIA POLÍTICA	48		
INTRODUCAO AS EQUACOES DIFERENCIAIS ORDINARIAS	48	MODELAGEM DE SISTEMAS	48			BASES MATEMATICAS	48	PROGRAMACAO ESTRUTURADA	48			ALGEBRA LINEAR	72	CALCULO NUMERICO	48			FUNÇÕES DE UMA VARIÁVEL	48	GERENCIAMENTO E INTEROPERABILIDADE DE REDES	48			CALCULO NUMERICO	48	ECONOMETRIA II	48			GEOMETRIA ANALÍTICA	36	PROGRAMAÇÃO DE SOFTWARE EMBARCADO	48			FUNÇÕES DE UMA VARIÁVEL	48	INSTRUMENTAÇÃO E CONTROLE	48			FUNÇÕES DE UMA VARIÁVEL	48	CIRCUITOS ELÉTRICOS I	60			FUNCOES DE UMA VARIAVEL	48	ECONOMIA INDUSTRIAL	48			FUNÇÕES DE UMA VARIÁVEL	48	QUÍMICA INORGÂNICA DE MATERIAIS	72			FUNCOES DE UMA VARIAVEL	48	ERGONOMIA	48			FUNCOES DE VARIAS VARIAVEIS	48	CITOGENETICA BASICA	60			FUNCOES DE UMA VARIAVEL	48	ERGONOMIA	48			TRANSFERÊNCIA DE CALOR II	48	LABORATÓRIO DE ENGENHARIA SOLAR FOTOVOLTAICA	48			FUNÇÕES DE UMA VARIÁVEL	48	PROJETO E DESENVOLVIMENTO DE INTERFACES CÉREBRO-MÁQUINA	48			FUNÇÕES DE UMA VARIÁVEL	48	FÍSICA MÉDICA II	24			FUNÇÕES DE UMA VARIÁVEL	48	INTRODUÇÃO AOS PROCESSOS ESTOCÁSTICOS	48			FUNÇÕES DE UMA VARIÁVEL	48	ELABORAÇÃO, ANÁLISE E AVALIAÇÃO DE PROJETOS	48			FUNÇÕES DE UMA VARIÁVEL	48	BIOESTATÍSTICA	48			PENSAMENTO CRÍTICO	48	COMUNICAÇÃO E REDES	36			PENSAMENTO CRÍTICO	48	ECONOMIA BRASILEIRA CONTEMPORÂNEA	48			PENSAMENTO CRÍTICO	48	DESIGUALDADES DE RAÇA, GÊNERO E RENDA	48			PENSAMENTO CRÍTICO	48	HISTÓRIA ECONÔMICA GERAL	48			PENSAMENTO CRÍTICO	48	ELABORAÇÃO, ANÁLISE E AVALIAÇÃO DE PROJETOS	48		
INTRODUCAO A PROBABILIDADE E A ESTATISTICA	36	OTIMIZACAO	60			BASES COMPUTACIONAIS DA CIENCIA	24	REDES DE COMPUTADORES	48			ARQUITETURA DE COMPUTADORES	48	COMBINATORIA EXTREMAL	48			GEOMETRIA ANALÍTICA	36	PROGRAMAÇÃO DE DISPOSITIVOS MÓVEIS	24			INTRODUCAO A INFERENCIA ESTATISTICA	48	ECONOMETRIA III	48			FENÔMENOS TÉRMICOS	48	COMUNICAÇÕES ÓPTICAS	48			GEOMETRIA ANALÍTICA	36	TERMODINÂMICA APLICADA I	48			GEOMETRIA ANALÍTICA	36	CIRCUITOS ELÉTRICOS II	60			GEOMETRIA ANALITICA	36	MICROECONOMIA II	48			GEOMETRIA ANALÍTICA	36	ELEMENTOS FINITOS APLICADOS EM MATERIAIS	48			GEOMETRIA ANALITICA	36	FUNDAMENTOS DE ULTRASSOM	48			INTRODUCAO A PROBABILIDADE E A ESTATISTICA	36	CONSERVACAO DA BIODIVERSIDADE	48			GEOMETRIA ANALITICA	36	FUNDAMENTOS DE ULTRASSOM	48			ANÁLISE ECONÔMICA DE PROJETOS ENERGÉTICOS	48	ECONOMIA POLÍTICA INTERNACIONAL DA ENERGIA	48			GEOMETRIA ANALÍTICA	36	MODELAGEM E SIMULAÇÃO DO MOVIMENTO HUMANO	48			GEOMETRIA ANALÍTICA	36	FUNDAMENTOS DE CONVERSÃO DE ENERGIA ELÉTRICA	48			GEOMETRIA ANALÍTICA	36	INTRODUÇÃO ÀS ÁLGEBRAS NÃO ASSOCIATIVAS	48			GEOMETRIA ANALÍTICA	36	ENGENHARIA LABORAL	48			GEOMETRIA ANALÍTICA	36	ELABORAÇÃO, ANÁLISE E AVALIAÇÃO DE PROJETOS	48			CIÊNCIA, TECNOLOGIA E SOCIEDADE	36	FUNÇÕES DE UMA VARIÁVEL	48			CIÊNCIA, TECNOLOGIA E SOCIEDADE	36	ECONOMIA MONETÁRIA	48			CIÊNCIA, TECNOLOGIA E SOCIEDADE	36	MACROECONOMIA PÓS-KEYNESIANA	48			CIÊNCIA, TECNOLOGIA E SOCIEDADE	36	MACROECONOMIA I	48			CIÊNCIA, TECNOLOGIA E SOCIEDADE	36	CARTOGRAFIA E GEOPROCESSAMENTO	48		
NATUREZA DA INFORMACAO	36	INTRODUCAO A TEORIA DOS JOGOS	36			BIODIVERSIDADE: INTERACOES ENTRE ORGANISMOS E AMBIENTE	36	SISTEMAS OPERACIONAIS	48			ALGORITMOS EM GRAFOS	48	COMPUTACAO EVOLUTIVA E CONEXIONISTA	48			FENÔMENOS TÉRMICOS	48	JOGOS DIGITAIS: ASPECTOS TÉCNICOS E APLICAÇÕES	48			ANALISE MULTIVARIADA	72	DIREITO ADMINISTRATIVO	48			TRANSFORMAÇÕES QUÍMICAS	60	FENÔMENOS DE TRANSPORTE	48			FENÔMENOS TÉRMICOS	48	MECÂNICA DOS FLUIDOS I	48			FENÔMENOS TÉRMICOS	48	ELETRÔNICA ANALÓGICA APLICADA	60			FENOMENOS TERMICOS	48	MODELAGEM DE SISTEMAS DINAMICOS I	48			FENÔMENOS TÉRMICOS	48	DINÂMICA MOLECULAR E MONTE CARLO	48			FENOMENOS TERMICOS	48	GESTAO DE TECNOLOGIA HOSPITALAR	48			NATUREZA DA INFORMACAO	36	DIVULGACAO CIENTIFICA EM BIOTECNOLOGIA	48			FENOMENOS TERMICOS	48	GESTAO DE TECNOLOGIA HOSPITALAR	48			OPERAÇÃO DE SISTEMAS ELÉTRICOS DE POTÊNCIA	48	SOLUÇÕES PARA DESAFIOS EM ENGENHARIA	24			FENÔMENOS TÉRMICOS	48	EMPREENDEDORISMO	48			FENÔMENOS TÉRMICOS	48	TRANSFORMADAS EM SINAIS E SISTEMAS LINEARES	48			FENÔMENOS TÉRMICOS	48	MÉTODOS NUMÉRICOS PARA EDOS	48			FENÔMENOS TÉRMICOS	48	INOVAÇÃO TECNOLÓGICA	48			FENÔMENOS TÉRMICOS	48	CARTOGRAFIA E GEOPROCESSAMENTO	48			BIODIVERSIDADE: INTERAÇÕES ENTRE ORGANISMOS E AMBIENTE	36	GEOMETRIA ANALÍTICA	36			BIODIVERSIDADE: INTERAÇÕES ENTRE ORGANISMOS E AMBIENTE	36	QUESTÕES METODOLÓGICAS EM ECONOMIA	48			BIODIVERSIDADE: INTERAÇÕES ENTRE ORGANISMOS E AMBIENTE	36	ECONOMIA DO MEIO AMBIENTE	48			BIODIVERSIDADE: INTERAÇÕES ENTRE ORGANISMOS E AMBIENTE	36	ECONOMIA POLÍTICA	48			BIODIVERSIDADE: INTERAÇÕES ENTRE ORGANISMOS E AMBIENTE	36	HABITAÇÃO E ASSENTAMENTOS HUMANOS	48		
PROCESSAMENTO DA INFORMACAO	48	METODOS MATEMATICOS I	48			NATUREZA DA INFORMACAO	36	ACIONAMENTOS ELETRICOS	60			BANCO DE DADOS	48	DESENVOLVIMENTO GUIADO POR TIPOS	48			TRANSFORMAÇÕES QUÍMICAS	60	OTIMIZAÇÃO LINEAR	48			INTRODUCAO A ESTATISTICA BAYESIANA	48	POLITICAS DIGITAIS, DADOS E GESTAO ALGORITMICA	48			PROCESSAMENTO DA INFORMAÇÃO	48	DINÂMICA I	48			TRANSFORMAÇÕES QUÍMICAS	60	LÓGICA PROGRAMÁVEL	48			TRANSFORMAÇÕES QUÍMICAS	60	SISTEMAS CAD/CAM	48			TRANSFORMACOES QUIMICAS	60	INSTALACOES ELETRICAS I	48			TRANSFORMAÇÕES QUÍMICAS	60	DIAGRAMAS DE FASE	48			TRANSFORMACOES QUIMICAS	60	INTRODUCAO A MECANICA BIOFLUIDICA	48			PROCESSAMENTO DA INFORMACAO	48	ECOLOGIA COMPORTAMENTAL	48			TRANSFORMACOES QUIMICAS	60	INTRODUCAO A MECANICA BIOFLUIDICA	48			LABORATÓRIO DE CALOR E FLUIDOS	24	INOVAÇÕES PARA ENGENHARIA	24			TRANSFORMAÇÕES QUÍMICAS	60	INTRODUÇÃO À LINGUÍSTICA COMPUTACIONAL	48			TRANSFORMAÇÕES QUÍMICAS	60	ESTADO SÓLIDO	48			TRANSFORMAÇÕES QUÍMICAS	60	MÉTODOS NUMÉRICOS PARA EDPS	48			TRANSFORMAÇÕES QUÍMICAS	60	PLANEJAMENTO E CONTROLE DA PRODUÇÃO	72			TRANSFORMAÇÕES QUÍMICAS	60	CLIMATOLOGIA	36			ÉTICA E JUSTIÇA	48	INTRODUÇÃO ÀS EQUAÇÕES DIFERENCIAIS ORDINÁRIAS	48			ÉTICA E JUSTIÇA	48	CIDADANIA, DIREITOS E DESIGUALDADES	48			ÉTICA E JUSTIÇA	48	RELAÇÕES MONETÁRIAS E FINANCEIRAS INTERNACIONAIS	48			ÉTICA E JUSTIÇA	48	DESIGUALDADES DE RAÇA, GÊNERO E RENDA	48			ÉTICA E JUSTIÇA	48	TRANSPORTES E MOBILIDADE URBANA	24		
COMUNICACAO E REDES	36	INTERACOES ATOMICAS E MOLECULARES	36			FUNCOES DE UMA VARIAVEL	48	AERODINAMICA I	48			LINGUAGENS FORMAIS E AUTOMATA	48	EMPREENDEDORISMO	48			PROCESSAMENTO DA INFORMAÇÃO	48	IMPLEMENTAÇÃO DE BANCOS DE DADOS	48			MODELAGEM DE BANCO DE DADOS	48	CARTOGRAFIA E GEOPROCESSAMENTO PARA O PLANEJAMENTO TERRITORIAL	60			FUNÇÕES DE VÁRIAS VARIÁVEIS	48	VIBRAÇÕES	48			PROCESSAMENTO DA INFORMAÇÃO	48	VISÃO COMPUTACIONAL	48			PROCESSAMENTO DA INFORMAÇÃO	48	MÁQUINAS ELÉTRICAS	48			PROCESSAMENTO DA INFORMACAO	48	ANALISE ECONOMICA DE PROJETOS ENERGETICOS	48			PROCESSAMENTO DA INFORMAÇÃO	48	MÉTODOS COMPUTACIONAIS PARA O ESTUDO DE BIOMOLÉCULAS	48			PROCESSAMENTO DA INFORMACAO	48	INTRODUCAO A PROGRAMACAO AVANCADA PARA ENGENHARIA	48			COMUNICACAO E REDES	36	ECOLOGIA VEGETAL	48			PROCESSAMENTO DA INFORMACAO	48	INTRODUCAO A PROGRAMACAO AVANCADA PARA ENGENHARIA	48			INSTALAÇÕES ELÉTRICAS II	48	REOLOGIA	48			PROCESSAMENTO DA INFORMAÇÃO	48	ALGORITMOS E ESTRUTURAS DE DADOS I	48			PROCESSAMENTO DA INFORMAÇÃO	48	TÓPICOS COMPUTACIONAIS EM MATERIAIS	48			PROCESSAMENTO DA INFORMAÇÃO	48	MODELAGEM MATEMÁTICA EM ECOLOGIA E EVOLUÇÃO	48			PROCESSAMENTO DA INFORMAÇÃO	48	QUALIDADE EM SISTEMAS	48			PROCESSAMENTO DA INFORMAÇÃO	48	MICROBIOLOGIA AMBIENTAL	48			ESTUDOS ÉTNICO-RACIAIS	36	FUNÇÕES DE VÁRIAS VARIÁVEIS	48			ESTUDOS ÉTNICO-RACIAIS	36	GOVERNO, BUROCRACIA E ADMINISTRAÇÃO PÚBLICA	48			ESTUDOS ÉTNICO-RACIAIS	36	CIDADANIA, DIREITOS E DESIGUALDADES	48			ESTUDOS ÉTNICO-RACIAIS	36	ECONOMETRIA I	48			ESTUDOS ÉTNICO-RACIAIS	36	AVALIAÇÃO DE IMPACTOS AMBIENTAIS	48		
ESTRUTURA DA MATERIA	36	PRATICAS EXTENSIONISTAS EM GENERO, DIVERSIDADE E RACA	36			GEOMETRIA ANALITICA	36	AEROELASTICIDADE	48			ENGENHARIA DE SOFTWARE	48	EMPREENDEDORISMO E DESENVOLVIMENTO DE NEGOCIOS	48			FUNÇÕES DE VÁRIAS VARIÁVEIS	48	ANÉIS E CORPOS	48			PSICOLOGIA COGNITIVA	48	ANALISE DE DADOS PARA O PLANEJAMENTO TERRITORIAL	48			FENÔMENOS ELETROMAGNÉTICOS	60	PESQUISA OPERACIONAL	48			FUNÇÕES DE VÁRIAS VARIÁVEIS	48	FILTRAGEM ADAPTATIVA	48			FUNÇÕES DE VÁRIAS VARIÁVEIS	48	LABORATÓRIO DE MÁQUINAS ELÉTRICAS	24			FUNCOES DE VARIAS VARIAVEIS	48	INOVACAO TECNOLOGICA	48			FUNÇÕES DE VÁRIAS VARIÁVEIS	48	PRINCÍPIOS MOLECULARES EM BIOMATERIAIS	48			FUNCOES DE VARIAS VARIAVEIS	48	PROCESSAMENTO E ANALISE DE FALHAS EM BIOMATERIAIS	48			ESTRUTURA DA MATERIA	36	ECONOMIA DA INOVACAO TECNOLOGICA	48			FUNCOES DE VARIAS VARIAVEIS	48	PROCESSAMENTO E ANALISE DE FALHAS EM BIOMATERIAIS	48			FUNDAMENTOS DE MÁQUINAS TÉRMICAS	48	CIRCUITOS ELÉTRICOS E FOTÔNICA	48			FUNÇÕES DE VÁRIAS VARIÁVEIS	48	INTELIGÊNCIA ARTIFICIAL	48			FUNÇÕES DE VÁRIAS VARIÁVEIS	48	CIÊNCIA DOS MATERIAIS	48			FUNÇÕES DE VÁRIAS VARIÁVEIS	48	MODELOS MATEMÁTICOS EM EPIDEMIOLOGIA	48			FUNÇÕES DE VÁRIAS VARIÁVEIS	48	INTRODUÇÃO AOS PROCESSOS DE FABRICAÇÃO METAL MECÂNICO	72			FUNÇÕES DE VÁRIAS VARIÁVEIS	48	POLUIÇÃO ATMOSFÉRICA	36			TERRITÓRIO E SOCIEDADE	48	BASE EXPERIMENTAL DAS CIÊNCIAS NATURAIS	36			TERRITÓRIO E SOCIEDADE	48	INTRODUÇÃO AO DIREITO CONSTITUCIONAL	48			TERRITÓRIO E SOCIEDADE	48	CONFLITOS SOCIAIS	48			TERRITÓRIO E SOCIEDADE	48	ECONOMETRIA II	48			TERRITÓRIO E SOCIEDADE	48	PROJETO AMBIENTAL URBANO	48		
FISICA QUANTICA	36	PRATICAS EXTENSIONISTAS EM LETRAMENTO DIGITAL	48			TRANSFORMACOES QUIMICAS	60	AERONAUTICA I-A	48			PARADIGMAS DE PROGRAMACAO	48	ESTAGIO SUPERVISIONADO EM COMPUTACAO	48			FENÔMENOS ELETROMAGNÉTICOS	60	CÁLCULO NUMÉRICO	48			APRENDIZADO DE MAQUINA	48	PESQUISA OPERACIONAL	72			COMUNICAÇÃO E REDES	36	CONTROLE ROBUSTO MULTIVARIÁVEL	48			FENÔMENOS ELETROMAGNÉTICOS	60	PROCESSAMENTO DE INFORMAÇÃO EM LÍNGUAS NATURAIS	48			FENÔMENOS ELETROMAGNÉTICOS	60	PROJETO ASSISTIDO POR COMPUTADOR	24			FENOMENOS ELETROMAGNETICOS	60	PROPRIEDADE INTELECTUAL	48			INTRODUÇÃO ÀS ENGENHARIAS	24	TÓPICOS EXPERIMENTAIS EM MATERIAIS II	48			INTRODUCAO AS ENGENHARIAS	24	PROJETO E ANALISE DE PROTESES E ORTESES	48			FISICA QUANTICA	36	ECONOMIA DO MEIO AMBIENTE	48			FENOMENOS ELETROMAGNETICOS	60	PROJETO E ANALISE DE PROTESES E ORTESES	48			ENGENHARIA DE COMBUSTÍVEIS FÓSSEIS	48	INSTRUMENTAÇÃO E CONTROLE	48			FENÔMENOS ELETROMAGNÉTICOS	60	LINGUAGENS FORMAIS E AUTÔMATA	48			FENÔMENOS ELETROMAGNÉTICOS	60	MATERIAIS POLIMÉRICOS	48			FENÔMENOS ELETROMAGNÉTICOS	60	TEORIA DA REGULARIDADE	48			FENÔMENOS ELETROMAGNÉTICOS	60	SISTEMAS E PROCESSOS DE PRODUÇÃO	48			FENÔMENOS ELETROMAGNÉTICOS	60	SAÚDE AMBIENTAL	24			BASES MATEMÁTICAS	48	ANÁLISE DE CONJUNTURA INTERNACIONAL	96			BASES MATEMÁTICAS	48	INTRODUÇÃO ÀS POLÍTICAS PÚBLICAS	48			BASES MATEMÁTICAS	48	INTRODUÇÃO AO DIREITO CONSTITUCIONAL	48			BASES MATEMÁTICAS	48	ECONOMETRIA III	48			BASES MATEMÁTICAS	48	ANÁLISE ECONÔMICA DE PROJETOS	48		
BIOQUIMICA: ESTRUTURA, PROPRIEDADES E FUNCOES DE BIOMOLECULAS	60	INTRODUCAO AS HUMANIDADES E AS CIENCIAS SOCIAIS	24			PROCESSAMENTO DA INFORMACAO	48	ALGEBRA LINEAR	72			SISTEMAS DISTRIBUIDOS	48	ESTAGIO SUPERVISIONADO EM COMPUTACAO I	36			COMUNICAÇÃO E REDES	36	GRUPOS	48			ANALISE DE REGRESSAO	48	PLANEJAMENTO E CONTROLE DA PRODUCAO	72			INTRODUÇÃO ÀS EQUAÇÕES DIFERENCIAIS ORDINÁRIAS	48	CONTROLE NÃO-LINEAR	48			COMUNICAÇÃO E REDES	36	SIMULAÇÃO DE SISTEMAS DE COMUNICAÇÃO	48			COMUNICAÇÃO E REDES	36	INTRODUÇÃO AO CONTROLE DISCRETO	36			COMUNICACAO E REDES	36	TEORIA DE FILAS E ANALISE DE DESEMPENHO	48			FENÔMENOS ELETROMAGNÉTICOS	60	TECNOLOGIA DE ELASTÔMEROS	48			FENOMENOS ELETROMAGNETICOS	60	TOPICOS AVANCADOS EM BIOMATERIAIS METALICOS	24			BIOQUIMICA: ESTRUTURA, PROPRIEDADES E FUNCOES DE BIOMOLECULAS	60	EDUCACAO AMBIENTAL	48			COMUNICACAO E REDES	36	TOPICOS AVANCADOS EM BIOMATERIAIS METALICOS	24			ENGENHARIA DE RECURSOS HÍDRICOS	48	FENÔMENOS DE TRANSPORTE	48			COMUNICAÇÃO E REDES	36	BANCO DE DADOS	48			COMUNICAÇÃO E REDES	36	TERMODINÂMICA ESTATÍSTICA DE MATERIAIS	48			COMUNICAÇÃO E REDES	36	TEORIA DE MÓDULOS	48			COMUNICAÇÃO E REDES	36	ORGANIZAÇÃO DO TRABALHO	24			COMUNICAÇÃO E REDES	36	BIOMAS BRASILEIROS	36			DESENVOLVIMENTO E SUSTENTABILIDADE	48	DIÁLOGOS INTERDISCIPLINARES	48			DESENVOLVIMENTO E SUSTENTABILIDADE	48	POLÍTICAS SOCIAIS	48			DESENVOLVIMENTO E SUSTENTABILIDADE	48	INTRODUÇÃO ÀS POLÍTICAS PÚBLICAS	48			DESENVOLVIMENTO E SUSTENTABILIDADE	48	TEMAS CONTEMPORÂNEOS	48			DESENVOLVIMENTO E SUSTENTABILIDADE	48	CAPITALISMO CONTEMPORÂNEO	48		
BASES EPISTEMOLÓGICAS DA CIÊNCIA MODERNA	36	INTRODUCAO AO PENSAMENTO ECONOMICO	36			FUNCOES DE VARIAS VARIAVEIS	48	ALGEBRA LINEAR AVANCADA I	48			PROGRAMACAO MATEMATICA	48	ESTAGIO SUPERVISIONADO EM COMPUTACAO II	36			INTRODUÇÃO ÀS EQUAÇÕES DIFERENCIAIS ORDINÁRIAS	48	NEUROCIÊNCIA TEÓRICA E COMPUTACIONAL	48			SERIES TEMPORAIS	48	TEORIA DA INFORMACAO E CODIGOS	48			INTRODUÇÃO À PROBABILIDADE E À ESTATÍSTICA	36	PROCESSADORES DIGITAIS EM CONTROLE E AUTOMAÇÃO	48			INTRODUÇÃO ÀS EQUAÇÕES DIFERENCIAIS ORDINÁRIAS	48	INFORMÁTICA INDUSTRIAL	48			INTRODUÇÃO ÀS EQUAÇÕES DIFERENCIAIS ORDINÁRIAS	48	INTRODUÇÃO AOS PROCESSOS DE FABRICAÇÃO	48			INTRODUCAO AS EQUACOES DIFERENCIAIS ORDINARIAS	48	MECANICA DOS FLUIDOS I	48			COMUNICAÇÃO E REDES	36	ENGENHARIA DE POLÍMEROS	48			COMUNICACAO E REDES	36	DISPOSITIVOS ELETRONICOS	60			BASES EPISTEMOLOGICAS DA CIENCIA MODERNA	36	ENGENHARIA DE BIOCOMBUSTIVEIS	48			INTRODUCAO AS EQUACOES DIFERENCIAIS ORDINARIAS	48	DISPOSITIVOS ELETRONICOS	60			ENGENHARIA SOLAR TÉRMICA	48	MÉTODOS EXPERIMENTAIS EM ENGENHARIA	48			INTRODUÇÃO ÀS EQUAÇÕES DIFERENCIAIS ORDINÁRIAS	48	ÁLGEBRA LINEAR	72			INTRODUÇÃO ÀS EQUAÇÕES DIFERENCIAIS ORDINÁRIAS	48	PROPRIEDADES MECÂNICAS E TÉRMICAS	48			INTRODUÇÃO ÀS EQUAÇÕES DIFERENCIAIS ORDINÁRIAS	48	TEORIA DE SEMIGRUPOS	48			INTRODUÇÃO ÀS EQUAÇÕES DIFERENCIAIS ORDINÁRIAS	48	PROPRIEDADE INTELECTUAL	48			INTRODUÇÃO ÀS EQUAÇÕES DIFERENCIAIS ORDINÁRIAS	48	AVALIAÇÃO DE IMPACTOS AMBIENTAIS	48			INTRODUÇÃO À ECONOMIA	36	ARENAS E PROBLEMAS PÚBLICOS	96			INTRODUÇÃO À ECONOMIA	36	TRAJETÓRIAS DAS POLÍTICAS DE CT&I NO BRASIL	48			INTRODUÇÃO À ECONOMIA	36	MÉTODOS QUANTITATIVOS PARA CIÊNCIAS SOCIAIS	48			INTRODUÇÃO À ECONOMIA	36	TEMAS DE DIREITO INTERNACIONAL PÚBLICO	48			INTRODUÇÃO À ECONOMIA	36	INSTITUIÇÕES JUDICIAIS E POLÍTICAS PÚBLICAS	48		
ESTRUTURA E DINAMICA SOCIAL	36	ESTADO E RELACOES DE PODER	48			INTRODUCAO A PROBABILIDADE E A ESTATISTICA	36	ALGEBRA LINEAR AVANCADA II	48			SEGURANCA DE DADOS	48	ESTAGIO SUPERVISIONADO EM COMPUTACAO III	48			INTRODUÇÃO À PROBABILIDADE E À ESTATÍSTICA	36	PROCESSAMENTO DE SINAIS NEURAIS	48			MINERACAO DE DADOS	48	PRINCIPIOS DE ADMINISTRACAO	24			FÍSICA QUÂNTICA	36	TEORIA DE CONTROLE ÓTIMO	36			INTRODUÇÃO À PROBABILIDADE E À ESTATÍSTICA	36	SISTEMAS INTELIGENTES	48			INTRODUÇÃO À PROBABILIDADE E À ESTATÍSTICA	36	ELETRÔNICA DIGITAL	72			INTRODUCAO A PROBABILIDADE E A ESTATISTICA	36	TERMODINAMICA APLICADA	48			INTRODUÇÃO ÀS EQUAÇÕES DIFERENCIAIS ORDINÁRIAS	48	SÍNTESE DE POLÍMEROS	48			INTRODUCAO AS EQUACOES DIFERENCIAIS ORDINARIAS	48	ELETRONICA ANALOGICA APLICADA	60			ESTRUTURA E DINAMICA SOCIAL	36	ENGENHARIA DE COMBUSTIVEIS FOSSEIS	48			INTRODUCAO A PROBABILIDADE E A ESTATISTICA	36	ELETRONICA ANALOGICA APLICADA	60			LABORATÓRIO DE MÁQUINAS TÉRMICAS E HIDRÁULICAS	24	TRANSFERÊNCIA DE MASSA	48			INTRODUÇÃO À PROBABILIDADE E À ESTATÍSTICA	36	CÁLCULO NUMÉRICO	48			INTRODUÇÃO À PROBABILIDADE E À ESTATÍSTICA	36	CARACTERIZAÇÃO DE MATERIAIS	48			INTRODUÇÃO À PROBABILIDADE E À ESTATÍSTICA	36	TÓPICOS EM ESPAÇOS DE SOBOLEV	48			INTRODUÇÃO À PROBABILIDADE E À ESTATÍSTICA	36	CIÊNCIA DOS MATERIAIS	48			INTRODUÇÃO À PROBABILIDADE E À ESTATÍSTICA	36	CARACTERIZAÇÃO DE MATRIZES AMBIENTAIS	36			ESTUDOS DE GÊNERO	36	TÓPICOS AVANÇADOS DE CIÊNCIAS E HUMANIDADES	48			ESTUDOS DE GÊNERO	36	CULTURA POLÍTICA	48			ESTUDOS DE GÊNERO	36	POLÍTICAS SOCIAIS	48			ESTUDOS DE GÊNERO	36	ECONOMIA POLÍTICA INTERNACIONAL DA SEGURANÇA ALIMENTAR	48			ESTUDOS DE GÊNERO	36	POLÍTICAS PÚBLICAS DE INTERVENÇÃO TERRITORIAL NO BRASIL	48		
CIENCIA, TECNOLOGIA E SOCIEDADE	36	DESENVOLVIMENTO E SUSTENTABILIDADE	48			FISICA QUANTICA	36	ALGEBRA NA EDUCACAO BASICA	24			BASE EXPERIMENTAL DAS CIENCIAS NATURAIS	36	GERENCIAMENTO E INTEROPERABILIDADE DE REDES	48			MATEMÁTICA DISCRETA	48	ANÁLISE DE PROJETO	24			INTRODUCAO AOS PROCESSOS ESTOCASTICOS	48	ENGENHARIA ECONOMICA	48			BIOQUÍMICA: ESTRUTURA, PROPRIEDADES E FUNÇÕES DE BIOMOLÉCULAS	60	CONFIABILIDADE DE COMPONENTES E SISTEMAS	36			INTRODUÇÃO ÀS ENGENHARIAS	24	PROJETO DE FILTROS DIGITAIS	48			MATERIAIS E SUAS PROPRIEDADES	48	PROCESSAMENTO DIGITAL DE SINAIS	48			FISICA QUANTICA	36	MECANICA DOS FLUIDOS I	48			INTRODUÇÃO À PROBABILIDADE E À ESTATÍSTICA	36	REOLOGIA II	24			INTRODUCAO A PROBABILIDADE E A ESTATISTICA	36	ELETROMAGNETISMO APLICADO	48			CIENCIA, TECNOLOGIA E SOCIEDADE	36	ENGENHARIA DE PETROLEO E GAS	48			INTRODUCAO AS ENGENHARIAS	24	ELETROMAGNETISMO APLICADO	48			ENGENHARIA DE PETRÓLEO E GÁS	48	ELETRÔNICA DE POTÊNCIA I	60			FÍSICA QUÂNTICA	36	APRENDIZADO DE MÁQUINA	48			ÓPTICA E RELATIVIDADE	48	TERMODINÂMICA DE MATERIAIS	48			MATEMÁTICA DISCRETA	48	TÓPICOS EM TOPOLOGIA GERAL	48			FUNDAMENTOS DE QUÍMICA	24	MATERIAIS POLIMÉRICOS	48			FÍSICA QUÂNTICA	36	RECUPERAÇÃO DE ÁREAS DEGRADADAS	36			INTRODUÇÃO À PROBABILIDADE E À ESTATÍSTICA	36	DIÁLOGOS EXTENSIONISTAS EM ECONOMIA	96			INTRODUÇÃO À PROBABILIDADE E À ESTATÍSTICA	36	AVALIAÇÃO E MONITORAMENTO DE POLÍTICAS PÚBLICAS	48			INTRODUÇÃO À PROBABILIDADE E À ESTATÍSTICA	36	REGIMES E FORMAS DE GOVERNO	48			INTRODUÇÃO À PROBABILIDADE E À ESTATÍSTICA	36	FORMAÇÃO HISTÓRICA DA AMÉRICA LATINA	48			INTRODUÇÃO À PROBABILIDADE E À ESTATÍSTICA	36	MEIO AMBIENTE E POLÍTICAS PÚBLICAS	48		
BASE EXPERIMENTAL DAS CIENCIAS NATURAIS	36	INTRODUCAO A ECONOMIA	36			BIOQUIMICA: ESTRUTURA, PROPRIEDADES E FUNCOES DE BIOMOLECULAS	60	ANALISE DE ALGORITMOS	48			ESTRUTURA DA MATERIA	36	GESTAO DE PROJETOS DE SOFTWARE	48			FÍSICA QUÂNTICA	36	APRENDIZADO DE MÁQUINA	48			OTIMIZACAO LINEAR	48	CARTOGRAFIA E GEOPROCESSAMENTO	48			CIÊNCIA, TECNOLOGIA E SOCIEDADE	36	CIRCUITOS HIDRÁULICOS E PNEUMÁTICOS	48			FÍSICA QUÂNTICA	36	TECNOLOGIA DE REDES ÓPTICAS	48			FÍSICA QUÂNTICA	36	SISTEMAS MICROPROCESSADOS	48			BIOQUIMICA: ESTRUTURA, PROPRIEDADES E FUNCOES DE BIOMOLECULAS	60	VIBRACOES	48			FÍSICA QUÂNTICA	36	MATÉRIAS PRIMAS CERÂMICAS	48			MATERIAIS E SUAS PROPRIEDADES	48	METODOS MATEMATICOS APLICADOS A SISTEMAS BIOMEDICOS	72			BASE EXPERIMENTAL DAS CIENCIAS NATURAIS	36	ESPECTROSCOPIA	72			FISICA QUANTICA	36	METODOS MATEMATICOS APLICADOS A SISTEMAS BIOMEDICOS	72			ENGENHARIA SOLAR FOTOVOLTAICA	48	ELETRÔNICA DE POTÊNCIA II	60			BIOQUÍMICA: ESTRUTURA, PROPRIEDADES E FUNÇÕES DE BIOMOLÉCULAS	60	BANCO DE DADOS DE APOIO À TOMADA DE DECISÃO	48			FÍSICA QUÂNTICA	36	PROPRIEDADES ELÉTRICAS, MAGNÉTICAS E ÓPTICAS	48			FÍSICA QUÂNTICA	36	TRABALHO DE CONCLUSÃO DE CURSO EM MATEMÁTICA	144			FÍSICA QUÂNTICA	36	SELEÇÃO DE MATERIAIS	48			BIOQUÍMICA: ESTRUTURA, PROPRIEDADES E FUNÇÕES DE BIOMOLÉCULAS	60	RESÍDUOS SÓLIDOS	36			BASES EPISTEMOLÓGICAS DA CIÊNCIA MODERNA	36	ATIVIDADES DA TEORIA	48			BASES EPISTEMOLÓGICAS DA CIÊNCIA MODERNA	36	ANÁLISE DA CONJUNTURA INTERNACIONAL CONTEMPORÂNEA	48			BASES EPISTEMOLÓGICAS DA CIÊNCIA MODERNA	36	TEMAS CONTEMPORÂNEOS	48			BASES EPISTEMOLÓGICAS DA CIÊNCIA MODERNA	36	GEOPOLÍTICA	48			BASES EPISTEMOLÓGICAS DA CIÊNCIA MODERNA	36	DINÂMICA E DESAFIOS DOS PROCESSOS MIGRATÓRIOS	48		
BASES COMPUTACIONAIS DA CIENCIA	24	FORMACAO DO SISTEMA INTERNACIONAL	48			ESTRUTURA E DINAMICA SOCIAL	36	ANALISE DE FOURIER E APLICACOES	48			EVOLUCAO E DIVERSIFICACAO DA VIDA NA TERRA	36	GESTAO ESTRATEGICA E ORGANIZACIONAL	24			BIOQUÍMICA: ESTRUTURA, PROPRIEDADES E FUNÇÕES DE BIOMOLÉCULAS	60	ARQUITETURA DE COMPUTADORES DE ALTO DESEMPENHO	48			TRABALHO DE CONCLUSAO DE CURSO EM CIENCIA DE DADOS	144	ANALISE DE SISTEMAS E MODELAGEM AMBIENTAL	36			FUNDAMENTOS DE DESENHO TÉCNICO	24	REDES DE BARRAMENTO DE CAMPO	36			BIOQUÍMICA: ESTRUTURA, PROPRIEDADES E FUNÇÕES DE BIOMOLÉCULAS	60	SISTEMAS DE MICRO-ONDAS	48			BIOQUÍMICA: ESTRUTURA, PROPRIEDADES E FUNÇÕES DE BIOMOLÉCULAS	60	INSTRUMENTAÇÃO E CONTROLE	48			CIENCIA, TECNOLOGIA E SOCIEDADE	36	TECNICAS DE ANALISE ESTRUTURAL E PROJETO	48			BIOQUÍMICA: ESTRUTURA, PROPRIEDADES E FUNÇÕES DE BIOMOLÉCULAS	60	CERÂMICAS ESPECIAIS E REFRATÁRIAS	48			FISICA QUANTICA	36	SISTEMAS CAD/CAE	48			BASES COMPUTACIONAIS DA CIENCIA	24	ESTUDOS DE GENERO	36			BIOQUIMICA: ESTRUTURA, PROPRIEDADES E FUNCOES DE BIOMOLECULAS	60	SISTEMAS CAD/CAE	48			BASE EXPERIMENTAL DAS CIÊNCIAS NATURAIS	36	NORMAS DE SEGURANÇA PARA SISTEMAS ENERGÉTICOS	24			CIÊNCIA, TECNOLOGIA E SOCIEDADE	36	COMPUTAÇÃO EVOLUTIVA E CONEXIONISTA	48			ÁLGEBRA LINEAR	72	CIRCUITOS ELÉTRICOS E FOTÔNICA	48			BIOQUÍMICA: ESTRUTURA, PROPRIEDADES E FUNÇÕES DE BIOMOLÉCULAS	60	FIBRADOS E CONEXÕES	48			BIOQUÍMICA: ESTRUTURA, PROPRIEDADES E FUNÇÕES DE BIOMOLÉCULAS	60	REOLOGIA	48			CIÊNCIA, TECNOLOGIA E SOCIEDADE	36	SISTEMAS DE TRATAMENTO DE ÁGUA	36			PRÁTICAS EM CIÊNCIAS E HUMANIDADES	36	ENCONTROS SOBRE GÊNERO E SEXUALIDADES	96			FUNÇÕES DE UMA VARIÁVEL	48	ECONOMIA POLÍTICA DA SEGURANÇA ALIMENTAR GLOBAL	48			FORMAÇÃO HISTÓRICA DA AMÉRICA LATINA	48	TRAJETÓRIAS DAS POLÍTICAS DE CT&I NO BRASIL	48			CIDADANIA, DIREITOS E DESIGUALDADES	48	INTEGRAÇÃO REGIONAL TEORIAS E EXPERIÊNCIAS	48			ARRANJOS INSTITUCIONAIS E MARCO REGULATÓRIO DO TERRITÓRIO	24	REGIMES DE NEGOCIAÇÃO AMBIENTAL INTERNACIONAL E A ATUAÇÃO BRASILEIRA	48		
BASES MATEMATICAS	48	ETICA E JUSTICA	48			CIENCIA, TECNOLOGIA E SOCIEDADE	36	ANALISE DE PROJETO	24			BASES MATEMATICAS	48	GRUPOS	48			CIÊNCIA, TECNOLOGIA E SOCIEDADE	36	AVALIAÇÃO DE DESEMPENHO DE REDES	48			BASE EXPERIMENTAL DAS CIENCIAS NATURAIS	36	VISAO COMPUTACIONAL	48			ÁLGEBRA LINEAR	72	ELETRÔNICA DE POTÊNCIA I	60			CIÊNCIA, TECNOLOGIA E SOCIEDADE	36	PLANEJAMENTO DE REDES DE INFORMAÇÃO	48			CIÊNCIA, TECNOLOGIA E SOCIEDADE	36	FENÔMENOS DE TRANSPORTE	48			CALCULO NUMERICO	48	ANALISE DE SISTEMAS E MODELAGEM AMBIENTAL	36			CIÊNCIA, TECNOLOGIA E SOCIEDADE	36	METALURGIA FÍSICA	48			BIOQUIMICA: ESTRUTURA, PROPRIEDADES E FUNCOES DE BIOMOLECULAS	60	ELETRONICA DIGITAL	72			PROJETO DIRIGIDO	24	ESTUDOS ETNICO-RACIAIS	36			CIENCIA, TECNOLOGIA E SOCIEDADE	36	ELETRONICA DIGITAL	72			BASE EXPERIMENTAL DAS CIÊNCIAS NATURAIS	36	ANÁLISE DE REDES DE TRANSPORTE E DISTRIBUIÇÃO DE ENERGIA	48			INTRODUÇÃO À NEUROCIÊNCIA	48	EMPREENDEDORISMO E DESENVOLVIMENTO DE NEGÓCIOS	48			FÍSICA EXPERIMENTAL I	48	MATERIAIS E SUAS PROPRIEDADES	48			CIÊNCIA, TECNOLOGIA E SOCIEDADE	36	ANÁLISE DE ALGORITMOS I	48			CIÊNCIA, TECNOLOGIA E SOCIEDADE	36	INSTRUMENTAÇÃO E CONTROLE	48			SISTEMÁTICA E BIOGEOGRAFIA	48	TRATAMENTO DE ÁGUAS URBANAS SERVIDAS	36					FILOSOFIA E SOCIEDADE CIVIL EM MOVIMENTO(S)	96			CONTABILIDADE BÁSICA	48	ECONOMIA POLÍTICA INTERNACIONAL DA ENERGIA	48			INTRODUÇÃO AO DIREITO E FUNDAMENTOS DO DIREITO INTERNACIONAL	48	CULTURA POLÍTICA	48			INTRODUÇÃO ÀS POLÍTICAS PÚBLICAS	48	RELAÇÕES INTERNACIONAIS CONTEMPORÂNEAS	48			DEMOGRAFIA	48	ANÁLISE DA PRODUÇÃO DO ESPAÇO E POLÍTICAS PÚBLICAS URBANAS	48		
PROJETO DIRIGIDO	24	PENSAMENTO CRITICO	48			BASES EPISTEMOLOGICAS DA CIENCIA MODERNA	36	ANALISE DE SISTEMAS DINAMICOS LINEARES	36			BASES COMPUTACIONAIS DA CIENCIA	24	IMPLEMENTACAO DE BANCOS DE DADOS	48			PROGRAMAÇÃO ESTRUTURADA	48	BANCO DE DADOS DE APOIO À TOMADA DE DECISÃO	48			ESTRUTURA DA MATERIA	36	LABORATORIO DE BIOINFORMATICA	48			ESTRUTURA E DINÂMICA SOCIAL	36	ELETRÔNICA DE POTÊNCIA II	60			PROGRAMAÇÃO ESTRUTURADA	48	PROJETO DE SISTEMAS DE COMUNICAÇÃO	36			ÁLGEBRA LINEAR	72	MÉTODOS EXPERIMENTAIS EM ENGENHARIA	48			ESTRUTURA E DINAMICA SOCIAL	36	ANALISE DE REDES DE TRANSPORTE E DISTRIBUICAO	48			CIRCUITOS ELÉTRICOS E FOTÔNICA	48	ENGENHARIA DE METAIS	48			CIENCIA, TECNOLOGIA E SOCIEDADE	36	TRANSFORMADAS EM SINAIS E SISTEMAS LINEARES	48			BASES MATEMATICAS	48	ETNOFARMACOLOGIA	36			FUNDAMENTOS DE DESENHO TECNICO	24	TRANSFORMADAS EM SINAIS E SISTEMAS LINEARES	48			EVOLUÇÃO E DIVERSIFICAÇÃO DA VIDA NA TERRA	36	SUPERVISÃO E CONFIABILIDADE DE SISTEMAS ENERGÉTICOS	48			PSICOLOGIA COGNITIVA	48	INTERAÇÃO HUMANO-COMPUTADOR	48			PRINCÍPIOS DE TERMODINÂMICA	48	MECÂNICA DOS SÓLIDOS I	48			NÚMEROS REAIS E SEQUÊNCIAS	48	LINGUAGENS FORMAIS E AUTÔMATOS	48			PRINCÍPIOS DE TERMODINÂMICA	48	MATERIAIS E SUAS PROPRIEDADES	48			BIOLOGIA CELULAR	72	REGULAÇÃO AMBIENTAL E URBANÍSTICA	24					INTRODUÇÃO AO ACOLHIMENTO INTERCULTURAL AOS MIGRANTES E REFUGIADOS	96			HISTÓRIA ECONÔMICA GERAL	48	ESTADO E DESENVOLVIMENTO ECONÔMICO NO BRASIL CONTEMPORÂNEO	48			SISTEMA FINANCEIRO INTERNACIONAL	48	FORMAÇÃO HISTÓRICA DO BRASIL CONTEMPORÂNEO	48			CULTURA POLÍTICA	48	ABORDAGENS TRADICIONAIS DAS RELAÇÕES INTERNACIONAIS	48			ECONOMIA DO TERRITÓRIO	48	DESENVOLVIMENTO HUMANO E POBREZA URBANA	48		
		TEMAS E PROBLEMAS EM FILOSOFIA	36			COMUNICACAO E REDES	36	ANALISE DE SISTEMAS E MODELAGEM AMBIENTAL	24			BIODIVERSIDADE: INTERACOES ENTRE ORGANISMOS E AMBIENTE	36	INFERENCIA ESTATISTICA	48			ESTRUTURA E DINÂMICA SOCIAL	36	COMPUTAÇÃO EVOLUTIVA E CONEXIONISTA	48			EVOLUCAO E DIVERSIFICACAO DA VIDA NA TERRA	36	INTRODUCAO A BIOINFORMATICA	48			ENGENHARIA ECONÔMICA	48	INSTRUMENTAÇÃO E METROLOGIA ÓPTICA	48			CÁLCULO NUMÉRICO	48	APLICAÇÕES DE MICROCONTROLADORES	48			ESTRUTURA E DINÂMICA SOCIAL	36	TEORIA DE CONTROLE ÓTIMO	36			INTRODUCAO AS ENGENHARIAS	24	CONFIABILIDADE INDUSTRIAL EM SISTEMAS DE GESTAO	48			MATERIAIS E SUAS PROPRIEDADES	48	SIDERURGIA E ENGENHARIA DOS AÇOS	48			FUNDAMENTOS DE DESENHO TECNICO	24	PROCESSAMENTO DIGITAL DE SINAIS	48			FARMACOLOGIA	72	EVOLUCAO	48			ALGEBRA LINEAR	72	PROCESSAMENTO DIGITAL DE SINAIS	48			BASES EPISTEMOLÓGICAS DA CIÊNCIA MODERNA	36	SUBESTAÇÃO E EQUIPAMENTOS	24			ESTRUTURA E DINÂMICA SOCIAL	36	MINERAÇÃO DE DADOS	48			CIÊNCIA, TECNOLOGIA E SOCIEDADE	36	TERMODINÂMICA APLICADA I	48			CÁLCULO DE PROBABILIDADE	48	TEORIA DOS GRAFOS	48			ESTRUTURA E DINÂMICA SOCIAL	36	FUNDAMENTOS DE DESENHO TÉCNICO	24			ESTRUTURA E DINÂMICA SOCIAL	36	CARACTERIZAÇÃO DE BIOMATERIAIS	60					PANORAMA INTERNACIONAL DO ABC	96			FUNÇÕES DE VÁRIAS VARIÁVEIS	48	FORMAÇÃO HISTÓRICA DA AMÉRICA LATINA	48			TEORIAS CLÁSSICAS DAS RELAÇÕES INTERNACIONAIS	48	ANÁLISE DA CONJUNTURA INTERNACIONAL CONTEMPORÂNEA	48			HISTÓRIA DAS INSTITUIÇÕES POLÍTICAS BRASILEIRAS	48	PENSAMENTO CRÍTICO DAS RELAÇÕES INTERNACIONAIS	48			ESTUDOS DO MEIO FÍSICO	48	ENERGIA E ABASTECIMENTO	48		
		IDENTIDADE E CULTURA	36			PROJETO DIRIGIDO	24	ANALISE E CONTROLE DE SISTEMAS MECANICOS	48			NATUREZA DA INFORMACAO	36	INFORMATICA INDUSTRIAL	48			ALGORITMOS E ESTRUTURAS DE DADOS I	48	EMPREENDEDORISMO E DESENVOLVIMENTO DE NEGÓCIOS	48			BASES EPISTEMOLOGICAS DA CIENCIA MODERNA	36	ANALISE ECONOMICA DE PROJETOS	48			TERMODINÂMICA APLICADA I	48	PROJETO DE MICRODISPOSITIVOS PARA INSTRUMENTAÇÃO	48			ESTRUTURA E DINÂMICA SOCIAL	36	ENGENHARIA DE SISTEMAS DE COMUNICAÇÃO E MISSÃO CRÍTICA	48			CIRCUITOS ELÉTRICOS E FOTÔNICA	48	CONFIABILIDADE DE COMPONENTES E SISTEMAS	36			FUNDAMENTOS DE DESENHO TECNICO	24	TECNICAS DE TOMADAS DE DECISAO APLICAVEIS EM MODELOS DE DEPENDENCIA	48			ESTRUTURA E DINÂMICA SOCIAL	36	PROCESSAMENTO E CONFORMAÇÃO DE METAIS	48			ALGEBRA LINEAR	72	SISTEMAS MICROPROCESSADOS	48			INTRODUCAO A BIOINFORMATICA	48	EVOLUCAO E DIVERSIDADE DE PLANTAS I	48			ESTRUTURA E DINAMICA SOCIAL	36	SISTEMAS MICROPROCESSADOS	48			BASES MATEMÁTICAS	48	SISTEMAS DE POTÊNCIA II	48			BIOFÍSICA DE MEMBRANAS	72	PROCESSAMENTO DE LINGUAGEM NATURAL	48			CÁLCULO VETORIAL E TENSORIAL	48	MECÂNICA DOS FLUIDOS I	48			ESTRUTURA E DINÂMICA SOCIAL	36	PROGRAMAÇÃO ESTRUTURADA	48			ESTRUTURA DA MATÉRIA AVANÇADA	72	ENGENHARIA ECONÔMICA	48			FUNDAMENTOS DE IMUNOLOGIA	48	INTRODUÇÃO À BIOTECNOLOGIA	48					PRÁTICAS COMUNITÁRIAS EM CAMPO	96			ECONOMIA POLÍTICA	48	GEOGRAFIA POLÍTICA	48			TEMAS DE DIREITO INTERNACIONAL PÚBLICO	48	DEMOGRAFIA	48			CONFLITOS SOCIAIS	48	HISTÓRIA DA POLÍTICA EXTERNA BRASILEIRA	48			SOCIOLOGIA DOS TERRITÓRIOS	48	INFORMÁTICA APLICADA AO PLANEJAMENTO TERRITORIAL	48		
		ESTUDOS ETNICO-RACIAIS	36					ANALISE ECONOMICA DE PROJETOS ENERGETICOS	48			PROCESSAMENTO DA INFORMACAO	48	INTERACAO HUMANO-COMPUTADOR	48			CIRCUITOS DIGITAIS	48	LABORATÓRIO DE ENGENHARIA DE SOFTWARE	48			BASES MATEMATICAS	48	PLANEJAMENTO E CONTROLE DE PROJETOS	48			CÁLCULO NUMÉRICO	48	SUPERVISÃO E MONITORAMENTO DE PROCESSOS ENERGÉTICOS	48			MATERIAIS E SUAS PROPRIEDADES	48	INFORMAÇÃO E SOCIEDADE	24			CÁLCULO NUMÉRICO	48	CIRCUITOS HIDRÁULICOS E PNEUMÁTICOS	48			ENGENHARIA ECONOMICA	48	TECNICAS DE TOMADAS DE DECISAO APLICAVEIS EM MODELOS DE INTERDEPENDENCIA	48			FUNDAMENTOS DE DESENHO TÉCNICO	24	MATERIAIS PARA ENERGIA E AMBIENTE	48			ESTRUTURA E DINAMICA SOCIAL	36	CIENCIA DOS MATERIAIS	48			BIOESTATISTICA	48	EVOLUCAO E DIVERSIDADE DE PLANTAS II	72			FUNDAMENTOS DE FISIOPATOLOGIA PARA ENGENHARIAS I	24	CIENCIA DOS MATERIAIS	48			BASES COMPUTACIONAIS DA CIÊNCIA	24	AUTOMAÇÃO DE SISTEMAS ELÉTRICOS DE POTÊNCIA	36			NEUROANATOMIA	48	PROCESSAMENTO DIGITAL DE IMAGENS	48			FÍSICA EXPERIMENTAL II	48	FENÔMENOS DE TRANSPORTE	48			ANÁLISE REAL I	48	CÁLCULO NUMÉRICO	48			FUNDAMENTOS DE REAÇÕES ORGÂNICAS	48	MÉTODOS EXPERIMENTAIS EM ENGENHARIA	48			GENÉTICA I	72	ENGENHARIA DE TECIDOS	60					PRÁTICAS EXTENSIONISTAS EM ECONOMIA	96			ENGENHARIA ECONÔMICA	48	GLOBALIZAÇÃO E OS PROCESSOS DE INTEGRAÇÃO REGIONAL	48			RELAÇÕES INTERNACIONAIS CONTEMPORÂNEAS	48	ECONOMIA DO TERRITÓRIO	48			POLÍTICAS SOCIAIS	48	POLÍTICA EXTERNA BRASILEIRA CONTEMPORÂNEA	48			CARTOGRAFIA E GEOPROCESSAMENTO PARA O PLANEJAMENTO TERRITORIAL	60	MERCADO IMOBILIÁRIO	48		
		INTERPRETACOES DO BRASIL	48					ANALISE NA EDUCACAO BASICA	24			FUNCOES DE UMA VARIAVEL	48	INTERACOES ATOMICAS E MOLECULARES	36			ÁLGEBRA LINEAR	72	LABORATÓRIO DE REDES	48			BASES COMPUTACIONAIS DA CIENCIA	24	FINANCAS, GESTAO E ADMINISTRACAO FINANCEIRA	48			CÁLCULO VETORIAL E TENSORIAL	48	OPTOELETRÔNICA	48			MÉTODOS EXPERIMENTAIS EM ENGENHARIA	48	TV DIGITAL	48			CÁLCULO VETORIAL E TENSORIAL	48	INTRODUÇÃO AO CONTROLE MODERNO	60			ALGEBRA LINEAR	72	PESQUISA OPERACIONAL APLICADA	48			PRINCÍPIOS DE ADMINISTRAÇÃO	24	MATERIAIS PARA TECNOLOGIA DA INFORMAÇÃO	48			CIRCUITOS ELETRICOS E FOTONICA	48	PROPRIEDADES MECANICAS E TERMICAS	48			BIOETICA	24	FISICA MEDICA I	48			ENGENHARIA ECONOMICA	48	PROPRIEDADES MECANICAS E TERMICAS	48			FENÔMENOS MECÂNICOS	60	CENTRAIS TERMOELÉTRICAS	24			BIOÉTICA	24	SISTEMAS DE GERENCIAMENTO DE BANCO DE DADOS	48			MECÂNICA CLÁSSICA I	48	VIBRAÇÕES	48			ÁLGEBRA LINEAR	72	CÁLCULO VETORIAL E TENSORIAL	48			TERMODINÂMICA QUÍMICA	48	MICROBIOLOGIA AMBIENTAL	48			EVOLUÇÃO E DIVERSIDADE DE PLANTAS I	48	LABORATÓRIO DE BIOINFORMÁTICA	48					PRÁTICAS TERRITORIAIS	96			FORMAÇÃO ECONÔMICA DO BRASIL	48	RELAÇÕES INTERNACIONAIS E GLOBALIZAÇÃO	48			TEORIAS CONTEMPORÂNEAS DAS RELAÇÕES INTERNACIONAIS	48	ECONOMIA URBANA	48			REGIMES E FORMAS DE GOVERNO	48	REGIME INTERNACIONAL DOS DIREITOS HUMANOS	48			ECONOMIA URBANA	48	OFICINA DE PROJETO URBANO	48		
		ESTUDOS DE GENERO	36					ANALISE NO RN I	48			GEOMETRIA ANALITICA	36	INTRODUCAO A BIOINFORMATICA	48			ALGORITMOS E ESTRUTURAS DE DADOS II	48	LABORATÓRIO DE SISTEMAS OPERACIONAIS	48			BIODIVERSIDADE: INTERACOES ENTRE ORGANISMOS E AMBIENTE	36	INOVACAO ESTRATEGICA	24			ELETROMAGNETISMO APLICADO	48	ENGENHARIA ÓPTICA E IMAGENS	48			ÁLGEBRA LINEAR	72	REDES WAN DE BANDA LARGA	48			INTRODUÇÃO ÀS ENGENHARIAS	24	AERONÁUTICA I-B	48			CIRCUITOS ELETRICOS E FOTONICA	48	SIMULACAO DE MODELOS DE GESTAO	48			ÁLGEBRA LINEAR	72	ENGENHARIA DE FILMES FINOS	48			MECANICA DOS SOLIDOS I	48	PROPRIEDADES ELETRICAS, MAGNETICAS E OPTICAS	48			BIOLOGIA CELULAR	72	FISICA MEDICA II	24			CALCULO NUMERICO	48	PROPRIEDADES ELETRICAS, MAGNETICAS E OPTICAS	48			BIODIVERSIDADE: INTERAÇÕES ENTRE ORGANISMOS E AMBIENTE	36	INTEGRAÇÃO E OTIMIZAÇÃO ENERGÉTICA DE PROCESSOS	24			NEUROCIÊNCIA TEÓRICA E COMPUTACIONAL	48	SISTEMAS MULTIAGENTES	48			ESTRUTURA E DINÂMICA SOCIAL	36	MÉTODOS COMPUTACIONAIS PARA ANÁLISE ESTRUTURAL	48			TEORIA ARITMÉTICA DOS NÚMEROS	48	INTRODUÇÃO À INFERÊNCIA ESTATÍSTICA	48			CINÉTICA QUÍMICA	36	POLUIÇÃO ATMOSFÉRICA	36			ZOOLOGIA: ORIGEM E DIVERSIFICAÇÃO DE METAZOA	72	INTRODUÇÃO À BIOINFORMÁTICA	48					REFLEXÕES SOBRE ARTE E SOCIEDADE	96			ECONOMIA MATEMÁTICA	48	SISTEMA FINANCEIRO INTERNACIONAL: DE BRETTON WOODS AO NON-SISTEMA	48			HISTÓRIA DO TERCEIRO MUNDO	48	GOVERNANÇA PÚBLICA, DEMOCRACIA E POLÍTICAS NO TERRITÓRIO	48			PODER LEGISLATIVO E PROCESSO DECISÓRIO	48	ANÁLISE DE POLÍTICA EXTERNA	48			DESENVOLVIMENTO ECONÔMICO E SOCIAL NO BRASIL	48	PATRIMÔNIO CULTURAL E PAISAGEM	48		
		TERRITORIO E SOCIEDADE	48					ANALISE QUIMICA INSTRUMENTAL	72			TRANSFORMACOES QUIMICAS	60	INTRODUCAO A CRIPTOGRAFIA	48			MATEMÁTICA DISCRETA II	48	LÓGICAS NÃO CLÁSSICAS	48			NATUREZA DA INFORMACAO	36	PROCESSAMENTO DE INFORMACAO EM LINGUAS NATURAIS	48			PROJETO ASSISTIDO POR COMPUTADOR	24	VISÃO COMPUTACIONAL	48			FUNDAMENTOS DE FOTÔNICA	48	GERENCIAMENTO E INTEROPERABILIDADE DE REDES	48			FUNDAMENTOS DE DESENHO TÉCNICO	24	AERONÁUTICA II	48			INSTRUMENTACAO E CONTROLE	48	PLANEJAMENTO ESTRATEGICO EM GESTAO DE PROJETOS	48			CÁLCULO VETORIAL E TENSORIAL	48	MATERIAIS NANOESTRUTURADOS	48			FENOMENOS DE TRANSPORTE	48	CIRCUITOS ELETRICOS E FOTONICA	48			BIOQUIMICA FUNCIONAL	72	FISIOLOGIA VEGETAL I	72			BIOLOGIA CELULAR	72	CIRCUITOS ELETRICOS E FOTONICA	48			NATUREZA DA INFORMAÇÃO	36	VENTILAÇÃO INDUSTRIAL E AR COMPRIMIDO	24			PSICOLOGIA EXPERIMENTAL	72	VIDA ARTIFICIAL NA COMPUTAÇÃO	24			FÍSICA EXPERIMENTAL III	48	TRANSFERÊNCIA DE CALOR APLICADA A SISTEMAS AEROESPACIAIS	48			ÁLGEBRA LINEAR AVANÇADA	72	APRENDIZADO DE MÁQUINA	48			LIGAÇÕES QUÍMICAS	48	REPRESENTAÇÃO GRÁFICA DE PROJETOS AMBIENTAIS E URBANOS	48			BIOQUÍMICA FUNCIONAL	72	CARACTERIZAÇÃO BIOLÓGICA DE DISPOSITIVOS MÉDICOS	48					TEMAS FILOSÓFICOS EM DEBATE	96			MACROECONOMIA PÓS-KEYNESIANA	48	SOCIEDADE CIVIL ORGANIZADA GLOBAL	48			ESTADO E DESENVOLVIMENTO ECONÔMICO NO BRASIL CONTEMPORÂNEO	48	HISTÓRIA DA CIDADE E DO URBANISMO	48			FEDERALISMO E POLÍTICAS PÚBLICAS	48	ARRANJOS INSTITUCIONAIS E MARCO REGULATÓRIO DO TERRITÓRIO	24			BIODIVERSIDADE, GEODIVERSIDADE E PAISAGEM	36	PLANEJAMENTO E GESTÃO DE REDES TÉCNICAS E SISTEMAS TERRITORIAIS	48		
		DIVERSIDADE DE GENERO E FORMACAO DE PROFESSOR	48					ANALISE REAL I	48			FUNCOES DE VARIAS VARIAVEIS	48	INTRODUCAO A MODELAGEM E PROCESSOS ESTOCASTICOS	48			PROGRAMAÇÃO ORIENTADA A OBJETOS	48	MÉTODOS DE OTIMIZAÇÃO	48			FUNCOES DE UMA VARIAVEL	48	INFORMACAO E SOCIEDADE	24			INTRODUÇÃO ÀS ENGENHARIAS	24	ROBÔS MÓVEIS AUTÔNOMOS	48			MECÂNICA DOS SÓLIDOS I	48	SEGURANÇA DE REDES	48			ENGENHARIA ECONÔMICA	48	INSTRUMENTAÇÃO E SENSORES EM VEÍCULOS AEROESPACIAIS	48			MECANICA DOS SOLIDOS I	48	EMPREENDEDORISMO	48			TERMODINÂMICA DE MATERIAIS	48	NANOCOMPÓSITOS	48			CALCULO NUMERICO	48	INSTRUMENTACAO E CONTROLE	48			MICROBIOLOGIA	72	FISIOLOGIA VEGETAL II	48			MATERIAIS E SUAS PROPRIEDADES	48	INSTRUMENTACAO E CONTROLE	48			FUNÇÕES DE UMA VARIÁVEL	48	TUBULAÇÕES INDUSTRIAIS	24			COMUNICAÇÃO CIENTÍFICA	24	ROBÓTICA E SISTEMAS INTELIGENTES	48			VARIÁVEIS COMPLEXAS E APLICAÇÕES	48	REAÇÕES NUCLEARES	36			ANÁLISE REAL II	48	MÉTODOS DE OTIMIZAÇÃO	48			MÉTODOS DE ANÁLISE EM QUÍMICA ORGÂNICA	48	RESÍDUOS SÓLIDOS	36			HISTOLOGIA E EMBRIOLOGIA	72	MODELOS E FERRAMENTAS DE GESTÃO AMBIENTAL	36					BASES CONCEITUAIS DA ENERGIA	24			INTRODUÇÃO À INFERÊNCIA ESTATÍSTICA	48	SURGIMENTO DA CHINA COMO POTÊNCIA MUNDIAL	48			SEGURANÇA INTERNACIONAL	48	MOBILIZAÇÃO PRODUTIVA DOS TERRITÓRIOS E DESENVOLVIMENTO LOCAL	48			BUROCRACIA E IMPLEMENTAÇÃO DE POLÍTICAS PÚBLICAS	48	CARTOGRAFIA E GEOPROCESSAMENTO PARA O PLANEJAMENTO TERRITORIAL	60			REGULAÇÃO AMBIENTAL E URBANÍSTICA	24	POLÍTICAS DE INFRAESTRUTURA	48		
		PRATICAS EM CIENCIAS E HUMANIDADES	36					ANALISE REAL II	48			COMUNICACAO E REDES	36	INTRODUCAO A NEUROCIENCIA COMPUTACIONAL	48			SISTEMAS DIGITAIS	48	MINERAÇÃO DE DADOS	48			GEOMETRIA ANALITICA	36	INTRODUCAO AO PROCESSAMENTO DE SINAIS DE VOZ E AUDIO	48			MATERIAIS E SUAS PROPRIEDADES	48	INTELIGÊNCIA ARTIFICIAL EM ROBÓTICA	48			FUNDAMENTOS DE DESENHO TÉCNICO	24	PROCESSAMENTO DE VÍDEO	48			TERMODINÂMICA APLICADA I	48	AVIÔNICA	48			PRINCIPIOS DE ADMINISTRACAO	24	PROSPECCAO TECNOLOGICA APLICADA A ENGENHARIA	24			INSTRUMENTAÇÃO E CONTROLE	48	BIOMATERIAIS	48			DESENHO UNIVERSAL E TECNOLOGIA ASSISTIVA	24	TERMODINAMICA APLICADA	48			GENETICA I	72	FUNDAMENTOS DE IMUNOLOGIA	48			MECANICA DOS SOLIDOS I	48	TERMODINAMICA APLICADA	48			GEOMETRIA ANALÍTICA	36	PROCESSOS TERMOQUÍMICOS DE CONVERSÃO ENERGÉTICA	24			NEUROBIOLOGIA MOLECULAR E CELULAR	48	ANÁLISE MULTIVARIADA	48			ELETROMAGNETISMO I	48	CIÊNCIAS ATMOSFÉRICAS	48			VARIÁVEIS COMPLEXAS E APLICAÇÕES	48	COMBINATÓRIA EXTREMAL	48			QUÍMICA ANALÍTICA CLÁSSICA I	72	SISTEMAS DE ABASTECIMENTO DE ÁGUAS	36			ZOOLOGIA DE ECDYSOZOA	72	MATERIAIS NANOESTRUTURADOS	48					ESTRUTURA DA MATÉRIA	36			ECONOMIA BRASILEIRA I	48	POLÍTICA EXTERNA BRASILEIRA CONTEMPORÂNEA	48			HISTÓRIA DA POLÍTICA EXTERNA BRASILEIRA	48	POLÍTICA METROPOLITANA	48			PARTICIPAÇÃO, MOVIMENTOS SOCIAIS E POLÍTICAS PÚBLICAS	48	DEMOGRAFIA	48			HISTÓRIA DA CIDADE E DO URBANISMO	48	POLÍTICA HABITACIONAL	48		
		BASES CONCEITUAIS DA ENERGIA	24					ANEIS E CORPOS	48			INTRODUCAO A PROBABILIDADE E A ESTATISTICA	36	INTRODUCAO A PROGRAMACAO DE JOGOS	48			ALGORITMOS EM GRAFOS	48	GESTÃO DE PROJETOS DE SOFTWARE	48			TRANSFORMACOES QUIMICAS	60	FUNDAMENTOS DA COMPUTACAO SEMANTICA	48			MECÂNICA DOS FLUIDOS I	48	INTRODUÇÃO AO CONTROLE MODERNO	60			PRINCÍPIOS DE ADMINISTRAÇÃO	24	PROGRAMAÇÃO DE DISPOSITIVOS MÓVEIS	24			MECÂNICA DOS FLUIDOS I	48	DINÂMICA II	48			FENOMENOS DE TRANSPORTE	48	TRANSFERENCIA DE TECNOLOGIA	48			MÉTODOS EXPERIMENTAIS EM ENGENHARIA	48	RECICLAGEM E AMBIENTE	48			ENGENHARIA ECONOMICA	48	TERMODINAMICA APLICADA I	48			GENETICA II	48	GEOLOGIA E PALEONTOLOGIA	48			METODOS EXPERIMENTAIS EM ENGENHARIA	48	TERMODINAMICA APLICADA I	48			FENÔMENOS TÉRMICOS	48	REAÇÕES NUCLEARES	36			PROJETO DIRIGIDO	24	INTRODUÇÃO À ESTATÍSTICA BAYESIANA	48			BIOQUÍMICA: ESTRUTURA, PROPRIEDADES E FUNÇÕES DE BIOMOLÉCULAS	60	EDUCAÇÃO AMBIENTAL	48			APROXIMAÇÃO TEÓRICA E NUMÉRICA I	48	SEMÂNTICA DE LINGUAGEM DE PROGRAMAÇÃO	48			QUÍMICA DOS ELEMENTOS	96	SISTEMAS DE ESGOTAMENTO SANITÁRIO	36			GEOLOGIA E PALEONTOLOGIA	48	BIOMATERIAIS	48					EVOLUÇÃO E DIVERSIFICAÇÃO DA VIDA NA TERRA	36			MACROECONOMIA I	48	HISTÓRIA DO TERCEIRO MUNDO	48			REGIME INTERNACIONAL DOS DIREITOS HUMANOS	48	SOCIOLOGIA DOS TERRITÓRIOS	48			ESTADO E DESENVOLVIMENTO ECONÔMICO NO BRASIL CONTEMPORÂNEO	48	ECONOMIA URBANA	48			ANÁLISE DE DADOS PARA O PLANEJAMENTO TERRITORIAL	48	SANEAMENTO AMBIENTAL	48		
		CIDADANIA, DIREITOS E DESIGUALDADES	48					APRENDIZADO DE MAQUINA	48			BASES EPISTEMOLOGICAS DA CIENCIA MODERNA	36	JOGOS DIGITAIS: ASPECTOS TECNICOS E APLICACOES	48			INTELIGÊNCIA ARTIFICIAL	48	PROCESSAMENTO DE LINGUAGEM NATURAL	48			PROCESSAMENTO DA INFORMACAO	48	INTRODUCAO A LINGUISTICA COMPUTACIONAL	48			MÉTODOS EXPERIMENTAIS EM ENGENHARIA	48	PROJETO DE CONTROLE DISCRETO	36			FENÔMENOS DE TRANSPORTE	48	JOGOS DIGITAIS: ASPECTOS TÉCNICOS E APLICAÇÕES	48			DESENHO UNIVERSAL E TECNOLOGIA ASSISTIVA	24	OTIMIZAÇÃO EM PROJETOS DE ESTRUTURAS	48			PESQUISA OPERACIONAL	72	CLIMA E CULTURA ORGANIZACIONAL	24			FUNDAMENTOS DE REAÇÕES ORGÂNICAS	48	DESIGN DE DISPOSITIVOS	48			METODOS EXPERIMENTAIS EM ENGENHARIA	48	MECANICA DOS FLUIDOS I	48			PRINCIPIOS DE FISIOLOGIA PARA BIOTECNOLOGIA	72	GESTAO DA INOVACAO	48			COMPUTACAO CIENTIFICA APLICADA A PROBLEMAS BIOLOGICOS	48	MECANICA DOS FLUIDOS I	48			TRANSFORMAÇÕES QUÍMICAS	60	LABORATÓRIO DE INSTRUMENTAÇÃO NUCLEAR E RADIOPROTEÇÃO	48			BIOESTATÍSTICA	48	INTRODUÇÃO À MODELAGEM E PROCESSOS ESTOCÁSTICOS	48			MECÂNICA QUÂNTICA I	48	ÁLGEBRA LINEAR AVANÇADA	72			GEOMETRIA DOS ESPAÇOS MÉTRICOS	48	TEORIA ESPECTRAL DE GRAFOS	48			MECANISMOS DE REAÇÕES ORGÂNICAS	48	SISTEMAS DE TRATAMENTO DE ÁGUA	36			GENÉTICA II	48	RECICLAGEM E AMBIENTE	48					TRABALHO DE CONCLUSÃO DE CURSO DE PLANEJAMENTO TERRITORIAL I	24			MICROECONOMIA I	48	DEMOGRAFIA	48			ECONOMIA POLÍTICA INTERNACIONAL	48	DESENVOLVIMENTO ECONÔMICO E SOCIAL NO BRASIL	48			DIREITO CONSTITUCIONAL	48	GOVERNANÇA PÚBLICA, DEMOCRACIA E POLÍTICAS NO TERRITÓRIO	48			PLANEJAMENTO E POLÍTICA AMBIENTAL	48	SEGURANÇA DOS TERRITÓRIOS	48		
		ECONOMIA POLITICA INTERNACIONAL DA ENERGIA	48					ARMAZENAMENTO DE ENERGIA ELETRICA	48			FISICA QUANTICA	36	LABORATORIO DE ENGENHARIA DE SOFTWARE	48			ARQUITETURA DE COMPUTADORES	48	PROCESSAMENTO DIGITAL DE IMAGENS	48			FUNCOES DE VARIAS VARIAVEIS	48	MODELOS E PRATICAS COLABORATIVAS EM CT&I	48			CIRCUITOS ELÉTRICOS I	60	INFORMÁTICA INDUSTRIAL	48			CIRCUITOS ELÉTRICOS I	60	INTRODUÇÃO AO PROCESSAMENTO DE SINAIS DE VOZ E ÁUDIO	48			TRANSFORMADAS EM SINAIS E SISTEMAS LINEARES	48	TEORIA DA ELASTICIDADE	48			ECONOMIA DE EMPRESAS	24	ESTRATEGIAS DE COMUNICACAO ORGANIZACIONAL	48			CIÊNCIA DOS MATERIAIS	48	ADITIVAÇÃO DE POLÍMEROS	48			HIDROLOGIA	48	TECNICAS DE ANALISE ESTRUTURAL E PROJETO	36			FUNDAMENTOS DA BIOTECNOLOGIA	24	IMUNOLOGIA APLICADA	48			FUNDAMENTOS DE FISIOPATOLOGIA PARA ENGENHARIAS II	48	TECNICAS DE ANALISE ESTRUTURAL E PROJETO	36			PROCESSAMENTO DA INFORMAÇÃO	48	TERMO-HIDRÁULICA DE REATORES NUCLEARES II	36			NEUROPSICOFARMACOLOGIA	48	DOENÇAS DO SISTEMA NERVOSO	48			ANÁLISE DE FOURIER E APLICAÇÕES	48	ANÁLISE REAL I	48			TEORIA DE GRUPOS	48	ANÁLISE COMPLEXA	48			QUÍMICA ANALÍTICA CLÁSSICA II	72	TRATAMENTO DE ÁGUAS URBANAS SERVIDAS	36			EVOLUÇÃO E DIVERSIDADE DE PLANTAS II	72	POLÍTICAS DE SAÚDE	48					TRABALHO DE CONCLUSÃO DE CURSO DE PLANEJAMENTO TERRITORIAL II	24			ECONOMETRIA I	48	ECONOMIA DO TERRITÓRIO	48			INTEGRAÇÃO REGIONAL TEORIAS E EXPERIÊNCIAS	48	OFICINA DE RELAÇÕES INTERNACIONAIS	48			TEORIA E GESTÃO DE ORGANIZAÇÕES PÚBLICAS	48	ANÁLISE DE DADOS PARA O PLANEJAMENTO TERRITORIAL	48			PLANEJAMENTO E POLÍTICA REGIONAL	48	SUSTENTABILIDADE E INDICADORES	48		
		ESTADO E DESENVOLVIMENTO ECONOMICO NO BRASIL CONTEMPORANEO	48					ARQUITETURA DE COMPUTADORES	48			BIOQUIMICA: ESTRUTURA, PROPRIEDADES E FUNCOES DE BIOMOLECULAS	60	LABORATORIO DE REDES	48			PROJETO DIRIGIDO	24	PROGRAMAÇÃO PARA WEB	48			COMUNICACAO E REDES	36	CONFLITOS NO CIBERESPACO: ATIVISMO E GUERRA NAS REDES CIBERNETICAS	48			SISTEMAS DE CONTROLE I	60	PROJETO DE FILTROS DIGITAIS	48			TRANSFORMADAS EM SINAIS E SISTEMAS LINEARES	48	PROJETO DE ALTA FREQUÊNCIA	48			MECÂNICA DOS SÓLIDOS I	48	APLICAÇÕES DE ELEMENTOS FINITOS PARA ENGENHARIA	48			ENGENHARIA ECONOMICA APLICADA A SISTEMAS DE GESTAO	48	GESTAO ESTRATEGICA E ORGANIZACIONAL	24			TERMODINÂMICA ESTATÍSTICA DE MATERIAIS	48	BLENDAS POLIMÉRICAS	48			HIDRAULICA DE CONDUTOS FORCADOS	36	CARACTERIZACAO DE BIOMATERIAIS	60			TECNOLOGIA DE FERMENTACOES	48	INOVACAO E DESENVOLVIMENTO AGROINDUSTRIAL	48			CIRCUITOS ELETRICOS I	60	CARACTERIZACAO DE BIOMATERIAIS	60			FUNÇÕES DE VÁRIAS VARIÁVEIS	48	SEGURANÇA DE INSTALAÇÕES NUCLEARES	36			INTRODUÇÃO À FILOSOFIA DA MENTE	24	BASES NEURAIS DA MOTRICIDADE	48			PROJETO DIRIGIDO	24	TOPOLOGIA	48			ANÁLISE NO RN I	48	ANÁLISE DE REGRESSÃO	48			PROJETO DIRIGIDO	24	COMUNICAÇÃO CIENTÍFICA	24			PROJETO DIRIGIDO	24	MEIO AMBIENTE E POLÍTICAS PÚBLICAS	48					CONTABILIDADE BÁSICA	48			PRÁTICAS EM CIÊNCIAS E HUMANIDADES	36	ECONOMIA URBANA	48			ORGANIZAÇÕES INTERNACIONAIS E MULTILATERALISMO	48	MUDANÇA TECNOLÓGICA E DINÂMICA CAPITALISTA NA ECONOMIA CONTEMPORÂNEA	48			MÉTODOS DE PLANEJAMENTO	48	PLANEJAMENTO E POLÍTICA AMBIENTAL	48			MÉTODOS DE PLANEJAMENTO	48	TERRITÓRIO E LOGÍSTICA	48		
		ECONOMIA DO TERRITORIO	48					ATENCAO E ESTADOS DE CONSCIENCIA	48			ESTRUTURA E DINAMICA SOCIAL	36	LABORATORIO DE SISTEMAS OPERACIONAIS	48			ANÁLISE DE ALGORITMOS I	48	PROGRAMAÇÃO PARALELA	48			INTRODUCAO A PROBABILIDADE E A ESTATISTICA	36	SENSORIAMENTO REMOTO	48			MODELAGEM E CONTROLE	24	APLICAÇÕES DE MICROCONTROLADORES	48			SINAIS ALEATÓRIOS	48	APLICAÇÕES EM VOZ, ÁUDIO E ACÚSTICA	48			PRINCÍPIOS DE ADMINISTRAÇÃO	24	PROJETO DE ELEMENTOS ESTRUTURAIS DE AERONAVES II	48			ORGANIZACAO DO TRABALHO	24	MODELOS DE COMUNICACAO NAS ORGANIZACOES	24			ENGENHARIA ECONÔMICA	48	PROCESSAMENTO DE POLÍMEROS	48			REGULACAO AMBIENTAL E URBANISTICA	24	PROCESSAMENTO E ANALISE DE SINAIS BIOMEDICOS	48			NANOBIOTECNOLOGIA	48	INSTRUMENTACAO BIOMEDICA I	48			PRINCIPIOS DE ADMINISTRACAO	24	PROCESSAMENTO E ANALISE DE SINAIS BIOMEDICOS	48			FENÔMENOS ELETROMAGNÉTICOS	60	RESÍDUOS NUCLEARES	36			PROGRESSOS E MÉTODOS EM NEUROCIÊNCIA	48	INTRODUÇÃO À PSICOLINGUÍSTICA E NEUROCIÊNCIA DA LINGUAGEM	48			FÍSICA EXPERIMENTAL IV	48	BIOFÍSICA DE MEMBRANAS	72			PROJETO DIRIGIDO	24	ELEMENTOS FINITOS	48			QUÍMICA DE COORDENAÇÃO	96	INTRODUÇÃO À INFERÊNCIA ESTATÍSTICA	48			MORFOFISIOLOGIA HUMANA I	72	SANEAMENTO AMBIENTAL	48					DESENVOLVIMENTO SOCIOECONÔMICO	48			ECONOMIA BRASILEIRA II	48	HISTÓRIA DA CIDADE E DO URBANISMO	48			POLÍTICA EXTERNA BRASILEIRA CONTEMPORÂNEA	48	EMPREENDEDORISMO	48			PRÁTICAS EM CIÊNCIAS E HUMANIDADES	36	PLANEJAMENTO E POLÍTICA REGIONAL	48			OFICINA DE PLANEJAMENTO MACRO E MESO REGIONAL	48	URBANIZAÇÃO BRASILEIRA	48		
		ESTUDOS DO MEIO FISICO	48					AUTOMACAO DE SISTEMAS INDUSTRIAIS	48			PROGRAMACAO ESTRUTURADA	48	LOGICAS NAO CLASSICAS	48			REDES DE COMPUTADORES	48	PROJETO DE REDES	48			FISICA QUANTICA	36	TRANSPORTES, USO E OCUPACAO DO SOLO	24			MECÂNICA DOS SÓLIDOS I	48	DINÂMICA II	48			ENGENHARIA ECONÔMICA	48	PROPAGAÇÃO E ANTENAS	48			DINÂMICA I	48	ANÁLISE EXPERIMENTAL DE ESTRUTURAS	48			MATERIAIS E SUAS PROPRIEDADES	48	NEGOCIACAO E SOLUCAO DE CONFLITOS ORGANIZACIONAIS	48			FENÔMENOS DE TRANSPORTE	48	ENGENHARIA DE CERÂMICAS	48			CARTOGRAFIA E GEOPROCESSAMENTO	48	INTRODUCAO A BIOTECNOLOGIA	48			ENZIMOLOGIA E BIOCATALISE	72	INTELIGENCIA ARTIFICIAL	48			FENOMENOS DE TRANSPORTE	48	INTRODUCAO A BIOTECNOLOGIA	48			COMUNICAÇÃO E REDES	36	ENGENHARIA UNIFICADA (ENGENHARIA NUCLEAR)	36			ESTÁGIO SUPERVISIONADO EM NEUROCIÊNCIA I	120	DESENVOLVIMENTO E DEGENERAÇÃO DO SISTEMA NERVOSO	48			MECÂNICA QUÂNTICA II	48	NEUROCIÊNCIA TEÓRICA E COMPUTACIONAL	48			GEOMETRIA DIFERENCIAL	72	GEOMETRIA NÃO EUCLIDIANA	48			QUÍMICA ORGÂNICA EXPERIMENTAL	48	BIOFÍSICA DE MEMBRANAS	72			EVOLUÇÃO	48	COMPOSTAGEM	24					ECONOMIA BRASILEIRA CONTEMPORÂNEA I	48			MICROECONOMIA II	48	MÉTODOS DE PLANEJAMENTO	48			ÁFRICA NAS RELAÇÕES INTERNACIONAIS	48	PENSAMENTO LATINO-AMERICANO E POLÍTICAS DE CT&I	48			DIREITO ADMINISTRATIVO	48	PLANEJAMENTO E POLÍTICA RURAL	48			PLANEJAMENTO E POLÍTICA RURAL	48	DINÂMICAS TERRITORIAIS E RELAÇÕES ÉTNICO-RACIAIS NO BRASIL	48		
		HISTORIA DA CIDADE E DO URBANISMO	48					AVALIACAO DE IMPACTOS AMBIENTAIS	36			CIENCIA, TECNOLOGIA E SOCIEDADE	36	METODOLOGIA E ESCRITA CIENTIFICA PARA CIENCIA DA COMPUTACAO	24			ENGENHARIA DE SOFTWARE	48	PROJETO INTERDISCIPLINAR	48			BIOQUIMICA: ESTRUTURA, PROPRIEDADES E FUNCOES DE BIOMOLECULAS	60	ANALISE REAL I	48			PRINCÍPIOS DE ADMINISTRAÇÃO	24	PROJETO DE SISTEMAS DIGITAIS COM VHDL E IMPLEMENTAÇÃO EM FPGAS	48			PROJETO DIRIGIDO	24	TELEFONIA FIXA E VOIP	48			PROJETO DIRIGIDO	24	AERODINÂMICA II	48			PROJETO DIRIGIDO	24	TOPICOS ESPECIAIS EM ENGENHARIA ORGANIZACIONAL	24			CÁLCULO NUMÉRICO	48	PROCESSAMENTO DE MATERIAIS CERÂMICOS	48			PRINCIPIOS DE ADMINISTRACAO	24	INTRODUCAO A BIOFOTONICA E OPTICA BIOMEDICA	48			LABORATORIO DE BIOPROCESSOS	48	INTRODUCAO A ENGENHARIA BIOMEDICA	24			PROJETO DIRIGIDO	24	INTRODUCAO A BIOFOTONICA E OPTICA BIOMEDICA	48			INTRODUÇÃO ÀS EQUAÇÕES DIFERENCIAIS ORDINÁRIAS	48	HIDROGÊNIO E CÉLULAS A COMBUSTÍVEL	48			PROCESSAMENTO DE SINAIS NEURAIS	48	ERGONOMIA COGNITIVA	48					PROCESSAMENTO DE SINAIS NEURAIS	48			TOPOLOGIA	48	GRUPO FUNDAMENTAL E ESPAÇO DE RECOBRIMENTO	48			TÓPICOS ESPECIAIS EM QUÍMICA ORGÂNICA	24	DESENHO E PROJETO EM QUÍMICA	36			ZOOLOGIA DE VERTEBRADOS	72	CONTAMINAÇÃO E REMEDIAÇÃO DE SOLOS	36					ECONOMIA BRASILEIRA CONTEMPORÂNEA II	48			MACROECONOMIA II	48	MÉTODOS E TÉCNICAS DE ANÁLISE DE INFORMAÇÃO PARA O PLANEJAMENTO	48			ESTUDOS ESTRATÉGICOS E DEFESA	48	CONFLITOS NO CIBERESPAÇO: ATIVISMO E GUERRA NAS REDES CIBERNÉTICAS	48			MÉTODOS QUANTITATIVOS EM POLÍTICAS PÚBLICAS	48	POLÍTICA METROPOLITANA	48			POLÍTICA URBANA	48	TÓPICOS ESPECIAIS EM PLANEJAMENTO TERRITORIAL	48		
		DISPOSITIVOS ELETRONICOS	60					AVALIACAO NO ENSINO DE QUIMICA	36			ALGORITMOS E ESTRUTURAS DE DADOS I	48	METODOS DE OTIMIZACAO	48			ANÁLISE DE ALGORITMOS II	48	REDES CONVERGENTES	48			CIENCIA, TECNOLOGIA E SOCIEDADE	36	ANALISE DE ALGORITMOS I	48			PROJETO DIRIGIDO	24	ÓPTICA INTEGRADA	48			DISPOSITIVOS ELETRÔNICOS	60	PROGRAMAÇÃO DE SOFTWARE EMBARCADO	48			DINÂMICA DE GASES	72	SISTEMAS DE PROPULSÃO II	48			ESTATISTICA APLICADA A SISTEMAS DE GESTAO	48	CONTABILIDADE PARA ENGENHARIA	48			PROJETO DIRIGIDO	24	PROCESSAMENTO E CONFORMAÇÃO DE METAIS I	48			CARACTERIZACAO DE MATRIZES AMBIENTAIS	36	TECNICAS MODERNAS EM FOTOTERAPIA	48			PROTEINAS RECOMBINANTES	48	INTRODUCAO A INFERENCIA ESTATISTICA	48			FUNDAMENTOS DE FISIOPATOLOGIA PARA ENGENHARIAS III	48	TECNICAS MODERNAS EM FOTOTERAPIA	48			INTRODUÇÃO À PROBABILIDADE E À ESTATÍSTICA	36	GERAÇÃO DISTRIBUÍDA	24			ESTÁGIO SUPERVISIONADO EM NEUROCIÊNCIA II	120	NEUROARTE	24					ALGORITMOS E ESTRUTURAS DE DADOS I	48			EQUAÇÕES DIFERENCIAIS PARCIAIS	48	INFERÊNCIA ESTATÍSTICA	48			ELETROQUÍMICA	36	INTRODUÇÃO À TRANSFERÊNCIA DE CALOR, MASSA E MOVIMENTAÇÃO DE FLUIDOS	48			BIOÉTICA	24	ECONOMIA, SOCIEDADE E MEIO AMBIENTE	36					ECONOMIA INSTITUCIONAL I	48			ECONOMETRIA II	48	MOBILIZAÇÃO PRODUTIVA DOS TERRITÓRIOS E DESENVOLVIMENTO LOCAL	48			PRÁTICAS EM CIÊNCIAS E HUMANIDADES	36	CULTURA, IDENTIDADE E POLÍTICA NA AMÉRICA LATINA	48			PODER LOCAL	48	POLÍTICA URBANA	48			PRÁTICAS EM CIÊNCIAS E HUMANIDADES	36	PRÁTICAS ESPECIAIS DO PLANEJAMENTO TERRITORIAL	48		
		CIRCUITOS ELETRICOS I	60					BANCO DE DADOS	48			CIRCUITOS DIGITAIS	48	MINERACAO DE DADOS	48			PROGRAMAÇÃO FUNCIONAL	48	REDES SEM FIO	48			PROGRAMACAO ESTRUTURADA	48	INTELIGENCIA ARTIFICIAL	48			DISPOSITIVOS ELETRÔNICOS	60					CIRCUITOS ELÉTRICOS II	60	INSTRUMENTAÇÃO EM RF E MICRO-ONDAS	48			AERONÁUTICA I-A	48	MÁQUINAS DE FLUXO	48			INTRODUCAO AOS PROCESSOS DE FABRICACAO METAL MECANICO	72	GESTAO DE CUSTOS AVANCADA	48			ESTADO SÓLIDO	48	PROCESSAMENTO E CONFORMAÇÃO DE METAIS II	48			HIDRAULICA DE CONDUTOS LIVRES	24	TECNICAS MODERNAS EM FOTODIAGNOSTICO	48			SEGURANCA E REGULAMENTACAO EM BIOTECNOLOGIA	24	LABORATORIO DE BIOINFORMATICA	48			PRINCIPIOS DE ETICA EM SERVICOS DE SAUDE	24	TECNICAS MODERNAS EM FOTODIAGNOSTICO	48			INTRODUÇÃO ÀS ENGENHARIAS	24	ECONOMIA DO PETRÓLEO E DO GÁS NATURAL	48			NEUROETOLOGIA	48	ATENÇÃO E ESTADOS DE CONSCIÊNCIA	48					INTELIGÊNCIA ARTIFICIAL	48			TEORIA DE ANÉIS	48	INTRODUÇÃO À ANÁLISE ESTOCÁSTICA EM FINANÇAS	48			ESPECTROANALÍTICA MOLECULAR E ATÔMICA	72	OPERAÇÕES UNITÁRIAS I	48			MORFOFISIOLOGIA HUMANA II	72	GESTÃO AMBIENTAL NA INDÚSTRIA	36					ECONOMIA INTERNACIONAL I	48			ECONOMIA INSTITUCIONAL	48	PLANEJAMENTO E POLÍTICA REGIONAL	48			ECONOMIA POLÍTICA INTERNACIONAL DA ENERGIA	48	AMÉRICA LATINA CONTEMPORÂNEA	48			TRAJETÓRIAS DAS POLÍTICAS DE CT&I NO BRASIL	48	USO DO SOLO URBANO	48			GOVERNANÇA PÚBLICA, DEMOCRACIA E POLÍTICAS NO TERRITÓRIO	48	MODELOS ECONÔMICOS E ANÁLISE DAS DINÂMICAS TERRITORIAIS	48		
		SISTEMAS DE CONTROLE I	60					BASES BIOLOGICAS PARA ENGENHARIA II	60			COMPUTADORES, ETICA E SOCIEDADE	24	PESQUISA OPERACIONAL	72			COMPUTADORES, ÉTICA E SOCIEDADE	24	SEGURANÇA EM REDES	48			ESTRUTURA E DINAMICA SOCIAL	36	PROGRAMACAO FUNCIONAL	48			CIRCUITOS ELÉTRICOS II	60					PRINCÍPIOS DE COMUNICAÇÃO	48	PROGRAMAÇÃO BASEADA EM COMPONENTES PARA JOGOS	48			INTRODUÇÃO À ASTRONÁUTICA	24	PROJETO DE AERONAVES I	48			TEMPOS, METODOS E ARRANJOS FISICOS	48	FINANCAS, GESTAO E ADMINISTRACAO FINANCEIRA	48			QUÍMICA INORGÂNICA DE MATERIAIS	72					REPRESENTACAO GRAFICA DE PROJETOS AMBIENTAIS E URBANOS	48	PROCESSAMENTO DE IMAGENS MEDICAS	48			ENGENHARIA METABOLICA	48	LIBRAS	48			BIOESTATISTICA	48	PROCESSAMENTO DE IMAGENS MEDICAS	48			FÍSICA QUÂNTICA	36	ENGENHARIA DE COMPLETAÇÃO	48			ESTÁGIO SUPERVISIONADO EM NEUROCIÊNCIA III	72	TOMADA DE DECISÕES E NEUROECONOMIA	48					PROGRAMAÇÃO ORIENTADA A OBJETOS	48			TEORIA DA MEDIDA E INTEGRAÇÃO	48	INTRODUÇÃO À ANÁLISE FUNCIONAL	48			QUÍMICA DE MACROMOLÉCULAS BIOLÓGICAS	96	OPERAÇÕES UNITÁRIAS II	48			FISIOLOGIA VEGETAL I	72	QUESTÕES AMBIENTAIS GLOBAIS	24					ECONOMIA INTERNACIONAL II	48			MACROECONOMIA III	48	POLÍTICA METROPOLITANA	48			GEOPOLÍTICA	48	GEOPOLÍTICA DO PETRÓLEO E O DESENVOLVIMENTO BRASILEIRO	48			MÉTODOS QUALITATIVOS E DESENHO DE PESQUISA PARA O TCC DE POLÍTICAS PÚBLICAS	48	CUSTOS	72			OFICINA DE PLANEJAMENTO DE ÁREAS PERIURBANAS, INTERIORANAS E RURAIS	48	TÓPICOS ESPECIAIS EM MÉTODOS E TÉCNICAS PARA O PLANEJAMENTO TERRITORIAL	48		
		CIRCUITOS ELETRICOS II	60					BASES NEURAIS DA MOTRICIDADE	48			ALGORITMOS E ESTRUTURAS DE DADOS II	48	PLANEJAMENTO DE REDES DE INFORMACAO	48			COMPUTAÇÃO GRÁFICA	48	SISTEMAS DE GERENCIAMENTO DE BANCO DE DADOS	48			ALGORITMOS E ESTRUTURAS DE DADOS I	48	PROGRAMACAO ORIENTADA A OBJETOS	48			TRANSFORMADAS EM SINAIS E SISTEMAS LINEARES	48					REDES DE COMPUTADORES	48	FUNDAMENTOS DA COMPUTAÇÃO SEMÂNTICA	48			APLICAÇÕES ESTRUTURAIS DE MATERIAIS COMPÓSITOS	48	DINÂMICA ORBITAL	48			SISTEMAS CAD/CAE	48	GESTAO DE RISCOS EM SISTEMAS DE GESTAO	48			MECÂNICA DOS SÓLIDOS I	48					PROJETO DIRIGIDO	24	QUALIDADE DE IMAGENS MEDICAS	48			BIOLOGIA SINTETICA	48	MICROBIOLOGIA AMBIENTAL	48			MODELAGEM DE SISTEMAS DINAMICOS II	48	QUALIDADE DE IMAGENS MEDICAS	48			BIOQUÍMICA: ESTRUTURA, PROPRIEDADES E FUNÇÕES DE BIOMOLÉCULAS	60	ENGENHARIA DE PERFURAÇÃO	48					SENSAÇÃO E PERCEPÇÃO	48					PROGRAMAÇÃO ESTRUTURADA	48			ANÁLISE NO RN II	48	INTRODUÇÃO À CRIPTOGRAFIA	48			ELETROANALÍTICA E INSTRUMENTAÇÃO EM QUÍMICA	60	POLÍMEROS: SÍNTESE, CARACTERIZAÇÃO E PROCESSOS	72			ECOLOGIA COMPORTAMENTAL	48	SENSORIAMENTO REMOTO	48					FINANÇAS CORPORATIVAS	48			MICROECONOMIA III	48	POLÍTICA URBANA	48			POLÍTICA INTERNACIONAL DOS EUA	48	DINÂMICA DOS INVESTIMENTOS PRODUTIVOS INTERNACIONAIS	48			INSTITUIÇÕES JUDICIAIS E POLÍTICAS PÚBLICAS	48	ELABORAÇÃO, ANÁLISE E AVALIAÇÃO DE PROJETOS	48			USO DO SOLO URBANO	48	TÓPICOS ESPECIAIS EM POLÍTICAS SETORIAIS NO TERRITÓRIO	48		
		ANALISE DE SISTEMAS DINAMICOS LINEARES	36					BIOESTATISTICA	48			INTELIGENCIA ARTIFICIAL	48	PRATICA AVANCADA DE PROGRAMACAO A	48			MODELAGEM DE BANCO DE DADOS	48	SISTEMAS DE INFORMAÇÃO	48			COMPUTADORES, ETICA E SOCIEDADE	24	REDES DE COMPUTADORES	48			PROCESSAMENTO DIGITAL DE SINAIS	48					SISTEMAS DE CONTROLE I	60	INTRODUÇÃO À LINGUÍSTICA COMPUTACIONAL	48			SISTEMAS DE CONTROLE I	60	CINEMÁTICA E DINÂMICA DE MECANISMOS	48			SISTEMAS CAM	48	TEMAS CONTEMPORANEOS DE CUSTOS EM SISTEMAS DE GESTAO	48			SOLUÇÕES PARA DESAFIOS EM ENGENHARIA	24					CLIMATOLOGIA	36	INTRODUCAO A ROBOTICA	48			BIOTECNOLOGIA VEGETAL	48	MINERACAO DE DADOS	48			SENSORES BIOMEDICOS	24	INTRODUCAO A ROBOTICA	48			CIÊNCIA, TECNOLOGIA E SOCIEDADE	36	ENGENHARIA DE RESERVATÓRIOS I	48					MEMÓRIA E APRENDIZAGEM	48					BANCO DE DADOS	48			OTIMIZAÇÃO LINEAR	48	INTRODUÇÃO AOS SISTEMAS DINÂMICOS	48			FÍSICO-QUÍMICA EXPERIMENTAL	48	PRÁTICAS EM QUÍMICA ANALÍTICA	48			MICROBIOLOGIA	72	UNIDADES DE CONSERVAÇÃO DA NATUREZA	48					FINANÇAS PÚBLICAS	48			ECONOMETRIA III	48	DESENVOLVIMENTO ECONÔMICO E SOCIAL NO BRASIL	48			CHINA NAS RELAÇÕES INTERNACIONAIS	48	MIGRAÇÕES INTERNACIONAIS	48			ORÇAMENTO PÚBLICO	48	GESTÃO DE OPERAÇÕES	48			MOBILIZAÇÃO PRODUTIVA DOS TERRITÓRIOS E DESENVOLVIMENTO LOCAL	48	GESTÃO URBANO-AMBIENTAL	48		
		FOTONICA	48					BIOETICA	24			PROJETO DIRIGIDO	24	PRATICA AVANCADA DE PROGRAMACAO B	48			INTERAÇÃO HUMANO-COMPUTADOR	48	SISTEMAS MULTIAGENTES	48			PROJETO DIRIGIDO	24	SEGURANCA DE DADOS	48			SOLUÇÕES PARA DESAFIOS EM ENGENHARIA	24					ELETRÔNICA ANALÓGICA APLICADA	60	FUNDAMENTOS DE COMPUTAÇÃO GRÁFICA	48			DESEMPENHO DE AERONAVES	48	PLACAS E CASCAS	48			CUSTOS	72	METROLOGIA	48			TÓPICOS COMPUTACIONAIS EM MATERIAIS	48					GEOTECNIA	48	LABORATORIO DE BIOINFORMATICA	48			GENOMICA E POS-GENOMICA	72	MORFOFISIOLOGIA ANIMAL COMPARADA	48			CIENCIA DOS MATERIAIS BIOCOMPATIVEIS	48	LABORATORIO DE BIOINFORMATICA	48			CÁLCULO NUMÉRICO	48	ENGENHARIA DE RESERVATÓRIOS II	48					INTRODUÇÃO À BIOESTATÍSTICA	48					ANÁLISE NO RN I	48			EQUAÇÕES DIFERENCIAIS ORDINÁRIAS	48	INTRODUÇÃO ÀS CURVAS ALGÉBRICAS	48			TÉCNICAS ANALÍTICAS DE SEPARAÇÃO	60	QUIMIOMETRIA	48			MORFOFISIOLOGIA HUMANA III	72	RECURSOS HÍDRICOS	36					FORMAÇÃO ECONÔMICA DO BRASIL	48			MONOGRAFIA I TÉCNICAS DE PESQUISA EM ECONOMIA	60	CUSTOS	72			ANÁLISE DE POLÍTICA EXTERNA	48	A QUESTÃO NUCLEAR NAS RELAÇÕES INTERNACIONAIS	48			AVALIAÇÃO E MONITORAMENTO DE POLÍTICAS PÚBLICAS	48	INOVAÇÃO TECNOLÓGICA	48			OFICINA DE PLANEJAMENTO URBANO	48	SENSORIAMENTO REMOTO	48		
		ELETRONICA ANALOGICA APLICADA	60					BIOFISICA	48			REDES DE COMPUTADORES	48	PRATICA AVANCADA DE PROGRAMACAO C	48			LINGUAGENS FORMAIS E AUTÔMATOS	48	SISTEMAS MULTIMÍDIA	48					SISTEMAS DISTRIBUIDOS	48			ANÁLISE DE SISTEMAS DINÂMICOS LINEARES	36					ELETRÔNICA DIGITAL	72	INTRODUÇÃO AOS PROCESSOS ESTOCÁSTICOS	48			TRANSFERÊNCIA DE CALOR APLICADA A SISTEMAS AEROESPACIAIS	48	INTERAÇÃO FLUIDO-ESTRUTURA	48			GESTAO DE OPERACOES	48	ENGENHARIA HUMANA	48			MATERIAIS METÁLICOS	48					MICROBIOLOGIA AMBIENTAL	48	TELEMEDICINA E SISTEMAS DE APOIO A DECISAO	48			BIOTECNOLOGIA HUMANA	48	MORFOFISIOLOGIA HUMANA I	72			MODELAGEM DE SISTEMAS DINAMICOS I	48	TELEMEDICINA E SISTEMAS DE APOIO A DECISAO	48			ESTRUTURA E DINÂMICA SOCIAL	36	IMPACTO AMBIENTAL E SOCIAL NA CADEIA DE PRODUÇÃO DE PETRÓLEO	48					NEUROCIÊNCIA DA COGNIÇÃO MUSICAL	24					ANÁLISE REAL II	48			PROBABILIDADE	48	METATEOREMAS DA LÓGICA CLÁSSICA	48			TRABALHO DE CONCLUSÃO DE CURSO EM QUÍMICA	24	BIOÉTICA	24			FISIOLOGIA VEGETAL II	48	EDUCAÇÃO AMBIENTAL	48					HISTÓRIA DO PENSAMENTO ECONÔMICO	48			DESENVOLVIMENTO SOCIOECONÔMICO	48	ORGANIZAÇÃO DO TRABALHO	24			METODOLOGIA DE PESQUISA EM RELAÇÕES INTERNACIONAIS (TCC 1)	48	POLÍTICA EXTERNA DO BRASIL E A AMÉRICA DO SUL	48			TRABALHO DE CONCLUSÃO DE CURSO DE POLÍTICAS PÚBLICAS I	24	QUALIDADE EM SISTEMAS	48			POLÍTICA METROPOLITANA	48	GEOTECNIA APLICADA AO PLANEJAMENTO URBANO-AMBIENTAL	36		
		SISTEMAS DE CONTROLE II	60					BIOFISICA DE MEMBRANAS	72			SISTEMAS OPERACIONAIS	48	PRINCIPIOS DE SIMULACAO MATEMATICA	48			METODOLOGIA E ESCRITA CIENTÍFICA PARA CIÊNCIA DA COMPUTAÇÃO	24	VIDA ARTIFICIAL NA COMPUTAÇÃO	24					ENGENHARIA DE SOFTWARE	48			ELETRÔNICA ANALÓGICA APLICADA	60					PROCESSAMENTO DIGITAL DE SINAIS	48	ALGORITMOS E ESTRUTURAS DE DADOS I	48			TÉCNICAS DE ANÁLISE ESTRUTURAL	48	PROPULSÃO AEROESPACIAL NÃO-CONVENCIONAL	48			PLANEJAMENTO E CONTROLE DA PRODUCAO	72	QUALIDADE EM SERVICOS	24			MATERIAIS POLIMÉRICOS	48					TEORIA DO PLANEJAMENTO URBANO E AMBIENTAL	36	INTRODUCAO A ENGENHARIA BIOMEDICA	24			EMPREENDEDORISMO E PLANEJAMENTO DE PROJETOS EM BIOTECNOLOGIA	48	MORFOFISIOLOGIA HUMANA II	72			FISICA MEDICA I	48	INTRODUCAO A ENGENHARIA BIOMEDICA	24			CIRCUITOS ELÉTRICOS I	60	PETROFÍSICA	48					PRÁTICAS EM NEUROBIOLOGIA MOLECULAR	24					GEOMETRIA DIFERENCIAL I	48			TEORIA DE CORPOS	48	MÉTODOS VARIACIONAIS	48					BIOQUÍMICA FUNCIONAL	72			MORFOFISIOLOGIA ANIMAL COMPARADA	48	REÚSO DE ÁGUA	36					HISTÓRIA ECONÔMICA GERAL	48			RELAÇÕES COMERCIAIS E DE INVESTIMENTO INTERNACIONAIS	48	PROPRIEDADE INTELECTUAL	48			ECONOMIA POLÍTICA INTERNACIONAL DA SEGURANÇA ALIMENTAR	48	NEGOCIAÇÕES INTERNACIONAIS, PROPRIEDADE INTELECTUAL E TRANSFERÊNCIA TECNOLÓGICA	48			OBSERVATÓRIO DE POLÍTICAS PÚBLICAS	48	TEMPOS, MÉTODOS E ARRANJOS FÍSICOS	48			OFICINA DE PLANEJAMENTO E GOVERNANÇA METROPOLITANA	48	RISCOS NO AMBIENTE URBANO	48		
		SENSORES E TRANSDUTORES	48					BIOLOGIA ANIMAL I	60			COMPILADORES E INTERPRETADORES	48	PROCESSAMENTO DE IMAGENS UTILIZANDO GPU	48			SISTEMAS OPERACIONAIS	48	WEB SEMÂNTICA	48					ANALISE REAL II	48			SISTEMAS DE CONTROLE II	60					CODIFICAÇÃO DE SINAIS MULTIMÍDIA	48	ALGORITMOS E ESTRUTURAS DE DADOS II	48			SISTEMAS DE CONTROLE II	60	COMBUSTÃO II	48			ENGENHARIA LOGISTICA	48	CONCEITOS DE MARKETING	24			MATERIAIS CERÂMICOS	48					FUNDAMENTOS DE GEOLOGIA PARA ENGENHARIA	36	INTRODUCAO A BIOINFORMATICA	48			BIOTECNOLOGIA ANIMAL	48	MORFOFISIOLOGIA HUMANA III	72			BIOMECANICA I	48	INTRODUCAO A BIOINFORMATICA	48			CÁLCULO VETORIAL E TENSORIAL	48	TRANSPORTE DE PETRÓLEO E GÁS NATURAL	48					PSICOPATOLOGIA	24					INTRODUÇÃO À NEUROCIÊNCIA	48					PERCOLAÇÃO	48					BIOLOGIA CELULAR	72			ECOLOGIA VEGETAL	48	TECNOLOGIAS ALTERNATIVAS DE TRATAMENTO DE ÁGUA E EFLUENTES	36					MACROECONOMIA I	48			ECONOMIA DO MEIO AMBIENTE	48	PRINCÍPIOS DE ADMINISTRAÇÃO	24			ATORES NÃO ESTATAIS E AS RELAÇÕES INTERNACIONAIS	48	TRAJETÓRIA DA OPEP E DA AGÊNCIA INTERNACIONAL DE ENERGIA (IEA)	48			POLÍTICAS DIGITAIS, DADOS E GESTÃO ALGORÍTMICA	48	ORGANIZAÇÃO DO TRABALHO	24			TRABALHO DE CONCLUSÃO DE CURSO I DE PLANEJAMENTO TERRITORIAL	24	ECOLOGIA DO AMBIENTE URBANO	24		
		AUTOMACAO DE SISTEMAS INDUSTRIAIS	48					BIOLOGIA ANIMAL II	60			COMPUTACAO GRAFICA	48	PROCESSAMENTO DE LINGUAGEM NATURAL	48			COMPILADORES E INTERPRETADORES	48	INTRODUÇÃO À PROGRAMAÇÃO DE JOGOS	48					INTRODUCAO A NEUROCIENCIA	48			SENSORES E TRANSDUTORES	48					SOLUÇÕES PARA DESAFIOS EM ENGENHARIA	24	ARQUITETURA DE COMPUTADORES	48			VIBRAÇÕES	48	DINÂMICA DE FLUIDOS COMPUTACIONAL	48			GERENCIA DE ATIVOS	24	INOVACAO ESTRATEGICA	24			INOVAÇÕES PARA ENGENHARIA	24					RECUPERACAO DE AREAS DEGRADADAS	36	CARACTERIZACAO BIOLOGICA DE DISPOSITIVOS MEDICOS	48			TRABALHO DE CONCLUSAO DE CURSO DE BIOTECNOLOGIA	24	MORFOFISIOLOGIA VEGETAL	48			LEGISLACAO RELACIONADA A SAUDE	24	CARACTERIZACAO BIOLOGICA DE DISPOSITIVOS MEDICOS	48			CIRCUITOS ELÉTRICOS II	60	QUÍMICA DO PETRÓLEO	48					INTRODUÇÃO À NEUROIMUNOLOGIA	24					INFERÊNCIA ESTATÍSTICA	48					PROCESSOS ESTOCÁSTICOS	48					MICROBIOLOGIA	72			ESTÁGIO SUPERVISIONADO EM CIÊNCIAS BIOLÓGICAS	20	ECOLOGIA DO AMBIENTE URBANO	24					MACROECONOMIA III	48			MONOGRAFIA II EM CIÊNCIAS ECONÔMICAS	96	ANÁLISE DE SÉRIES TEMPORAIS TÓPICOS ESPECIAIS	48			TRABALHO DE CONCLUSÃO DE CURSO II EM RELAÇÕES INTERNACIONAIS (TCC 2)	24	TRAJETÓRIA DE DESENVOLVIMENTO DE PAÍSES EXPORTADORES DE PETRÓLEO	48			TRABALHO DE CONCLUSÃO DE CURSO DE POLÍTICAS PÚBLICAS II	24	PROPRIEDADE INTELECTUAL	48			TRABALHO DE CONCLUSÃO DE CURSO II DE PLANEJAMENTO TERRITORIAL	24	INTRODUÇÃO À INFERÊNCIA ESTATÍSTICA	48		
		ACIONAMENTOS ELETRICOS	60					BIOLOGIA ANIMAL III	60			PROJETO DE GRADUACAO EM COMPUTACAO I	96	PROCESSAMENTO DE SINAIS NEURAIS	48			SISTEMAS DISTRIBUÍDOS	48	PROGRAMAÇÃO AVANÇADA PARA DISPOSITIVOS MÓVEIS	48					BANCO DE DADOS DE APOIO A TOMADA DE DECISAO	48			INOVAÇÕES PARA ENGENHARIA	24					COMUNICAÇÃO DIGITAL	48	INTELIGÊNCIA ARTIFICIAL	48			COMBUSTÃO I	48					QUALIDADE EM SISTEMAS	48	EFICIENCIA ENERGETICA INDUSTRIAL	48			TÓPICOS EXPERIMENTAIS EM MATERIAIS I	48					SISTEMAS DE ABASTECIMENTO DE AGUAS	36	INSTRUMENTACAO BIOMEDICA II	48			ESTAGIO SUPERVISIONADO EM BIOTECNOLOGIA	200	OPERACOES UNITARIAS I	48			FUNDAMENTOS DE ELETRONICA ANALOGICA E DIGITAL	48	INSTRUMENTACAO BIOMEDICA II	48			TERMODINÂMICA APLICADA II	48	SISTEMAS TERMOSOLARES	24					INTRODUÇÃO À NEUROMODULAÇÃO INVASIVA E NÃO-INVASIVA	24					MECÂNICA ESTATÍSTICA I	48					TEORIA ARITMÉTICA DOS NÚMEROS II	48					FÍSICA DO CONTÍNUO	48			TRABALHO DE CONCLUSÃO DE CURSO EM BIOLOGIA	24	QUÍMICA AMBIENTAL	24					MICROECONOMIA I	48			HISTÓRIA DO PENSAMENTO ECONÔMICO	48	ECONOMIA DO SETOR PÚBLICO	48			TRABALHO DE CONCLUSÃO DE CURSO III EM RELAÇÕES INTERNACIONAIS	24	TRAJETÓRIA DOS INVESTIMENTOS PRODUTIVOS NO BRASIL E DO BRASIL	48					PRINCÍPIOS DE ADMINISTRAÇÃO	24								
		FUNDAMENTOS DE ROBOTICA	48					BIOLOGIA CELULAR	72			PROJETO DE GRADUACAO EM COMPUTACAO II	96	PROCESSAMENTO DIGITAL DE IMAGENS	48			TRABALHO DE CONCLUSÃO DE CURSO EM CIÊNCIA DA COMPUTAÇÃO	144	PROGRAMAÇÃO SEGURA	48					COMPUTACAO EVOLUTIVA E CONEXIONISTA	48			FUNDAMENTOS DE ROBÓTICA	48					SISTEMAS MICROPROCESSADOS	48	PROGRAMAÇÃO ORIENTADA A OBJETOS	48			MÉTODOS COMPUTACIONAIS PARA ANÁLISE ESTRUTURAL	48					SISTEMAS E PROCESSOS DE PRODUCAO	48	LOGICA EM SISTEMAS DE GESTAO	48			MATERIAIS COMPÓSITOS	48					SISTEMAS DE ESGOTAMENTO SANITARIO	36	SISTEMAS EMBARCADOS PARA ENGENHARIA BIOMEDICA	48					OPERACOES UNITARIAS II	48			ANALISE E CONTROLE DE SISTEMAS MECANICOS	48	SISTEMAS EMBARCADOS PARA ENGENHARIA BIOMEDICA	48			MATERIAIS E SUAS PROPRIEDADES	48	QUALIDADE DA ENERGIA ELÉTRICA	48					NEUROPSICOLOGIA	48					MECÂNICA ESTATÍSTICA II	48					TEORIA AXIOMÁTICA DE CONJUNTOS	48					ÓPTICA	48			PRÁTICAS DE ECOLOGIA	48	INTRODUÇÃO À NEUROCIÊNCIA	48					MICROECONOMIA II	48			DESIGUALDADES DE RAÇA, GÊNERO E RENDA	48	ECONOMIA DO TRABALHO	48					POLÍTICAS PÚBLICAS SUL-AMERICANAS	48					HABITAÇÃO E ASSENTAMENTOS HUMANOS	48								
		SISTEMAS CAD/CAM	48					BIOLOGIA MOLECULAR E BIOTECNOLOGIA	36			PROJETO DE GRADUACAO EM COMPUTACAO III	96	PROCESSO E DESENVOLVIMENTO DE SOFTWARES EDUCACIONAIS	48			SEGURANÇA DE DADOS	48	ALGORITMOS PROBABILÍSTICOS	48					EMPREENDEDORISMO E DESENVOLVIMENTO DE NEGOCIOS	48			SISTEMAS CAD/CAM	48					FUNDAMENTOS DE ELETROMAGNETISMO APLICADO	48	SISTEMAS DISTRIBUÍDOS	48			SOLUÇÕES PARA DESAFIOS EM ENGENHARIA	24					SISTEMAS DE INFORMACAO CORPORATIVOS	48	MODELOS DE DECISAO MULTICRITERIO	24			PROPRIEDADES MECÂNICAS E TÉRMICAS	48					SISTEMAS DE DRENAGEM URBANA	36	ENGENHARIA DE REABILITACAO E BIOFEEDBACK	48					PARASITOLOGIA	36			FISICA MEDICA II	24	ENGENHARIA DE REABILITACAO E BIOFEEDBACK	48			FUNDAMENTOS DE DESENHO TÉCNICO	24	SISTEMAS DE POTÊNCIA I	48					PSICOMETRIA	48					MECÂNICA QUÂNTICA IV	48					TEORIA DOS JOGOS	48					ESPECTROSCOPIA	72					COMUNICAÇÃO CIENTÍFICA	24					MICROECONOMIA II	48			RELAÇÕES MONETÁRIAS E FINANCEIRAS INTERNACIONAIS	48	INSTITUIÇÕES, MERCADO E PODER	48					REGIMES DE NEGOCIAÇÃO AMBIENTAL INTERNACIONAL E A ATUAÇÃO BRASILEIRA	48					PLANEJAMENTO URBANO E METROPOLITANO	48								
		INTRODUCAO AOS PROCESSOS DE FABRICACAO	48					BIOLOGIA MOLECULAR E BIOTECNOLOGIA	36					PROGRAMACAO AVANCADA PARA DISPOSITIVOS MOVEIS	48					COMBINATÓRIA EXTREMAL	48					LOGICAS NAO CLASSICAS	48			MÁQUINAS ELÉTRICAS	48					INOVAÇÕES PARA ENGENHARIA	24	SISTEMAS OPERACIONAIS	48			DINÂMICA E CONTROLE DE VEÍCULOS ESPACIAIS	48					ENGENHARIA DE SEGURANCA DO TRABALHO	48	GESTAO DA INOVACAO	48			PROPRIEDADES ELÉTRICAS, MAGNÉTICAS E ÓPTICAS	48					PLANEJAMENTO URBANO E METROPOLITANO	48	GESTAO DE TECNOLOGIA HOSPITALAR II	48					POLUICAO ATMOSFERICA	36			BIOMECANICA II	48	GESTAO DE TECNOLOGIA HOSPITALAR II	48			PRINCÍPIOS DE ADMINISTRAÇÃO	24	ANÁLISE ESTÁTICA EM SISTEMAS ELÉTRICOS DE POTÊNCIA	48					AÇÕES EXTENSIONISTAS EM BIOMOLÉCULAS E SUAS FUNÇÕES	48					RELATIVIDADE RESTRITA	48					TEORIA DAS FILAS	48					PRÁTICAS EM QUÍMICA VERDE	48					INTRODUÇÃO À INFERÊNCIA ESTATÍSTICA	48					ECONOMIA MATEMÁTICA	48			MONOGRAFIA III EM CIÊNCIAS ECONÔMICAS	108	MUDANÇA TECNOLÓGICA E DINÂMICA CAPITALISTA NA ECONOMIA CONTEMPORÂNEA	48					REGIMES DE NEGOCIAÇÃO COMERCIAL INTERNACIONAL E A ATUAÇÃO BRASILEIRA	48					SAÚDE AMBIENTAL	24								
		MAQUINAS ELETRICAS	48					BIOLOGIA SINTETICA	24					PROGRAMACAO DE DISPOSITIVOS MOVEIS	24					PRÁTICA AVANÇADA DE PROGRAMAÇÃO A	48					METODOS DE OTIMIZACAO	48			ELETRÔNICA DIGITAL	72					TEORIA DA INFORMAÇÃO E CÓDIGOS	48	ENGENHARIA DE SOFTWARE	48			ESTABILIDADE E CONTROLE DE AERONAVES	48					INOVACOES PARA ENGENHARIA	24	TECNICAS AVANCADAS DE GESTAO DA PRODUCAO	48			CARACTERIZAÇÃO DE MATERIAIS	48					TRANSFERENCIA DE MASSA	48	INSTALACOES HOSPITALARES	48					PRATICAS DE ECOLOGIA	48			PRINCIPIOS DE IMAGENS MEDICAS	48	INSTALACOES HOSPITALARES	48			FUNDAMENTOS DE CONVERSÃO DE ENERGIA ELÉTRICA	48	PROTEÇÃO DE SISTEMAS ELÉTRICOS DE POTÊNCIA	48					LÓGICA BÁSICA	48					FÍSICA DA MATÉRIA CONDENSADA	48					TEORIA DA RECURSÃO E COMPUTABILIDADE	48					QUÍMICA ORGÂNICA APLICADA	48					NEUROPSICOFARMACOLOGIA	48					ECONOMIA POLÍTICA	48					TÓPICOS AVANÇADOS EM MACROECONOMIA	48					REGIMES DE NEGOCIAÇÃO FINANCEIRA INTERNACIONAL E A ATUAÇÃO BRASILEIRA	48					TRANSPORTES E MOBILIDADE URBANA	24								
		LABORATORIO DE MAQUINAS ELETRICAS	24					BIOLOGIA VEGETAL II	60					PROGRAMACAO PARA WEB	48					PRÁTICA AVANÇADA DE PROGRAMAÇÃO B	48					PROCESSAMENTO DIGITAL DE IMAGENS	48			AUTOMAÇÃO DE SISTEMAS INDUSTRIAIS	48					COMUNICAÇÕES ÓPTICAS	48	BANCO DE DADOS	48			AERODINÂMICA I	48					AUTOMACAO EM SISTEMAS DE MANUFATURA	48	PLANEJAMENTO DE EXPERIMENTOS	48			REOLOGIA	48					BIOMAS BRASILEIROS	36	BIOIMPEDANCIA APLICADA	24					PRATICAS EM QUIMICA VERDE	48			INSTRUMENTACAO BIOMEDICA I	48	BIOIMPEDANCIA APLICADA	24			TRANSFERÊNCIA DE CALOR I	48	REDES DE DISTRIBUIÇÃO DE ENERGIA ELÉTRICA	48					DESENVOLVIMENTO E APRENDIZAGEM	48					INTRODUÇÃO A INFORMAÇÃO QUÂNTICA	48					TEORIA DAS DISTRIBUIÇÕES	48					QUÍMICA INORGÂNICA EXPERIMENTAL	48					NEUROBIOLOGIA MOLECULAR E CELULAR	48					DESIGUALDADES DE RAÇA, GÊNERO E RENDA	48					ANÁLISE ECONÔMICA DE PROJETOS	48					ORIENTE MÉDIO NAS RELAÇÕES INTERNACIONAIS	48					RESÍDUOS SÓLIDOS	36								
		ELETROMAGNETISMO APLICADO	48					BIOLOGIA VEGETAL III	60					PROGRAMACAO PARALELA	48					PRÁTICA AVANÇADA DE PROGRAMAÇÃO C	48					PROGRAMACAO PARALELA	48			LABORATÓRIO DE MÁQUINAS ELÉTRICAS	24					ONDAS ELETROMAGNÉTICAS APLICADAS	48	CÁLCULO VETORIAL E TENSORIAL	48			INOVAÇÕES PARA ENGENHARIA	24					DESENVOLVIMENTO INTEGRADO DO PRODUTO	48	SOCIOLOGIA DAS ORGANIZACOES	24			TRABALHO DE GRADUAÇÃO I EM ENGENHARIA DE MATERIAIS	24					SISTEMAS DE TRATAMENTO DE AGUA	36	PROJETO E DESENVOLVIMENTO DE INTERFACES CEREBRO-MAQUINA	48					PRATICAS EXTENSIONISTAS EM BIOTECNOLOGIA	36			SOLUCOES PARA DESAFIOS EM ENGENHARIA	24	PROJETO E DESENVOLVIMENTO DE INTERFACES CEREBRO-MAQUINA	48			MECÂNICA DOS SÓLIDOS I	48	REGULAÇÃO E MERCADO DE ENERGIA ELÉTRICA	24					BIOLOGIA CELULAR	72					LABORATÓRIO DE FÍSICA PARA PROBLEMAS DO COTIDIANO	48					EVOLUÇÃO DOS CONCEITOS MATEMÁTICOS	48					BIOLOGIA MOLECULAR E BIOTECNOLOGIA	36					NEUROANATOMIA	48					MACROECONOMIA PÓS-KEYNESIANA	48					ELABORAÇÃO E ANÁLISE DE CENÁRIOS ECONÔMICOS	48					AS CATEGORIAS DE KARL MARX E A ANÁLISE DO CAPITALISMO CONTEMPORÂNEO	48					REGULAÇÃO AMBIENTAL E URBANÍSTICA	24								
		PROJETO ASSISTIDO POR COMPUTADOR	24					BIOMAS BRASILEIROS	36					PROGRAMACAO SEGURA	48					PROCESSAMENTO DE IMAGENS UTILIZANDO GPU	48					VIDA ARTIFICIAL NA COMPUTACAO	24			TEORIA DE ACIONAMENTOS ELÉTRICOS	48					COMUNICAÇÕES MÓVEIS	48	LABORATÓRIO DE REDES	48			LABORATÓRIO DE GUIAGEM, NAVEGAÇÃO E CONTROLE	48					TRABALHO DE GRADUACAO I EM ENGENHARIA DE GESTAO	24	GESTAO DE PESSOAS	24			SELEÇÃO DE MATERIAIS	48					POLUICAO ATMOSFERICA	36	ULTRASSOM APLICADO A MEDICINA	48					PROCESSOS BIOTECNOLOGICOS PARA PRODUCAO DE BIOCOMBUSTIVEIS	48			BIOSSEGURANCA	48	ULTRASSOM APLICADO A MEDICINA	48			ENGENHARIA ECONÔMICA	48	TÓPICOS DE OTIMIZAÇÃO EM SISTEMAS ELÉTRICOS DE POTÊNCIA E APLICAÇÕES	24					HISTOLOGIA E EMBRIOLOGIA	72					ÓPTICA E FOTÔNICA	48					FILOSOFIA DA MATEMÁTICA	48					FARMACOLOGIA	72					NEUROETOLOGIA	48					MACROECONOMIA II	48					TÓPICOS AVANÇADOS EM MICROECONOMIA	48					CAPITALISMO, IMPERIALISMO E DEPENDÊNCIA	48					MÉTODOS EMPÍRICOS PARA AVALIAÇÃO DE POLÍTICAS PÚBLICAS	48								
		MODELAGEM E CONTROLE	24					BIOMECANICA II	48					PROJETO AVANCADO EM SISTEMAS DE COMPUTACAO	48					PROCESSO E DESENVOLVIMENTO DE SOFTWARES EDUCACIONAIS	48					ALGORITMOS PROBABILISTICOS	48			INTRODUÇÃO AOS PROCESSOS DE FABRICAÇÃO	48					TEORIA DE FILAS E ANÁLISE DE DESEMPENHO	48	PROCESSAMENTO DIGITAL DE IMAGENS	48			AEROELASTICIDADE	48					PROJETO VIRTUAL E INTEGRADO DE MANUFATURA	48	ETICA E RESPONSABILIDADE SOCIAL	24			TRABALHO DE GRADUAÇÃO II EM ENGENHARIA DE MATERIAIS	24					SAUDE AMBIENTAL	24	INTRODUCAO A BIOMECANICA DO CONTINUO	48					PROJETO E DESENVOLVIMENTO DE SISTEMAS PARA ANALISE DE DADOS MEDICOS	48			EQUIPAMENTOS MEDICO-HOSPITALARES	48	INTRODUCAO A BIOMECANICA DO CONTINUO	48			MECÂNICA DOS FLUIDOS I	48	PLANEJAMENTO DA OPERAÇÃO DE SISTEMAS HIDROTÉRMICOS DE POTÊNCIA	24					FUNDAMENTOS DE IMUNOLOGIA	48					ESTRUTURA DA MATÉRIA AVANÇADA	72					FUNÇÕES ESPECIAIS E TEORIA DE REPRESENTAÇÕES DE GRUPOS	48					QUÍMICA DOS MATERIAIS	72					BIOFÍSICA DE MEMBRANAS	72					ECONOMIA BRASILEIRA CONTEMPORÂNEA III	48					TÓPICOS AVANÇADOS EM DESENVOLVIMENTO SOCIOECONÔMICO	48					CONFLITOS, PAZ E NEGOCIAÇÃO INTERNACIONAL (PRÁTICA)	48					CLIMA E CULTURA ORGANIZACIONAL	24								
		INTRODUCAO AO CONTROLE DISCRETO	36					BIOQUIMICA	72					PROJETO DE REDES	48					ROBÓTICA E SISTEMAS INTELIGENTES	48					TOPICOS EMERGENTES EM BANCO DE DADOS	48			SISTEMAS MICROPROCESSADOS	48					TRABALHO DE GRADUAÇÃO I EM ENGENHARIA DE INFORMAÇÃO	24	PROJETO DE REDES	48			PROJETO DE ELEMENTOS ESTRUTURAIS DE AERONAVES I	48					TRABALHO DE GRADUACAO II EM ENGENHARIA DE GESTAO	24	DIREITO APLICADO A GESTAO (EMPRESARIAL)	48			ESTÁGIO CURRICULAR EM ENGENHARIA DE MATERIAIS	168					RESIDUOS SOLIDOS	36	MODELAGEM E SIMULACAO DO MOVIMENTO HUMANO	48					QUIMICA ORGANICA APLICADA	48			TRABALHO DE GRADUACAO I EM ENGENHARIA BIOMEDICA	24	MODELAGEM E SIMULACAO DO MOVIMENTO HUMANO	48			PROJETO DIRIGIDO	24	TECNOLOGIA DA COMBUSTÃO	48					MORFOFISIOLOGIA HUMANA I	72					LIGAÇÕES QUÍMICAS	48					TEORIA BÁSICA DE CATEGORIAS	48					BIOCOMBUSTÍVEIS E BIORREFINARIAS	48					INFERÊNCIA ESTATÍSTICA	48					ECONOMIA E MEIO AMBIENTE	48					TÓPICOS AVANÇADOS EM ECONOMIA INSTITUCIONAL	48					DESLOCAMENTO FORÇADO, REFÚGIO E HUMANITARISMO	48					MODELOS DE COMUNICAÇÃO NAS ORGANIZAÇÕES	24								
		TRABALHO DE GRADUACAO I EM ENGENHARIA DE INSTRUMENTACAO, AUTOMACAO E ROBOTICA	24					BIOQUIMICA EXPERIMENTAL	72					PROJETO INTERDISCIPLINAR	48					ROBÓTICA EDUCACIONAL	48					VISUALIZACAO DE DADOS E INFORMACOES	48			FOTÔNICA	48					TRABALHO DE GRADUAÇÃO II EM ENGENHARIA DE INFORMAÇÃO	24	REDES CONVERGENTES	48			SISTEMAS DE PROPULSÃO I	48					PLANEJAMENTO E CONTROLE DE PROJETOS	48	JOGOS DE EMPRESAS	48			TRABALHO DE GRADUAÇÃO III EM ENGENHARIA DE MATERIAIS	24					SOLUCOES PARA DESAFIOS EM ENGENHARIA	24	APLICACOES DE ELEMENTOS FINITOS PARA ENGENHARIA	48					RESIDUOS SOLIDOS	36			INOVACOES PARA ENGENHARIA	24	APLICACOES DE ELEMENTOS FINITOS PARA ENGENHARIA	48			MÁQUINAS ELÉTRICAS	48	MOTORES DE COMBUSTÃO INTERNA	24					MORFOFISIOLOGIA HUMANA II	72					TERMODINÂMICA QUÍMICA	48					TÓPICOS DE ANÁLISE DE FOURIER	48					MEIO AMBIENTE E INDÚSTRIA	24					DOENÇAS DO SISTEMA NERVOSO	48					ECONOMETRIA I	48					TÓPICOS AVANÇADOS EM HISTÓRIA ECONÔMICA	48					DIÁSPORAS AFRICANAS E AS RELAÇÕES INTERNACIONAIS	48					MODELOS E PRÁTICAS COLABORATIVAS EM CT&I	48								
		TRABALHO DE GRADUACAO II EM ENGENHARIA DE INSTRUMENTACAO, AUTOMACAO E ROBOTICA	24					BIOQUIMICA FUNCIONAL	72					REDES CONVERGENTES	48					SEMÂNTICA DE LINGUAGEM DE PROGRAMAÇÃO	48					INFERENCIA ESTATISTICA	48			INTRODUÇÃO AO CONTROLE DISCRETO	36					TRABALHO DE GRADUAÇÃO III EM ENGENHARIA DE INFORMAÇÃO	24	REDES SEM FIO	48			TRABALHO DE GRADUAÇÃO I EM ENGENHARIA AEROESPACIAL	24					PROJETOS INDUSTRIAIS	48	EFICIENCIA ENERGETICA	48									AVALIACAO DE IMPACTOS AMBIENTAIS	48	FISICA DO CORPO HUMANO	36					SENSORES BIOMEDICOS	24			TRABALHO DE GRADUACAO II EM ENGENHARIA BIOMEDICA	24	FISICA DO CORPO HUMANO	36			INSTALAÇÕES ELÉTRICAS I	48	TRANSFERÊNCIA DE CALOR INDUSTRIAL	48					MORFOFISIOLOGIA HUMANA III	72					INTRODUÇÃO À TRANSFERÊNCIA DE CALOR, MASSA E MOVIMENTAÇÃO DE FLUIDOS	48					MECÂNICA ESTATÍSTICA	72					PROCESSOS INDUSTRIAIS CERÂMICOS	48					DESENVOLVIMENTO E DEGENERAÇÃO DO SISTEMA NERVOSO	48					ECONOMETRIA II	48					CAPITALISMO CONTEMPORÂNEO	48					DIREITO INTERNACIONAL PRIVADO	48					PENSAMENTO LATINO-AMERICANO E POLÍTICAS DE CT&I	48								
		TRABALHO DE GRADUACAO III EM ENGENHARIA DE INSTRUMENTACAO, AUTOMACAO E ROBOTICA	24					BIOSSEGURANCA	48					REDES SEM FIO	48					SISTEMAS MULTI-ROBÔS SOCIAIS	48					INTRODUCAO A ANALISE ESTOCASTICA EM FINANCAS	48			TRABALHO DE GRADUAÇÃO I EM ENGENHARIA DE INSTRUMENTAÇÃO, AUTOMAÇÃO E ROBÓTICA	24					ESTÁGIO CURRICULAR EM ENGENHARIA DE INFORMAÇÃOh	168	SEGURANÇA EM REDES	48			TRABALHO DE GRADUAÇÃO II EM ENGENHARIA AEROESPACIAL	24					TRABALHO DE GRADUACAO III EM ENGENHARIA DE GESTAO	24	MACROECONOMIA	24									TRATAMENTO DE AGUAS URBANAS SERVIDAS	36	TECNICAS NUCLEARES APLICADAS AS CIENCIAS DA SAUDE	60					SISTEMAS DE TRATAMENTO DE AGUA	36			TRABALHO DE GRADUACAO III EM ENGENHARIA BIOMEDICA	24	TECNICAS NUCLEARES APLICADAS AS CIENCIAS DA SAUDE	60			ENGENHARIA NUCLEAR	48	GERAÇÃO DE VAPOR	48					GENÉTICA I	72					ÉTICA	48					TEORIA DA RELATIVIDADE	48					QUÍMICA INORGÂNICA AVANÇADA	48					INTRODUÇÃO À BIOESTATÍSTICA	48					ECONOMETRIA III	48					TÓPICOS AVANÇADOS EM ECONOMIA E PLANEJAMENTO TERRITORIAL	48					POLÍTICA INTERNACIONAL DA EUROPA	48					POLÍTICAS CULTURAIS	48								
		ESTAGIO CURRICULAR EM ENGENHARIA DE INSTRUMENTACAO, AUTOMACAO E ROBOTICA	168					BIOTECNOLOGIA DE PLANTAS	48					REDES WAN DE BANDA LARGA	48					TEORIA ESPECTRAL DE GRAFOS	48					TEORIA DOS JOGOS	48			TRABALHO DE GRADUAÇÃO II EM ENGENHARIA DE INSTRUMENTAÇÃO, AUTOMAÇÃO E ROBÓTICA	24							INTRODUÇÃO À PROGRAMAÇÃO DE JOGOS	48			TRABALHO DE GRADUAÇÃO III EM ENGENHARIA AEROESPACIAL	24					ESTAGIO CURRICULAR EM ENGENHARIA DE GESTAO	168	MICROECONOMIA	24									PROJETO AMBIENTAL URBANO	48	ASPECTOS HUMANISTICOS NO USO DE TECNOLOGIA NA SAUDE	24					SISTEMATICA E BIOGEOGRAFIA	48			ESTAGIO CURRICULAR EM ENGENHARIA BIOMEDICA	168	ASPECTOS HUMANISTICOS NO USO DE TECNOLOGIA NA SAUDE	24			ENGENHARIA EÓLICA	48	MÁQUINAS TÉRMICAS DE FLUXO	48					MORFOFISIOLOGIA ANIMAL COMPARADA	48					LÓGICA BÁSICA	48					ANÁLISE DE FOURIER E APLICAÇÕES	48					TEORIA DE GRUPOS: MOLÉCULAS E SÓLIDOS	24					PRÁTICAS EM NEUROBIOLOGIA MOLECULAR	24					ECONOMIA MONETÁRIA	48					MICROECONOMIA SISTÊMICA AMBIENTAL	48					RELAÇÕES INTERNACIONAIS E ARTE	48					REGULAÇÃO E AGÊNCIAS REGULADORAS NO CONTEXTO BRASILEIRO	48								
		BASES BIOLOGICAS PARA ENGENHARIA II	60					CALCULO AVANCADO	48					ROBOTICA E SISTEMAS INTELIGENTES	48					TÓPICOS EMERGENTES EM BANCO DE DADOS	48					TEORIA DAS FILAS	48			TRABALHO DE GRADUAÇÃO III EM ENGENHARIA DE INSTRUMENTAÇÃO, AUTOMAÇÃO E ROBÓTICA	24											ESTÁGIO CURRICULAR EM ENGENHARIA AEROESPACIAL	168							ANALISE DE BALANCO	48									TRABALHO DE GRADUACAO I EM ENGENHARIA AMBIENTAL E URBANA	24	TECNICAS DE IMAGEAMENTO E METROLOGIA OPTICA NO MACRO E MICRODIAGNOSTICO DE SISTEMAS BIOLOGICOS	48					TECNICAS APLICADAS A PROCESSOS BIOTECNOLOGICOS	72					TECNICAS DE IMAGEAMENTO E METROLOGIA OPTICA NO MACRO E MICRODIAGNOSTICO DE SISTEMAS BIOLOGICOS	48			ENGENHARIA DE BIOCOMBUSTÍVEIS	48	COGERAÇÃO	24					BIOFÍSICA	48					LIBRAS	48					MECÂNICA CLÁSSICA I	48					QUÍMICA DE ALIMENTOS	48					INTRODUÇÃO À NEUROIMUNOLOGIA	24					QUESTÕES METODOLÓGICAS EM ECONOMIA	48					MÉTODOS EMPÍRICOS PARA AVALIAÇÃO DE POLÍTICAS PÚBLICAS	48					TEORIA E PRÁTICA DA COOPERAÇÃO INTERNACIONAL	48					ARTE, CIÊNCIA, TECNOLOGIA E POLÍTICA	48								
		CIENCIA DOS MATERIAIS BIOCOMPATIVEIS	48					CALCULO DE PROBABILIDADE	48					ROBOTICA EDUCACIONAL	48					TÉCNICAS AVANÇADAS DE PROGRAMAÇÃO	48					LOGICA BASICA	48			ESTÁGIO CURRICULAR EM ENGENHARIA DE INSTRUMENTAÇÃO, AUTOMAÇÃO E ROBÓTICA	168																			MINERACAO DE DADOS APLICADA A ENGENHARIA DE GESTAO	48									INOVACOES PARA ENGENHARIA	24	TECNICAS DE ANALISE ESTRUTURAL E PROJETO DE SISTEMAS DINAMICOS	60					TECNOLOGIAS ALTERNATIVAS DE TRATAMENTO DE AGUA E EFLUENTES	36					TECNICAS DE ANALISE ESTRUTURAL E PROJETO DE SISTEMAS DINAMICOS	60			TRABALHO DE GRADUAÇÃO I EM ENGENHARIA DE ENERGIA	24	TURBINAS HIDRÁULICAS	48					BIOLOGIA DO DESENVOLVIMENTO EM VERTEBRADOS	48					FÍSICA DO CONTÍNUO	48					MECÂNICA CLÁSSICA II	48					TECNOLOGIA DE BIOMATERIAIS	48					AÇÕES EXTENSIONISTAS EM BIODIVERSIDADE E EVOLUÇÃO	48					MONOGRAFIA I	96					MODELAGEM ECONÔMICA NO SÉCULO XXI	48					TÓPICOS ESPECIAIS EM DIREITO INTERNACIONAL, MULTILATERALISMO E DIREITOS HUMANOS	48					CIÊNCIA, SAÚDE, EDUCAÇÃO E A FORMAÇÃO DA NACIONALIDADE	48								
		BIOSSEGURANCA	48					CALCULO NUMERICO	48					SEGURANCA EM REDES	48					VISUALIZAÇÃO DE DADOS E INFORMAÇÕES	48					PODER E CULTURA NA SOCIEDADE DA INFORMACAO	48																							GESTAO AMBIENTAL NA INDUSTRIA	36									HABITACAO E ASSENTAMENTOS HUMANOS	48	NORMAS DE SEGURANCA E DESEMPENHO APLICADAS A EQUIPAMENTOS MEDICOS E HOSPITALARES	36					TOXICOLOGIA	72					NORMAS DE SEGURANCA E DESEMPENHO APLICADAS A EQUIPAMENTOS MEDICOS E HOSPITALARES	36			TRABALHO DE GRADUAÇÃO II EM ENGENHARIA DE ENERGIA	24	VENTILADORES INDUSTRIAIS	48					DINÂMICA NÃO LINEAR E CAOS	48					ÓPTICA	48					MODELAGEM MOLECULAR DE SISTEMAS BIOLÓGICOS	48					CONCEITOS E MODELOS DA QUÍMICA MODERNA	24					AÇÕES EXTENSIONISTAS EM BIOMOLÉCULAS E SUAS FUNÇÕES	48					MONOGRAFIA II	108					FINANÇAS I	48					TÓPICOS ESPECIAIS EM ECONOMIA POLÍTICA INTERNACIONAL	48					DIVERSIDADE CULTURAL, CONHECIMENTO LOCAL E POLÍTICAS PÚBLICAS	48								
		ANALISE E CONTROLE DE SISTEMAS MECANICOS	48					CALCULO VETORIAL E TENSORIAL	48					SEMANTICA DE LINGUAGEM DE PROGRAMACAO	48					DESENVOLVIMENTO GUIADO POR TIPOS	48					PROVAS E MODELOS	48																							PROCESSOS DISCRETOS DE PRODUCAO	48									ANALISE DE SISTEMAS E MODELAGEM AMBIENTAL	36	NEUROCIENCIA TEORICA E COMPUTACIONAL	48					VIROLOGIA	48					NEUROCIENCIA TEORICA E COMPUTACIONAL	48			TRABALHO DE GRADUAÇÃO III EM ENGENHARIA DE ENERGIA	24	BOMBAS HIDRÁULICAS	48					TECNOLOGIAS DA INFORMAÇÃO E COMUNICAÇÃO NA EDUCAÇÃO	36					FÍSICA ONDULATÓRIA	48					DINÂMICA NÃO LINEAR E CAOS	48					SEGURANÇA EM LABORATÓRIOS DE QUÍMICA	24					AÇÕES EXTENSIONISTAS EM BOTÂNICA	24					TÉCNICAS DE PESQUISA EM ECONOMIA	60					FINANÇAS II	48					TÓPICOS ESPECIAIS EM RELAÇÕES INTERNACIONAIS	48					GESTÃO DE PROJETOS CULTURAIS	48								
		PRINCIPIOS DE ETICA EM SERVICOS DE SAUDE	24					CARACTERIZACAO DE BIOMATERIAIS	60					SISTEMAS DE GERENCIAMENTO DE BANCO DE DADOS	48					PROJETO AVANÇADO EM SISTEMAS DE COMPUTAÇÃO	48					COMPUTABILIDADE E COMPLEXIDADE	48																							PROCESSOS DE PRODUCAO NA INDUSTRIA DA CONSTRUCAO CIVIL	48									TRABALHO DE GRADUACAO II EM ENGENHARIA AMBIENTAL E URBANA	24	PROCESSAMENTO DE SINAIS NEURAIS	48					ZOOLOGIA DE ECDYSOZOA	72					PROCESSAMENTO DE SINAIS NEURAIS	48			ESTÁGIO CURRICULAR EM ENGENHARIA DE ENERGIA	168	REFRIGERAÇÃO E CONDICIONAMENTO DE AR	48											MECÂNICA CLÁSSICA II	48					FUNDAMENTOS DA RELATIVIDADE GERAL	48					FILOSOFIA DA QUÍMICA	24					AÇÕES EXTENSIONISTAS EM FISIOLOGIA E SAÚDE	24					CIDADANIA, DIREITOS E DESIGUALDADES	48					TÓPICOS ESPECIAIS EM ECONOMIA FINANCEIRA	48					TÓPICOS ESPECIAIS SOBRE O SUL GLOBAL	48					INTRODUÇÃO À PROSPECÇÃO TECNOLÓGICA	48								
		METODOS DE ELEMENTOS FINITOS APLICADOS A SISTEMAS BIOMEDICOS	36					CARACTERIZACAO DE MATERIAIS	48					SISTEMAS DE INFORMACAO	48					INFERÊNCIA ESTATÍSTICA	48					GENOMICA E POS-GENOMICA	72																							RISCOS	48									TRANSPORTES E MOBILIDADE URBANA	24	CIRCUITOS DIGITAIS	48					ZOOLOGIA DE VERTEBRADOS	72					CIRCUITOS DIGITAIS	48					TRANSFERÊNCIA DE CALOR E MECÂNICA DOS FLUIDOS COMPUTACIONAL I	48											ELETROMAGNETISMO II	48					TEORIA CLÁSSICA DOS CAMPOS	48					HISTÓRIA DA QUÍMICA	24					AÇÕES EXTENSIONISTAS EM MICROBIOLOGIA, AMBIENTE E SAÚDE	24					CONFLITOS SOCIAIS	48					ECONOMIA COMPORTAMENTAL	48					DESENVOLVIMENTO HUMANO E POBREZA URBANA	48					MEMÓRIA, IDENTIDADES SOCIAIS E CIDADANIA NAS SOCIEDADES COMPLEXAS CONTEMPORÂNEAS	48								
		COMPUTACAO CIENTIFICA APLICADA A PROBLEMAS BIOLOGICOS	48					CARACTERIZACAO DE MATRIZES AMBIENTAIS	36					SISTEMAS INTELIGENTES	48					INTRODUÇÃO À CRIPTOGRAFIA	48																													CALCULO VETORIAL E TENSORIAL	48									TRABALHO DE GRADUACAO III EM ENGENHARIA AMBIENTAL E URBANA	24	CALCULO VETORIAL E TENSORIAL	48					ZOOLOGIA: ORIGEM E DIVERSIFICACAO DE METAZOA	72					CALCULO VETORIAL E TENSORIAL	48					TRANSFERÊNCIA DE CALOR E MECÂNICA DOS FLUIDOS COMPUTACIONAL II	48											TRABALHO DE CONCLUSÃO DE CURSO EM FÍSICA	24					TEORIA DE GRUPOS EM FÍSICA	48					FUNDAMENTOS DA BIOTECNOLOGIA	24					AÇÕES EXTENSIONISTAS EM ZOOLOGIA	24					FEDERALISMO E POLÍTICAS PÚBLICAS	48					ECONOMIA DINÂMICA EM TEMPO CONTÍNUO	48					SUSTENTABILIDADE E INDICADORES	48					SINDICALISMO E MOVIMENTOS SOCIAIS	48								
		BIOESTATISTICA	48					CARTOGRAFIA E GEOPROCESSAMENTO	48					SISTEMAS MULTI-ROBOS SOCIAIS	48					INTRODUÇÃO À MODELAGEM E PROCESSOS ESTOCÁSTICOS	48																																							ESTAGIO CURRICULAR EM ENGENHARIA AMBIENTAL E URBANA	168	MINERACAO DE DADOS	48											MINERACAO DE DADOS	48					ENGENHARIA DO BIODIESEL	48											ESPECTROSCOPIA	72					MECÂNICA CLÁSSICA III	48					TECNOLOGIA DE FERMENTAÇÕES	48					BIOQUÍMICA DO SISTEMA NERVOSO CENTRAL	48					GOVERNO, BUROCRACIA E ADMINISTRAÇÃO PÚBLICA	48					ECONOMIA DINÂMICA EM TEMPO DISCRETO	48					URBANIZAÇÃO BRASILEIRA	48					TECNOLOGIAS SOCIAIS	48								
		SENSORES BIOMEDICOS	24					CIDADANIA, DIREITOS E DESIGUALDADES	48					SISTEMAS MULTIAGENTES	48					TEORIA DAS FILAS	48																																									DOENCAS DO SISTEMA NERVOSO	48											DOENCAS DO SISTEMA NERVOSO	48					ENGENHARIA DO ETANOL	48											BIOFÍSICA	48					EQUAÇÕES DIFERENCIAIS PARCIAIS APLICADAS	48					ENZIMOLOGIA E BIOCATÁLISE	72					LIBRAS	48					INDICADORES DE POLÍTICAS PÚBLICAS	48					MICROECONOMIA DO DESENVOLVIMENTO	48					DINÂMICAS TERRITORIAIS E RELAÇÕES ÉTNICO-RACIAIS NO BRASIL	48					ATORES E INSTITUIÇÕES NO REGIME MILITAR: 1964 1985	48								
		FUNDAMENTOS DE ELETRONICA ANALOGICA E DIGITAL	48					CIENCIA DOS MATERIAIS	48					SISTEMAS MULTIMIDIA	48					TEORIA DA RECURSÃO E COMPUTABILIDADE	48																																									ERGONOMIA COGNITIVA	48											ERGONOMIA COGNITIVA	48					OPERAÇÕES E EQUIPAMENTOS INDUSTRIAIS I	48											DINÂMICA NÃO LINEAR E CAOS	48											LABORATÓRIO DE BIOPROCESSOS	48					BIOQUÍMICA EXPERIMENTAL	72					INOVAÇÃO NOS SERVIÇOS PÚBLICOS	48					MICROECONOMIA: PROBLEMAS AVANÇADOS E TÉCNICAS DE RESOLUÇÃO	48					COMPUTADORES, ÉTICA E SOCIEDADE	24					POLÍTICAS DE SEGURANÇA PÚBLICA E VIOLÊNCIA	48								
		FISICA MEDICA I	48					CIENCIA DOS MATERIAIS BIOCOMPATIVEIS	48					TECNICAS AVANCADAS DE PROGRAMACAO	48					TECNOLOGIAS DA INFORMAÇÃO E COMUNICAÇÃO NA EDUCAÇÃO	36																																									BIOETICA	24											BIOETICA	24					OPERAÇÕES E EQUIPAMENTOS INDUSTRIAIS II	48											ESTRUTURA ATÔMICA E MOLECULAR	48											PROTEÍNAS RECOMBINANTES	48					EDUCAÇÃO CIENTÍFICA, SOCIEDADE E CULTURA	48					INTRODUÇÃO AO DIREITO ADMINISTRATIVO	48					TÓPICOS AVANÇADOS EM FINANÇAS	48					INTRODUÇÃO À FILOSOFIA DA MENTE	24					POLÍTICAS DE SAÚDE	48								
		MODELAGEM DE SISTEMAS DINAMICOS II	48					CIENCIAS ATMOSFERICAS	48					TECNOLOGIAS DA INFORMACAO E COMUNICACAO NA EDUCACAO	36																																															BIOQUIMICA FUNCIONAL	72											BIOQUIMICA FUNCIONAL	72					ARMAZENAMENTO DE ENERGIA ELÉTRICA	48											EVOLUÇÃO DA FÍSICA I	48											SEGURANÇA E REGULAMENTAÇÃO EM BIOTECNOLOGIA	24					BIOFÍSICA	48					INTRODUÇÃO AO DIREITO CONSTITUCIONAL	48					EMPREENDEDORISMO	48					ÉTICA CONTEMPORÂNEA	48					POLÍTICAS DE EDUCAÇÃO	48								
		BIOMECANICA II	48					CIRCUITOS ELETRICOS E FOTONICA	48					TEORIA DA RECURSAO E COMPUTABILIDADE	48																																															GENETICA MOLECULAR	48											GENETICA MOLECULAR	48					FÍSICA DE REATORES NUCLEARES	48											FÍSICA COMPUTACIONAL	48											ENGENHARIA METABÓLICA	48					BIOLOGIA DO DESENVOLVIMENTO EM VERTEBRADOS	48					INTRODUÇÃO ÀS POLÍTICAS PÚBLICAS	48					GESTÃO ESTRATÉGICA E ORGANIZACIONAL	48					FILOSOFIA NO BRASIL E NA AMÉRICA LATINA	48					ADMINISTRAÇÃO PÚBLICA E REFORMA DO ESTADO EM PERSPECTIVA COMPARADA	48								
		FISICA MEDICA II	24					CIRCUITOS ELETRICOS I	60					TEORIA ESPECTRAL DE GRAFOS	48																																															HISTOLOGIA E EMBRIOLOGIA	72											HISTOLOGIA E EMBRIOLOGIA	72					TERMO HIDRÁULICA DE REATORES NUCLEARES	48											FÍSICA DE SEMICONDUTORES	48											EMPREENDEDORISMO E PLANEJAMENTO DE PROJETOS EM BIOTECNOLOGIA	48					BIOLOGIA MOLECULAR E BIOTECNOLOGIA	36					MÉTODOS QUANTITATIVOS PARA CIÊNCIAS SOCIAIS	48					GESTÃO DA INOVAÇÃO	24					FILOSOFIA POLÍTICA	48					INDICADORES DE POLÍTICAS PÚBLICAS	48								
		METODOS MATEMATICOS APLICADOS A SISTEMAS BIOMEDICOS	72					CIRCUITOS ELETRICOS II	60					TOPICOS EMERGENTES EM BANCO DE DADOS	48																																															MORFOFISIOLOGIA HUMANA I	72											MORFOFISIOLOGIA HUMANA I	72					REFINO DO PETRÓLEO	48											FUNDAMENTOS DA RELATIVIDADE GERAL	48																	BOTÂNICA ECONÔMICA	48					POLÍTICAS SOCIAIS	48					DESIGUALDADES REGIONAIS E FORMAÇÃO SOCIOESPACIAL DO BRASIL	48					FILOSOFIA POLÍTICA CONTEMPORÂNEA	48					INOVAÇÃO NOS SERVIÇOS PÚBLICOS	48								
		TRABALHO DE GRADUACAO I EM ENGENHARIA BIOMEDICA	24					CLIMATOLOGIA	36					VIDA ARTIFICIAL NA COMPUTACAO	24																																															MORFOFISIOLOGIA HUMANA II	72											MORFOFISIOLOGIA HUMANA II	72					ESCOAMENTO MULTIFÁSICO	48											INTRODUÇÃO À COSMOLOGIA	48																	CITOGENÉTICA BÁSICA	60					REGIMES E FORMAS DE GOVERNO	48					MODELOS E PRÁTICAS COLABORATIVAS EM CT&I	48					HISTÓRIA DA FILOSOFIA CONTEMPORÂNEA: O SÉCULO XIX	48					MEIO AMBIENTE E POLÍTICAS PÚBLICAS	48								
		TRABALHO DE GRADUACAO II EM ENGENHARIA BIOMEDICA	24					CODIFICACAO DE SINAIS MULTIMIDIA	48					VISAO COMPUTACIONAL	48																																															MORFOFISIOLOGIA HUMANA III	72											MORFOFISIOLOGIA HUMANA III	72					APROVEITAMENTO ENERGÉTICO DE RESÍDUOS	48											INTRODUÇÃO À FÍSICA DE PARTÍCULAS ELEMENTARES	48																	CONSERVAÇÃO DA BIODIVERSIDADE	48					TEMAS CONTEMPORÂNEOS	48					PENSAMENTO LATINO-AMERICANO E POLÍTICAS DE CT&I	48					HISTÓRIA DA FILOSOFIA CONTEMPORÂNEA: O SÉCULO XX	48					ANÁLISE SOCIAL DA FAMÍLIA E IMPLEMENTAÇÃO DE POLÍTICAS PÚBLICAS	48								
		TRABALHO DE GRADUACAO III EM ENGENHARIA BIOMEDICA	24					COMBINATORIA EXTREMAL	48					VISUALIZACAO DE DADOS E INFORMACOES	48																																															BIOFISICA	48											BIOFISICA	48					ILUMINAÇÃO RURAL FOTOVOLTAICA	48											INTRODUÇÃO À FÍSICA NUCLEAR	48																	ETNOFARMACOLOGIA	36					TRAJETÓRIAS DAS POLÍTICAS DE CT&I NO BRASIL	48					POLÍTICAS PÚBLICAS DE INTERVENÇÃO TERRITORIAL NO BRASIL	48					BIOÉTICA	24					POLÍTICAS PÚBLICAS DE DESENVOLVIMENTO SUSTENTÁVEL E ECONOMIA SOLIDÁRIA	48								
		ESTAGIO CURRICULAR EM ENGENHARIA BIOMEDICA	168					COMBUSTAO I	48					WEB SEMANTICA	48																																															LABORATORIO DE FISICA MEDICA	36											LABORATORIO DE FISICA MEDICA	36					ENERGIA GEOTÉRMICA	24											LABORATÓRIO DE PROPRIEDADES FÍSICAS DE MATERIAIS	48																	EVOLUÇÃO MOLECULAR	36					CULTURA POLÍTICA	48					INDICADORES DE POLÍTICAS PÚBLICAS	48					EDUCAÇÃO CIENTÍFICA, SOCIEDADE E CULTURA	48					CONTRADIÇÕES E DILEMAS DO SETOR AGRÁRIO LATINO-AMERICANO	48								
		FONTES RENOVAVEIS DE ENERGIA	48					COMPUTACAO CIENTIFICA APLICADA A PROBLEMAS BIOLOGICOS	48																																																																							ENERGIA DOS OCEANOS	48											MÉTODOS DE FORMAÇÃO DE IMAGEM E DE INSPEÇÃO NUCLEAR	48																	FARMACOLOGIA	72					FORMAÇÃO HISTÓRICA DO BRASIL CONTEMPORÂNEO	48					DESAFIOS DO PRÉ-SAL E A INSERÇÃO INTERNACIONAL DO BRASIL	48					ANTROPOLOGIA FILOSÓFICA	48					DIREITOS HUMANOS, PUNIÇÃO E POLÍTICAS PÚBLICAS	48								
		FONTES NAO-RENOVAVEIS DE ENERGIA	48					COMPUTACAO EVOLUTIVA E CONEXIONISTA	48																																																																							SISTEMAS FOTOVOLTAICOS CONECTADOS À REDE ELÉTRICA	48											MICROSCOPIA ELETRÔNICA	48																	HISTÓRIA DAS IDEIAS BIOLÓGICAS	24					MÉTODOS DE PESQUISA EM POLÍTICAS PÚBLICAS	48					DINÂMICA DOS INVESTIMENTOS PRODUTIVOS INTERNACIONAIS	48					PODER E CULTURA NA SOCIEDADE DA INFORMAÇÃO	48					EDUCAÇÃO E DESIGUALDADES	48								
		ANALISE ECONOMICA DE PROJETOS ENERGETICOS	48					COMUNICACAO DIGITAL	48																																																																							SISTEMAS FOTOVOLTAICOS ISOLADOS	48											NOÇÕES DE ASTRONOMIA E COSMOLOGIA	48																	PARASITOLOGIA	36					OBSERVATÓRIO DE POLÍTICAS PÚBLICAS	48					REGIMES DE NEGOCIAÇÃO FINANCEIRA INTERNACIONAL E A ATUAÇÃO BRASILEIRA	48					FILOSOFIA AFRICANA	48					ELEIÇÕES E PARTIDOS POLÍTICOS	48								
		INTRODUCAO AOS SISTEMAS ELETRICOS DE POTENCIA	48					COMUNICACAO, CIENCIA E TECNOLOGIA	36																																																																							MATERIAIS E TECNOLOGIAS DE CONVERSÃO FOTOVOLTAICA	24											TECNOLOGIA DO VÁCUO E CRIOGENIA	48																	TOXICOLOGIA	72					PARTICIPAÇÃO, MOVIMENTOS SOCIAIS E POLÍTICAS PÚBLICAS	48					DESENVOLVIMENTO HUMANO E POBREZA URBANA	48					PENSAMENTO E CINEMA	48					GOVERNANÇA, POLÍTICAS PÚBLICAS E RESISTÊNCIA EM TEMPOS DE CRISES MÚLTIPLAS	48								
		INSTALACOES ELETRICAS I	48					COMUNICACOES MOVEIS	48																																																																							IMPACTOS ECONÔMICOS E SOCIOAMBIENTAIS DA GERAÇÃO FOTOVOLTAICA	24											TEORIA CLÁSSICA DOS CAMPOS	48																	VIROLOGIA	48					PODER LOCAL	48					INFORMÁTICA APLICADA AO PLANEJAMENTO TERRITORIAL	48					TEORIA DAS CIÊNCIAS HUMANAS	48					NOVAS ABORDAGENS TEÓRICAS EM POLÍTICAS PÚBLICAS	48								
		OPERACAO DE SISTEMAS ELETRICOS DE POTENCIA	48					COMUNICACOES OPTICAS	48																																																																							ELETRIFICAÇÃO RURAL COM RECURSOS ENERGÉTICOS RENOVÁVEIS	48											TEORIA DE GRUPOS EM FÍSICA	48																	ASTROBIOLOGIA	48					POLÍTICAS PÚBLICAS PARA SOCIEDADE DA INFORMAÇÃO	48					MODELOS ECONÔMICOS E ANÁLISE DAS DINÂMICAS TERRITORIAIS	48											PERIFERIAS URBANAS, DIREITO À CIDADE E POLÍTICAS PÚBLICAS	48								
		TERMODINAMICA APLICADA II	48					CONFLITOS NO CIBERESPACO: ATIVISMO E GUERRA NAS REDES CIBERNETICAS	48																																																																							POLÍTICA ENERGÉTICA	48											TÓPICOS EM FÍSICA TEÓRICA	48																	BIOLOGIA REPRODUTIVA DE PLANTAS	48					TEORIA E GESTÃO DE ORGANIZAÇÕES PÚBLICAS	48					ALGORITMOS E ESTRUTURAS DE DADOS I	48											POLÍTICA PREVIDENCIÁRIA, INTERESSES ORGANIZADOS E PROCESSO DECISÓRIO	48								
		MECANICA DOS FLUIDOS II	48					CONHECIMENTO E TECNICA: PERSPECTIVAS DA ANTIGUIDADE E PERIODO MEDIEVAL	48																																																																							PROJETO DE MICROTURBINAS EÓLICAS	24											TÓPICOS EM FÍSICA EXPERIMENTAL	48																	BIOQUÍMICA CLÍNICA	72					PLANEJAMENTO ORÇAMENTÁRIO	48					PROGRAMAÇÃO MATEMÁTICA	48											POLÍTICAS PÚBLICAS DE JUVENTUDE	48								
		TRANSFERENCIA DE CALOR II	48					CONSERVACAO DA BIODIVERSIDADE	48																																																																							PROJETO DE GERADORES ELÉTRICOS PARA ENERGIA EÓLICA	24											MECÂNICA CLÁSSICA III	48																	MODELAGEM MOLECULAR DE SISTEMAS BIOLÓGICOS	48					AVALIAÇÃO E MONITORAMENTO DE POLÍTICAS PÚBLICAS	48					PROGRAMAÇÃO ESTRUTURADA	48											POLÍTICAS PÚBLICAS E DESIGUALDADES DE GÊNERO E RAÇA	48								
		SISTEMAS TERMICOS	48					CONSTRUCOES GEOMETRICAS E GEOMETRIA METRICA	48																																																																							EFICIÊNCIA ENERGÉTICA INDUSTRIAL	48											ELETROMAGNETISMO III	48																	REPRODUÇÃO ASSISTIDA EM MAMÍFEROS	48					PODER LEGISLATIVO E PROCESSO DECISÓRIO	48					BANCO DE DADOS	48											TÓPICOS ESPECIAIS EM POLÍTICAS PÚBLICAS	48								
		FUNDAMENTOS DE CONVERSAO DE ENERGIA ELETRICA	48					CULTURA, DEMOCRACIA E CIDADANIA	24																																																																							DESAFIOS DO PRÉ-SAL E A INSERÇÃO INTERNACIONAL DO BRASIL	48											MECÂNICA QUÂNTICA III	48																	TÉCNICAS APLICADAS A PROCESSOS BIOTECNOLÓGICOS	72					TCC DE POLÍTICAS PÚBLICAS I	48					ÁLGEBRA LINEAR	72											PRÁTICAS EXTENSIONISTAS EM POLÍTICAS PÚBLICAS	48								
		FUNDAMENTOS DE SISTEMAS DINAMICOS	48					CUSTOS	72																																																																							ENERGIA NUCLEAR E RELAÇÕES INTERNACIONAIS	48											EQUAÇÕES DIFERENCIAIS PARCIAIS APLICADAS	48																	TRABALHOS DE CAMPO, COLETA E PRESERVAÇÃO DE ORGANISMOS	48					TCC DE POLÍTICAS PÚBLICAS II	48					ANÁLISE REAL I	48											PRÁTICAS EXTENSIONISTAS EM POLÍTICAS PÚBLICAS II	48								
		INSTALACOES ELETRICAS II	48					DESAFIOS DO PRE-SAL E A INSERCAO INTERNACIONAL DO BRASIL	48																																																																							TRAJETÓRIA DA OPEP E DA AGÊNCIA INTERNACIONAL DE ENERGIA (IEA)	48											LABORATÓRIO DE FÍSICA MÉDICA	36																	IMUNOLOGIA APLICADA	48					ANÁLISE DA CONJUNTURA INTERNACIONAL CONTEMPORÂNEA	48					CÁLCULO NUMÉRICO	48											PRÁTICAS EXTENSIONISTAS EM POLÍTICAS PÚBLICAS III	48								
		TRANSFERENCIA DE CALOR I	48					DESEMPENHO DE AERONAVES	48																																																																							TRAJETÓRIA DE DESENVOLVIMENTO DE PAÍSES EXPORTADORES DE PETRÓLEO	48											LASERS E ÓPTICA MODERNA	48																	HISTÓRIA DAS CIÊNCIAS NO BRASIL	48					DIREITO INTERNACIONAL PÚBLICO	48					MATEMÁTICA DISCRETA	48											CLÍNICA DE DIREITOS HUMANOS E POLÍTICAS PÚBLICAS	48								
		FUNDAMENTOS DE MAQUINAS TERMICAS	48					DESENHO UNIVERSAL E TECNOLOGIA ASSISTIVA	24																																																																							GEOMORFOLOGIA	36											CRISTALOGRAFIA E DIFRAÇÃO DE RAIOS X	48																	FILOSOFIA DA CIÊNCIA	48					ECONOMIA POLÍTICA DA SEGURANÇA ALIMENTAR GLOBAL	48					SEQUÊNCIAS E SÉRIES	48											INTRODUÇÃO À INFERÊNCIA ESTATÍSTICA	48								
		LABORATORIO DE MAQUINAS TERMICAS E HIDRAULICAS	24					DESENVOLVIMENTO E APRENDIZAGEM	48																																																																							APROVEITAMENTO ENERGÉTICO DO HIDROGÊNIO	36											INTRODUÇÃO À FÍSICA ESTELAR	48																	HISTÓRIA E FILOSOFIA DA BIOLOGIA	48					ECONOMIA POLÍTICA INTERNACIONAL DA ENERGIA	48					TOPOLOGIA	48																				
		LABORATORIO DE CALOR E FLUIDOS	24					DESENVOLVIMENTO E SUSTENTABILIDADE	48																																																																							ESTRUTURA E ORGANIZAÇÃO DO SETOR ENERGÉTICO	24											FÍSICA DO MEIO AMBIENTE	48																	EFEITOS BIOLÓGICOS DAS RADIAÇÕES	48					ESTADO E DESENVOLVIMENTO ECONÔMICO NO BRASIL CONTEMPORÂNEO	48					PSICOLOGIA COGNITIVA	48																				
		ENGENHARIA NUCLEAR	48					DESENVOLVIMENTO INTEGRADO DO PRODUTO	48																																																																							TECNOLOGIAS EMERGENTES DE CONVERSÃO ENERGÉTICA	24											PROPRIEDADES MAGNÉTICAS E ELETRÔNICAS	48																	MICROSCOPIA ELETRÔNICA	48					FORMAÇÃO HISTÓRICA DA AMÉRICA LATINA	48					BANCO DE DADOS DE APOIO À TOMADA DE DECISÃO	48																				
		ENGENHARIA DE COMBUSTIVEIS FOSSEIS	48					DIDATICA	48																																																																							FUNÇÕES E REAÇÕES ORGÂNICAS	48											QUÍMICA DOS MATERIAIS	72																	FÍSICA DO MEIO AMBIENTE	48					GEOGRAFIA POLÍTICA	48					SISTEMAS DE GERENCIAMENTO DE BANCO DE DADOS	48																				
		ENGENHARIA DE PETROLEO E GAS	48					DINAMICA DE GASES	72																																																																							INTRODUÇÃO À FÍSICA NUCLEAR	48																													MEIO AMBIENTE E INDÚSTRIA	24					GLOBALIZAÇÃO E OS PROCESSOS DE INTEGRAÇÃO REGIONAL	48					SISTEMAS DE INFORMAÇÃO	48																				
		ENGENHARIA DE RECURSOS HIDRICOS	48					DINAMICA DOS INVESTIMENTOS PRODUTIVOS INTERNACIONAIS	48																																																																																																					FERMENTAÇÃO INDUSTRIAL	48					INTRODUÇÃO AO ESTUDO DO DIREITO	48					ANÁLISE MULTIVARIADA	48																				
		ENGENHARIA SOLAR TERMICA	48					DINAMICA E CONTROLE DE VEICULOS ESPACIAIS	48																																																																																																					FUNDAMENTOS DA BIOTECNOLOGIA	24					POLÍTICA INTERNACIONAL DOS EUA E DA UNIÃO EUROPEIA	48					INTRODUÇÃO À ANÁLISE ESTOCÁSTICA EM FINANÇAS	48																				
		ENGENHARIA SOLAR FOTOVOLTAICA	48					DINAMICA I	36																																																																																																					NANOBIOTECNOLOGIA	48					RELAÇÕES INTERNACIONAIS E GLOBALIZAÇÃO	48					INTRODUÇÃO À ESTATÍSTICA BAYESIANA	48																				
		ENGENHARIA DE BIOCOMBUSTIVEIS	48					DINAMICAS TERRITORIAIS NO BRASIL	24																																																																																																					ENZIMOLOGIA E BIOCATÁLISE	72					SEGURANÇA INTERNACIONAL EM PERSPECTIVA HISTÓRICA E DESAFIOS CONTEMPORÂNEOS	48					INTRODUÇÃO À MODELAGEM E PROCESSOS ESTOCÁSTICOS	48																				
		ENGENHARIA EOLICA	48					DISPOSITIVOS ELETRONICOS	60																																																																																																					LABORATÓRIO DE BIOPROCESSOS	48					SISTEMA FINANCEIRO INTERNACIONAL: DE BRETTON WOODS AO NON-SISTEMA	48					MÉTODOS NUMÉRICOS EM EDO'S	48																				
		ECONOMIA DA ENERGIA	48					DIVERSIDADE DE GENERO E FORMACAO DE PROFESSOR	48																																																																																																					PROTEÍNAS RECOMBINANTES	48					SISTEMA ONU E OS DESAFIOS DO MULTILATERALISMO	48					PROCESSOS ESTOCÁSTICOS	48																				
		TRABALHO DE GRADUACAO I EM ENGENHARIA DE ENERGIA	24					ECOLOGIA COMPORTAMENTAL	48																																																																																																					SEGURANÇA E REGULAMENTAÇÃO EM BIOTECNOLOGIA	24					SOCIEDADE CIVIL ORGANIZADA GLOBAL	48					TEORIA DOS JOGOS	48																				
		TRABALHO DE GRADUACAO II EM ENGENHARIA DE ENERGIA	24					ECOLOGIA DO AMBIENTE URBANO	24																																																																																																					ENGENHARIA METABÓLICA	48					SURGIMENTO DA CHINA COMO POTÊNCIA MUNDIAL	48					TOMADA DE DECISÕES E NEUROECONOMIA	48																				
		TRABALHO DE GRADUACAO III EM ENGENHARIA DE ENERGIA	24					ECOLOGIA VEGETAL	48																																																																																																					BIOLOGIA SINTÉTICA	24					ABORDAGENS TRADICIONAIS DAS RELAÇÕES INTERNACIONAIS	48					ÉTICA CONTEMPORÂNEA	48																				
		ESTAGIO CURRICULAR EM ENGENHARIA DE ENERGIA	168					ECONOMIA DA ENERGIA	48																																																																																																					GENÔMICA E PÓS-GENÔMICA	72					PENSAMENTO CRÍTICO DAS RELAÇÕES INTERNACIONAIS	48					FILOSOFIA POLÍTICA	48																				
		CUSTOS	72					ECONOMIA DE EMPRESAS	24																																																																																																					BIOTECNOLOGIA HUMANA	48					HISTÓRIA DA POLÍTICA EXTERNA BRASILEIRA	48					HISTÓRIA DA FILOSOFIA CONTEMPORÂNEA: O SÉCULO XX	48																				
		DESENVOLVIMENTO INTEGRADO DO PRODUTO	48					ECONOMIA DO TERRITORIO	48																																																																																																					EMPREENDEDORISMO E PLANEJAMENTO DE PROJETOS EM BIOTECNOLOGIA	48					POLÍTICA EXTERNA BRASILEIRA CONTEMPORÂNEA	48					LÓGICA BÁSICA	48																				
		ECONOMIA DE EMPRESAS	24					ECONOMIA POLITICA DA SEGURANCA ALIMENTAR GLOBAL	48																																																																																																					BIOTECNOLOGIA ANIMAL	48					HISTÓRIA DO TERCEIRO MUNDO	48					LIBRAS	48																				
		ELABORACAO, ANALISE E AVALIACAO DE PROJETOS	48					ECONOMIA POLITICA INTERNACIONAL DA ENERGIA	48																																																																																																					BIOTECNOLOGIA AMBIENTAL E AGROINDUSTRIAL	48					TRAJETÓRIAS INTERNACIONAIS DO CONTINENTE AFRICANO	48					PENSAMENTO MARXISTA E SEUS DESDOBRAMENTOS CONTEMPORÂNEOS	48																				
		ENGENHARIA LABORAL	48					ECONOMIA, SOCIEDADE E MEIO AMBIENTE	36																																																																																																											REGIME INTERNACIONAL DOS DIREITOS HUMANOS E A ATUAÇÃO BRASILEIRA	48					TEORIA DAS CIÊNCIAS HUMANAS	48																				
		ENGENHARIA LOGISTICA	48					EDUCACAO AMBIENTAL	48																																																																																																											ANÁLISE DE POLÍTICA EXTERNA	48																										
		GESTAO DE OPERACOES	48					EDUCACAO CIENTIFICA, SOCIEDADE E CULTURA	48																																																																																																											ECONOMIA POLÍTICA INTERNACIONAL	48																										
		INOVACAO TECNOLOGICA	48					EDUCACAO EM SAUDE E SEXUALIDADE	36																																																																																																											TRABALHO DE CONCLUSÃO DE CURSO DE RELAÇÕES INTERNACIONAIS I	24																										
		ESTATISTICA APLICADA A SISTEMAS DE GESTAO	48					EDUCACAO INCLUSIVA	24																																																																																																											TRABALHO DE CONCLUSÃO DE CURSO DE RELAÇÕES INTERNACIONAIS II	24																										
		PESQUISA OPERACIONAL	72					EFEITOS BIOLOGICOS DAS RADIACOES	48																																																																																																											METODOLOGIA DE PESQUISA EM RELAÇÕES INTERNACIONAIS (TCC 1)	48																										
		PLANEJAMENTO E CONTROLE DA PRODUCAO	72					EFEITOS BIOLOGICOS DAS RADIACOES NAO IONIZANTES	48																																																																																																											ARRANJOS INSTITUCIONAIS E MARCO REGULATÓRIO DO TERRITÓRIO	24																										
		QUALIDADE EM SISTEMAS	48					ELABORACAO, ANALISE E AVALIACAO DE PROJETOS	48																																																																																																											CARTOGRAFIA E GEOPROCESSAMENTO PARA O PLANEJAMENTO TERRITORIAL	60																										
		TECNOLOGIA DA INFORMACAO	24					ELEMENTOS FINITOS	48																																																																																																											DEMOGRAFIA	48																										
		TEMPOS, METODOS E ARRANJOS FISICOS	48					ELETRIFICACAO RURAL COM RECURSOS ENERGETICOS RENOVAVEIS	48																																																																																																											ECONOMIA DO TERRITÓRIO	48																										
		SISTEMAS E PROCESSOS DE PRODUCAO	48					ELETROANALITICA E TECNICAS DE SEPARACAO	72																																																																																																											ECONOMIA URBANA	48																										
		SISTEMAS CAD/CAE	48					ELETROMAGNETISMO APLICADO	48																																																																																																											ESTUDOS DO MEIO FÍSICO	48																										
		SISTEMAS CAM	48					ELETROMAGNETISMO I	48																																																																																																											GOVERNANÇA PÚBLICA, DEMOCRACIA E POLÍTICAS NO TERRITÓRIO	48																										
		ORGANIZACAO DO TRABALHO	24					ELETROMAGNETISMO II	48																																																																																																											HISTÓRIA DA CIDADE E DO URBANISMO	48																										
		PROPRIEDADE INTELECTUAL	48					ELETRONICA ANALOGICA APLICADA	60																																																																																																											MÉTODOS DE PLANEJAMENTO	48																										
		TRABALHO DE GRADUACAO I EM ENGENHARIA DE GESTAO	24					ELETRONICA DIGITAL	72																																																																																																											MÉTODOS E TÉCNICAS DE ANÁLISE DE INFORMAÇÃO PARA O PLANEJAMENTO	48																										
		TRABALHO DE GRADUACAO II EM ENGENHARIA DE GESTAO	24					ELETROQUIMICA E CINETICA QUIMICA	72																																																																																																											MOBILIZAÇÃO PRODUTIVA DOS TERRITÓRIOS E DESENVOLVIMENTO LOCAL	48																										
		TRABALHO DE GRADUACAO III EM ENGENHARIA DE GESTAO	24					EMPREENDEDORISMO	48																																																																																																											OFICINA DE PLANEJAMENTO MACRO E MESO REGIONAL	48																										
		ESTAGIO CURRICULAR EM ENGENHARIA DE GESTAO	168					EMPREENDEDORISMO E DESENVOLVIMENTO DE NEGOCIOS	48																																																																																																											OFICINA DE PLANEJAMENTO DE ÁREAS PERIURBANAS, INTERIORANAS E RURAIS	48																										
		PROGRAMACAO DE SOFTWARE EMBARCADO	48					EMPREENDEDORISMO E PLANEJAMENTO DE PROJETOS EM BIOTECNOLOGIA	48																																																																																																											OFICINA DE PLANEJAMENTO URBANO	48																										
		ELETRONICA DIGITAL	72					ENERGIA DOS OCEANOS	48																																																																																																											OFICINA DE PLANEJAMENTO E GOVERNANÇA METROPOLITANA	48																										
		TRANSFORMADAS EM SINAIS E SISTEMAS LINEARES	48					ENERGIA E MEIO AMBIENTE	36																																																																																																											PLANEJAMENTO E POLÍTICA AMBIENTAL	48																										
		PRINCIPIOS DE COMUNICACAO	48					ENERGIA GEOTERMICA	24																																																																																																											PLANEJAMENTO E POLÍTICA REGIONAL	48																										
		SINAIS ALEATORIOS	48					ENERGIA NUCLEAR E RELACOES INTERNACIONAIS	48																																																																																																											PLANEJAMENTO E POLÍTICA RURAL	48																										
		PROCESSAMENTO DIGITAL DE SINAIS	48					ENERGIA, MEIO AMBIENTE E SOCIEDADE	48																																																																																																											POLÍTICA METROPOLITANA	48																										
		COMUNICACAO DIGITAL	48					ENERGIA: FONTES E TECNOLOGIAS DE CONVERSAO	48																																																																																																											POLÍTICA URBANA	48																										
		TEORIA DA INFORMACAO E CODIGOS	48					ENGENHARIA APLICADA A SISTEMAS BIOLOGICOS I	60																																																																																																											SOCIOLOGIA DOS TERRITÓRIOS	48																										
		COMUNICACOES OPTICAS	48					ENGENHARIA DE BIOCOMBUSTIVEIS	48																																																																																																											USO DO SOLO URBANO	48																										
		PROPAGACAO E ANTENAS	48					ENGENHARIA DE COMBUSTIVEIS FOSSEIS	48																																																																																																											DESENVOLVIMENTO ECONÔMICO E SOCIAL NO BRASIL	48																										
		SISTEMAS MICROPROCESSADOS	48					ENGENHARIA DE GESTAO	24																																																																																																											MEIO AMBIENTE E POLÍTICAS PÚBLICAS	48																										
		TELEFONIA FIXA MODERNA	48					ENGENHARIA DE PETROLEO E GAS	48																																																																																																											LEGISLAÇÃO RELACIONADA À SAÚDE	24																										
		COMUNICACOES MOVEIS	48					ENGENHARIA DE REABILITACAO E BIOFEEDBACK	48																																																																																																											PRINCÍPIOS DE ÉTICA EM SERVIÇOS DE SAÚDE	24																										
		FUNDAMENTOS DE ELETROMAGNETISMO APLICADO	48					ENGENHARIA DE RECURSOS HIDRICOS	48																																																																																																											ENERGIA, MEIO AMBIENTE E SOCIEDADE	48																										
		ONDAS ELETROMAGNETICAS APLICADAS	48					ENGENHARIA DE SOFTWARE	48																																																																																																											ECONOMIA DA ENERGIA	48																										
		CODIFICACAO DE SINAIS MULTIMIDIA	48					ENGENHARIA ECONOMICA	48																																																																																																											CUSTOS	72																										
		TEORIA DE FILAS E ANALISE DE DESEMPENHO	48					ENGENHARIA ECONOMICA APLICADA A ENGENHARIA DE GESTAO	48																																																																																																											ECONOMIA DE EMPRESAS	24																										
		TRABALHO DE GRADUACAO I EM ENGENHARIA DE INFORMACAO	24					ENGENHARIA EOLICA	48																																																																																																											INOVAÇÃO TECNOLÓGICA	48																										
		TRABALHO DE GRADUACAO II EM ENGENHARIA DE INFORMACAO	24					ENGENHARIA LABORAL	48																																																																																																											ESTATÍSTICA APLICADA A SISTEMAS DE GESTÃO	48																										
		TRABALHO DE GRADUACAO III EM ENGENHARIA DE INFORMACAO	24					ENGENHARIA LOGISTICA	48																																																																																																											PESQUISA OPERACIONAL	72																										
		ESTAGIO CURRICULAR EM ENGENHARIA DE INFORMACAO	168					ENGENHARIA NUCLEAR	48																																																																																																											ORGANIZAÇÃO DO TRABALHO	24																										
		ESTADO SOLIDO	48					ENGENHARIA SOLAR FOTOVOLTAICA	48																																																																																																											PROPRIEDADE INTELECTUAL	48																										
		TOPICOS EXPERIMENTAIS EM MATERIAIS I	48					ENGENHARIA SOLAR TERMICA	48																																																																																																											PRINCÍPIOS DE ADMINISTRAÇÃO	24																										
		TOPICOS COMPUTACIONAIS EM MATERIAIS	48					ENGENHARIA UNIFICADA (ENGENHARIA NUCLEAR)	36																																																																																																											ENGENHARIA ECONÔMICA	48																										
		CIENCIA DOS MATERIAIS	48					ENGENHARIA UNIFICADA I	24																																																																																																											CARTOGRAFIA E GEOPROCESSAMENTO	48																										
		MATERIAIS METALICOS	48					ENGENHARIA UNIFICADA II	24																																																																																																											CLIMATOLOGIA	36																										
		MATERIAIS POLIMERICOS	48					ENSINO DE MORFOFISIOLOGIA HUMANA	48																																																																																																											POLUIÇÃO ATMOSFÉRICA	36																										
		MATERIAIS CERAMICOS	48					ENZIMOLOGIA E BIOCATALISE	72																																																																																																											SAÚDE AMBIENTAL	24																										
		MATERIAIS COMPOSITOS	48					EQUACOES DIFERENCIAIS ORDINARIAS	48																																																																																																											TEORIA DO PLANEJAMENTO URBANO E AMBIENTAL	36																										
		TERMODINAMICA ESTATISTICA DE MATERIAIS	48					EQUACOES DIFERENCIAIS PARCIAIS	48																																																																																																											TRANSPORTES E MOBILIDADE URBANA	24																										
		PROPRIEDADES MECANICAS E TERMICAS	48					EQUACOES DIFERENCIAIS PARCIAIS APLICADAS	48																																																																																																											BIOMAS BRASILEIROS	36																										
		PROPRIEDADES ELETRICAS, MAGNETICAS E OPTICAS	48					EQUIPAMENTOS MEDICO-HOSPITALARES	60																																																																																																											REPRESENTAÇÃO GRÁFICA DE PROJETOS AMBIENTAIS E URBANOS	48																										
		REOLOGIA I	24					ERGONOMIA COGNITIVA	48																																																																																																											REGULAÇÃO AMBIENTAL E URBANÍSTICA	24																										
		SELECAO DE MATERIAIS	48					ESCOAMENTO COMPRESSIVEL	48																																																																																																											ECONOMIA INSTITUCIONAL II	48																										
		CARACTERIZACAO DE MATERIAIS	48					ESPECTROSCOPIA	72																																																																																																											ANÁLISE ECONÔMICA DE PROJETOS	48																										
		TERMODINAMICA DE MATERIAIS	48					ESTABILIDADE E CONTROLE DE AERONAVES	48																																																																																																											ECONOMIA INDUSTRIAL	48																										
		TRABALHO DE GRADUACAO I EM ENGENHARIA DE MATERIAIS	24					ESTADO E DESENVOLVIMENTO ECONOMICO NO BRASIL CONTEMPORANEO	48																																																																																																											ELETRIFICAÇÃO RURAL COM RECURSOS ENERGÉTICOS RENOVÁVEIS	48																										
		TRABALHO DE GRADUACAO II EM ENGENHARIA DE MATERIAIS	24					ESTADO E RELACOES DE PODER	48																																																																																																											INFORMAÇÃO E SOCIEDADE	24																										
		TRABALHO DE GRADUACAO III EM ENGENHARIA DE MATERIAIS	24					ESTADO SOLIDO	48																																																																																																											PROGRAMAÇÃO BASEADA EM COMPONENTES PARA JOGOS	48																										
		ESTAGIO CURRICULAR EM ENGENHARIA DE MATERIAIS	168					ESTADOS LIMITE DE SISTEMAS NATURAIS	48																																																																																																											INTRODUÇÃO À LINGUÍSTICA COMPUTACIONAL	48																										
		CIRCUITOS ELETRICOS E FOTONICA	48					ESTAGIO CURRICULAR EM ENGENHARIA AEROESPACIAL	0																																																																																																											POLÍTICAS PÚBLICAS SUL-AMERICANAS	48																										
		FUNDAMENTOS DE DESENHO E PROJETO	48					ESTAGIO CURRICULAR EM ENGENHARIA AMBIENTAL E URBANA	0																																																																																																											ECONOMIA, SOCIEDADE E MEIO AMBIENTE	36																										
		INSTRUMENTACAO E CONTROLE	48					ESTAGIO CURRICULAR EM ENGENHARIA BIOMEDICA	0																																																																																																											LOGÍSTICA E MEIO AMBIENTE	24																										
		INSTRUMENTACAO E CONTROLE	48					ESTAGIO CURRICULAR EM ENGENHARIA DE ENERGIA	0																																																																																																											SENSORIAMENTO REMOTO	48																										
		INTRODUCAO AS ENGENHARIAS	24					ESTAGIO CURRICULAR EM ENGENHARIA DE GESTAO	0																																																																																																											CIÊNCIAS ATMOSFÉRICAS	48																										
		MATERIAIS E SUAS PROPRIEDADES	48					ESTAGIO CURRICULAR EM ENGENHARIA DE INFORMACAO	0																																																																																																											RECURSOS HÍDRICOS	36																										
		MECANICA DOS FLUIDOS I	48					ESTAGIO CURRICULAR EM ENGENHARIA DE MATERIAIS	0																																																																																																											EDUCAÇÃO AMBIENTAL	48																										
		MECANICA DOS SOLIDOS I	48					ESTAGIO ORIENTADO I	84																																																																																																											RISCOS NO AMBIENTE URBANO	48																										
		TERMODINAMICA APLICADA	48					ESTAGIO ORIENTADO II	84																																																																																																											ECOLOGIA DO AMBIENTE URBANO	24																										
		FUNDAMENTOS DE DESENHO TECNICO	24					ESTAGIO SUPERVISIONADO (NIVEL FUNDAMENTAL) I	80																																																																																																											QUÍMICA AMBIENTAL	24																										
		PRINCIPIOS DE ADMINISTRACAO	24					ESTAGIO SUPERVISIONADO (NIVEL FUNDAMENTAL) II	80																																																																																																											METODOLOGIAS DE PESQUISA EM EDUCAÇÃO	24																										
		ENGENHARIA ECONOMICA	48					ESTAGIO SUPERVISIONADO EM BIOLOGIA I (NIVEL MEDIO)	80																																																																																																											ALGORITMOS E ESTRUTURAS DE DADOS I	48																										
		TERMODINAMICA APLICADA I	48					ESTAGIO SUPERVISIONADO EM BIOLOGIA II (NIVEL MEDIO)	80																																																																																																											COMPUTADORES, ÉTICA E SOCIEDADE	24																										
		MECANICA DOS FLUIDOS I	48					ESTAGIO SUPERVISIONADO EM BIOLOGIA III (NIVEL MEDIO)	80																																																																																																											INTELIGÊNCIA ARTIFICIAL	48																										
		FENOMENOS DE TRANSPORTE	48					ESTAGIO SUPERVISIONADO EM CIENCIAS BIOLOGICAS	20																																																																																																											REDES DE COMPUTADORES	48																										
		METODOS EXPERIMENTAIS EM ENGENHARIA	48					ESTAGIO SUPERVISIONADO EM COMPUTACAO I	96																																																																																																											PROGRAMAÇÃO ESTRUTURADA	48																										
		ENGENHARIA UNIFICADA I	24					ESTAGIO SUPERVISIONADO EM COMPUTACAO II	96																																																																																																											BANCO DE DADOS	48																										
		ENGENHARIA UNIFICADA II	24					ESTAGIO SUPERVISIONADO EM COMPUTACAO III	96																																																																																																											ÁLGEBRA LINEAR	72																										
		AERONAUTICA I-A	48					ESTAGIO SUPERVISIONADO EM FISICA I (NIVEL MEDIO)	56																																																																																																											CÁLCULO DE PROBABILIDADE	48																										
		INTRODUCAO A ASTRONAUTICA	24					ESTAGIO SUPERVISIONADO EM FISICA II (NIVEL MEDIO)	80																																																																																																											MATEMÁTICA DISCRETA	48																										
		DESEMPENHO DE AERONAVES	48					ESTAGIO SUPERVISIONADO EM FISICA III (NIVEL MEDIO)	80																																																																																																											INTRODUÇÃO À FILOSOFIA DA MENTE	24																										
		DINAMICA E CONTROLE DE VEICULOS ESPACIAIS	48					ESTAGIO SUPERVISIONADO EM MATEMATICA I (NIVEL MEDIO)	80																																																																																																											INTRODUÇÃO À NEUROCIÊNCIA	48																										
		ESTABILIDADE E CONTROLE DE AERONAVES	48					ESTAGIO SUPERVISIONADO EM MATEMATICA II (NIVEL MEDIO)	80																																																																																																											PESQUISA E COMUNICAÇÃO CIENTÍFICA	24																										
		VIBRACOES	48					ESTAGIO SUPERVISIONADO EM MATEMATICA III (NIVEL MEDIO)	80																																																																																																											PROGRESSOS E MÉTODOS EM NEUROCIÊNCIA	48																										
		METODOS COMPUTACIONAIS PARA ANALISE ESTRUTURAL	48					ESTAGIO SUPERVISIONADO EM NEUROCIENCIA I	0																																																																																																											PSICOLOGIA COGNITIVA	48																										
		AEROELASTICIDADE	48					ESTAGIO SUPERVISIONADO EM NEUROCIENCIA II	0																																																																																																											NEUROETOLOGIA	48																										
		PROJETO DE ELEMENTOS ESTRUTURAIS DE AERONAVES I	48					ESTAGIO SUPERVISIONADO EM NEUROCIENCIA III	0																																																																																																											HISTÓRIA DA MATEMÁTICA	48																										
		COMBUSTAO I	48					ESTAGIO SUPERVISIONADO EM QUIMICA I (NIVEL MEDIO)	80																																																																																																											ANÁLISE DE REGRESSÃO	48																										
		AERODINAMICA I	48					ESTAGIO SUPERVISIONADO EM QUIMICA II (NIVEL MEDIO)	80																																																																																																											ANÁLISE MULTIVARIADA	48																										
		SISTEMAS DE PROPULSAO I	48					ESTAGIO SUPERVISIONADO EM QUIMICA III (NIVEL MEDIO)	80																																																																																																											GEOMETRIA NÃO EUCLIDIANA	48																										
		TRANSFERENCIA DE CALOR APLICADA A SISTEMAS AEROESPACIAIS	48					ESTAGIO SUPERVISIONADO I	150																																																																																																											INFERÊNCIA ESTATÍSTICA	48																										
		DINAMICA DE GASES	72					ESTAGIO SUPERVISIONADO II	150																																																																																																											INTRODUÇÃO À ESTATÍSTICA BAYESIANA	48																										
		TRABALHO DE GRADUACAO I EM ENGENHARIA AEROESPACIAL	24					ESTATISTICA APLICADA A SISTEMAS DE GESTAO	48																																																																																																											INTRODUÇÃO À MODELAGEM E PROCESSOS ESTOCÁSTICOS	48																										
		TRABALHO DE GRADUACAO II EM ENGENHARIA AEROESPACIAL	24					ESTRUTURA ATOMICA E MOLECULAR	48																																																																																																											METATEOREMAS DA LÓGICA CLÁSSICA	48																										
		TRABALHO DE GRADUACAO III EM ENGENHARIA AEROESPACIAL	24					ESTRUTURA DA MATERIA AVANCADA	72																																																																																																											TEORIA DOS JOGOS	48																										
		ESTAGIO CURRICULAR EM ENGENHARIA AEROESPACIAL	168					ESTRUTURA DE DADOS I	48																																																																																																											TEORIA DAS FILAS	48																										
		ANALISE DE SISTEMAS E MODELAGEM AMBIENTAL	24					ESTUDOS DE GENERO	36																																																																																																											FILOSOFIA DA MATEMÁTICA	48																										
		CARTOGRAFIA E GEOPROCESSAMENTO	48					ESTUDOS DO MEIO FISICO	48																																																																																																											INTRODUÇÃO À PSICOLINGUÍSTICA E NEUROCIÊNCIA DA LINGUAGEM	48																										
		CLIMATOLOGIA	36					ESTUDOS ETNICO-RACIAIS	36																																																																																																											ERGONOMIA COGNITIVA	48																										
		GEOTECNIA	48					ETICA E JUSTICA	48																																																																																																											NEUROARTE	24																										
		HIDROLOGIA	48					ETICA E RESPONSABILIDADE SOCIAL	24																																																																																																											TOMADA DE DECISÕES E NEUROECONOMIA	48																										
		MICROBIOLOGIA AMBIENTAL	48					ETICA PROFISSIONAL	36																																																																																																											SENSAÇÃO E PERCEPÇÃO	48																										
		PLANEJAMENTO URBANO E METROPOLITANO	48					EVOLUCAO	48																																																																																																											ESTÁGIO SUPERVISIONADO EM FILOSOFIA I	96																										
		POLUICAO ATMOSFERICA	36					EVOLUCAO DA FISICA	48																																																																																																											ESTÁGIO SUPERVISIONADO EM FILOSOFIA II	96																										
		SAUDE AMBIENTAL	24					EVOLUCAO DOS CONCEITOS MATEMATICOS	48																																																																																																											ESTÁGIO SUPERVISIONADO EM FILOSOFIA IV	72																										
		SISTEMAS DE ABASTECIMENTO DE AGUAS	48					EVOLUCAO E DIVERSIDADE DE PLANTAS I	48																																																																																																											ESTÁGIO SUPERVISIONADO EM FILOSOFIA V	72																										
		TEORIA DO PLANEJAMENTO URBANO E AMBIENTAL	36					EVOLUCAO E DIVERSIDADE DE PLANTAS II	72																																																																																																											ESTÉTICA	48																										
		TRANSFERENCIA DE MASSA	48					EXPERIMENTACAO E ENSINO DE QUIMICA	36																																																																																																											ESTÉTICA: PERSPECTIVAS CONTEMPORÂNEAS	48																										
		TRANSPORTES E MOBILIDADE URBANA	24					EXTENSOES ALGEBRICAS	48																																																																																																											ÉTICA	48																										
		BIOMAS BRASILEIROS	36					FARMACOLOGIA	72																																																																																																											ÉTICA: PERSPECTIVAS CONTEMPORÂNEAS	48																										
		CARACTERIZACAO DE MATRIZES AMBIENTAIS	36					FENOMENOS DE TRANSPORTE	48																																																																																																											FENOMENOLOGIA E FILOSOFIA HERMENÊUTICA	48																										
		FUNDAMENTOS DE GEOLOGIA PARA ENGENHARIA	36					FILOSOFIA DA CIENCIA: O DEBATE POPPER-KUHN E SEUS DESDOBRAMENTOS	48																																																																																																											FILOSOFIA DA CIÊNCIA: EM TORNO À CONCEPÇÃO ORTODOXA	48																										
		HIDRAULICA DE CONDUTOS FORCADOS	36					FILOSOFIA DA EDUCACAO	48																																																																																																											FILOSOFIA DA CIÊNCIA: O DEBATE POPPER-KUHN E SEUS DESDOBRAMENTOS	48																										
		HIDRAULICA DE CONDUTOS LIVRES	24					FILOSOFIA DA RELIGIAO	36																																																																																																											FILOSOFIA DA EDUCAÇÃO	48																										
		RECUPERACAO DE AREAS DEGRADADAS	36					FISICA COMPUTACIONAL	48																																																																																																											FILOSOFIA DA LINGUAGEM	48																										
		REPRESENTACAO GRAFICA DE PROJETOS AMBIENTAIS E URBANOS	48					FISICA DO CONTINUO	48																																																																																																											FILOSOFIA DA LÓGICA	48																										
		SISTEMAS DE ESGOTAMENTO SANITARIO	36					FISICA DO MEIO AMBIENTE	48																																																																																																											FILOSOFIA DO ENSINO DE FILOSOFIA	48																										
		SISTEMAS DE DRENAGEM URBANA	36					FISICA MEDICA I	48																																																																																																											FILOSOFIA NO BRASIL E NA AMÉRICA LATINA	48																										
		SISTEMAS DE TRATAMENTO DE AGUA	36					FISICA MEDICA II	24																																																																																																											FILOSOFIA POLÍTICA	48																										
		TRATAMENTO DE AGUAS URBANAS SERVIDAS	36					FISICA ONDULATORIA	48																																																																																																											FILOSOFIA POLÍTICA: PERSPECTIVAS CONTEMPORÂNEAS	48																										
		REGULACAO AMBIENTAL E URBANISTICA	24					FISICA TERMICA	48																																																																																																											HISTÓRIA DA FILOSOFIA ANTIGA: ARISTÓTELES E O ARISTOTELISMO	48																										
		PROJETO AMBIENTAL URBANO	48					FISICO-QUIMICA EXPERIMENTAL	72																																																																																																											HISTÓRIA DA FILOSOFIA ANTIGA: PLATÃO E O PLATONISMO	48																										
		TRABALHO DE GRADUACAO I EM ENGENHARIA AMBIENTAL E URBANA	24					FLORESTA AMAZONICA	72																																																																																																											HISTÓRIA DA FILOSOFIA CONTEMPORÂNEA: O SÉCULO XIX	48																										
		TRABALHO DE GRADUACAO II EM ENGENHARIA AMBIENTAL E URBANA	24					FONTES NAO-RENOVAVEIS DE ENERGIA	48																																																																																																											HISTÓRIA DA FILOSOFIA CONTEMPORÂNEA: O SÉCULO XX	48																										
		TRABALHO DE GRADUACAO III EM ENGENHARIA AMBIENTAL E URBANA	24					FONTES RENOVAVEIS DE ENERGIA	48																																																																																																											HISTÓRIA DA FILOSOFIA MODERNA: O ILUMINISMO E SEUS DESDOBRAMENTOS	48																										
		ESTAGIO CURRICULAR EM ENGENHARIA AMBIENTAL E URBANA	168					FORMACAO DO BRASIL CONTEMPORANEO	24																																																																																																											HISTÓRIA DA FILOSOFIA MODERNA: PERSPECTIVAS RACIONALISTAS	48																										
		RESIDUOS SOLIDOS	36					FORMACAO DO SISTEMA INTERNACIONAL	48																																																																																																											HISTORIOGRAFIA E HISTÓRIA DAS CIÊNCIAS	48																										
		INTRODUCAO A GEOLOGIA DE ENGENHARIA	48					FOTONICA	48																																																																																																											PROBLEMAS METAFÍSICOS: PERSPECTIVAS CONTEMPORÂNEAS	48																										
		AVALIACAO DE IMPACTOS AMBIENTAIS	36					FUNCOES COMPLEXAS E TRANSFORMADAS INTEGRAIS	48																																																																																																											PROBLEMAS METAFÍSICOS: PERSPECTIVAS MODERNAS	48																										
		DINAMICA I	36					FUNCOES DE VARIAVEIS COMPLEXAS	72																																																																																																											TEORIA DO CONHECIMENTO: A EPISTEMOLOGIA CONTEMPORÂNEA	48																										
		LABORATORIO DE GUIAGEM, NAVEGACAO E CONTROLE	48					FUNCOES E REACOES ORGANICAS	48																																																																																																											TEORIA DO CONHECIMENTO: EMPIRISMO VERSUS RACIONALISMO	48																										
		TECNICAS DE ANALISE ESTRUTURAL E PROJETO	36					FUNDAMENTOS DA BIOTECNOLOGIA	24																																																																																																											ESTÁGIO SUPERVISIONADO EM FILOSOFIA III	72																										
		MAQUINAS DE FLUXO	48					FUNDAMENTOS DA ECONOMIA	48																																																																																																											TRABALHO DE CONCLUSÃO DE CURSO EM FILOSOFIA	0																										
		MECANICA DOS FLUIDOS VISCOSOS	48					FUNDAMENTOS DE ALGEBRA	48																																																																																																											TRABALHO DE CONCLUSÃO DE CURSO EM FILOSOFIA	1																										
		ESCOAMENTO COMPRESSIVEL	48					FUNDAMENTOS DE ANALISE	48																																																																																																											FILOSOFIA DA ARTE	48																										
		INSTRUMENTACAO BIOMEDICA	60					FUNDAMENTOS DE CONVERSAO DE ENERGIA ELETRICA	48																																																																																																											HISTÓRIA DA FILOSOFIA MEDIEVAL: DO SÉCULO IV AO X	48																										
		EFEITOS BIOLOGICOS DAS RADIACOES NAO IONIZANTES	48					FUNDAMENTOS DE DESENHO E PROJETO	48																																																																																																											HISTÓRIA DA FILOSOFIA MEDIEVAL: DO SÉCULO XI AO XIV	48																										
		ENGENHARIA APLICADA A SISTEMAS BIOLOGICOS I	60					FUNDAMENTOS DE DESENHO TECNICO	24																																																																																																											PRÁTICA DE ENSINO DE FILOSOFIA: CURRÍCULOS	48																										
		INSTRUMENTACAO BIOMEDICA AVANCADA	60					FUNDAMENTOS DE ELETROMAGNETISMO APLICADO	48																																																																																																											PRÁTICA DE ENSINO DE FILOSOFIA: METODOLOGIAS	48																										
		PRINCIPIOS E APLICACOES DE BIOMECANICA	48					FUNDAMENTOS DE ELETRONICA ANALOGICA E DIGITAL	48																																																																																																											PRÁTICA DE ENSINO DE FILOSOFIA: PROGRAMAS DE ENSINO	48																										
		PROCESSAMENTO E ANALISE DE SINAIS BIOMEDICOS	48					FUNDAMENTOS DE GEOLOGIA	48																																																																																																											LÓGICA BÁSICA	48																										
		MODELAGEM, SIMULACAO E CONTROLE APLICADOS A SISTEMAS BIOLOGICOS	48					FUNDAMENTOS DE GEOLOGIA PARA ENGENHARIA	36																																																																																																											DESENVOLVIMENTO E APRENDIZAGEM	48																										
		PRINCIPIOS DE IMAGENS MEDICAS	48					FUNDAMENTOS DE GEOMETRIA	48																																																																																																											DIDÁTICA	48																										
		LEGISLACAO RELACIONADA A SAUDE	36					FUNDAMENTOS DE IMUNOLOGIA	48																																																																																																											POLÍTICAS EDUCACIONAIS	36																										
		ENGENHARIA DE REABILITACAO E BIOFEEDBACK	48					FUNDAMENTOS DE MAQUINAS TERMICAS	48																																																																																																											LIBRAS	48																										
		EQUIPAMENTOS MEDICO-HOSPITALARES	60					FUNDAMENTOS DE SISTEMAS DINAMICOS	48																																																																																																											BIOÉTICA	24																										
		INSTALACOES HOSPITALARES	48					GENETICA GERAL	60																																																																																																											ANÁLISE DE FOURIER E APLICAÇÕES	48																										
		CARACTERIZACAO DE BIOMATERIAIS	60					GENETICA I	72																																																																																																											EDUCAÇÃO CIENTÍFICA, SOCIEDADE E CULTURA	48																										
		SUBESTACAO E EQUIPAMENTOS	24					GENETICA II	48																																																																																																											PRÁTICAS DE CIÊNCIAS NO ENSINO FUNDAMENTAL	48																										
		ENERGIA: FONTES E TECNOLOGIAS DE CONVERSAO	48					GENOMICA E POS-GENOMICA	72																																																																																																											PRÁTICAS DE ENSINO DE CIÊNCIAS E MATEMÁTICA NO ENSINO FUNDAMENTAL	48																										
		ENERGIA, MEIO AMBIENTE E SOCIEDADE	48					GEOLOGIA E PALEONTOLOGIA	48																																																																																																											ARTE E ENSINO	48																										
		ENGENHARIA DE GESTAO	24					GEOMETRIA DIFERENCIAL I	48																																																																																																											TÓPICOS CONTEMPORÂNEOS EM EDUCAÇÃO E FILOSOFIA	48																										
		GERENCIA DE ATIVOS TANGIVEIS E INTANGIVEIS	24					GEOMETRIA DIFERENCIAL II	48																																																																																																											SEMINÁRIOS DE LEITURA	48																										
		SISTEMAS INTEGRADOS DE GESTAO DA QUALIDADE AMBIENTAL, SEGURANCA E SAUDE	24					GEOMETRIA NAO EUCLIDIANA	48																																																																																																											CONHECIMENTO E TÉCNICA: PERSPECTIVAS DA ANTIGUIDADE E PERÍODO MEDIEVAL	48																										
		GESTAO DE RECURSOS ENERGETICOS E AMBIENTAIS	24					GEOMETRIA PLANA E CONSTRUCOES GEOMETRICAS	48																																																																																																											EVOLUÇÃO DA FÍSICA	48																										
		ENGENHARIA ECONOMICA APLICADA A ENGENHARIA DE GESTAO	48					GEOTECNIA	48																																																																																																											NASCIMENTO E DESENVOLVIMENTO DA CIÊNCIA MODERNA	48																										
		PROJETO DE FILTROS DIGITAIS	48					GERENCIA DE ATIVOS TANGIVEIS E INTANGIVEIS	24																																																																																																											QUESTÕES ATUAIS NO ENSINO DE CIÊNCIAS	24																										
		HABITACAO E ASSENTAMENTOS HUMANOS	48					GESTAO DE OPERACOES	48																																																																																																											TEORIA DO CONHECIMENTO CIENTÍFICO	48																										
		ESTAGIO ORIENTADO I	84					GESTAO DE PROJETOS DE SOFTWARE	48																																																																																																											HISTÓRIA DA EDUCAÇÃO	48																										
		ESTAGIO ORIENTADO II	84					GESTAO DE RECURSOS ENERGETICOS E AMBIENTAIS	24																																																																																																											HISTÓRIA E FILOSOFIA DAS CIÊNCIAS E O ENSINO DE CIÊNCIAS	48																										
		INTRODUCAO A BIOINFORMATICA	48					GLOBALIZACAO E SISTEMAS INTERNACIONAIS	36																																																																																																											TECNOLOGIAS DA INFORMAÇÃO E COMUNICAÇÃO NA EDUCAÇÃO	36																										
		HIDROGENIO E CELULAS A COMBUSTIVEL	48					GRUPOS	48																																																																																																											EDUCAÇÃO INCLUSIVA	24																										
		PETROFISICA	48					HABITACAO E ASSENTAMENTOS HUMANOS	48																																																																																																											EDUCAÇÃO EM SAÚDE E SEXUALIDADE	36																										
		QUIMICA DO PETROLEO	48					HIDRAULICA DE CONDUTOS FORCADOS	36																																																																																																											PRÁTICAS ESCOLARES EM EDUCAÇÃO ESPECIAL E INCLUSIVA	48																										
		ARMAZENAMENTO DE ENERGIA ELETRICA	48					HIDRAULICA DE CONDUTOS LIVRES	24																																																																																																																																						
		ENERGIA GEOTERMICA	24					HIDROGENIO E CELULAS A COMBUSTIVEL	48																																																																																																																																						
		ENERGIA DOS OCEANOS	48					HIDROLOGIA	48																																																																																																																																						
		ELETRIFICACAO RURAL COM RECURSOS ENERGETICOS RENOVAVEIS	48					HISTOLOGIA E EMBRIOLOGIA	72																																																																																																																																						
		EMPREENDEDORISMO	48					HISTORIA DA CIDADE E DO URBANISMO	48																																																																																																																																						
		PROCESSAMENTO DE INFORMACAO EM LINGUAS NATURAIS	48					HISTORIA DA EDUCACAO	48																																																																																																																																						
		SISTEMAS INTELIGENTES	48					HISTORIA DA MATEMATICA	48																																																																																																																																						
		INFORMACAO E SOCIEDADE	24					HISTORIA DO PENSAMENTO OCIDENTAL	36																																																																																																																																						
		SEGURANCA DE REDES	48					HISTORIA E FILOSOFIA DAS CIENCIAS E O ENSINO DE CIENCIAS	48																																																																																																																																						
		PROGRAMACAO DE DISPOSITIVOS MOVEIS	24					HISTORIA, EUROCENTRISMO E POS-COLONIALISMO	48																																																																																																																																						
		INTRODUCAO A LINGUISTICA COMPUTACIONAL	48					IDENTIDADE E CULTURA	36																																																																																																																																						
		POLITICAS DE EDUCACAO	48					IMPACTOS DA ACAO HUMANA NA BIOSFERA	36																																																																																																																																						
		CONFLITOS NO CIBERESPACO: ATIVISMO E GUERRA NAS REDES CIBERNETICAS	48					INFERENCIA ESTATISTICA	48																																																																																																																																						
		DINAMICA DOS INVESTIMENTOS PRODUTIVOS INTERNACIONAIS	48					INFORMACAO E SOCIEDADE	24																																																																																																																																						
		NEGOCIACOES INTERNACIONAIS, PROPRIEDADE INTELECTUAL E TRANSFERENCIA TECNOLOGICA	48					INFORMATICA APLICADA AO PLANEJAMENTO TERRITORIAL	48																																																																																																																																						
		TRAJETORIA DE DESENVOLVIMENTO DE PAISES EXPORTADORES DE PETROLEO	48					INICIACAO A PESQUISA CIENTIFICA I	24																																																																																																																																						
		MECANICA DOS SOLIDOS II	48					INICIACAO A PESQUISA CIENTIFICA II	24																																																																																																																																						
		INFORMATICA APLICADA AO PLANEJAMENTO TERRITORIAL	48					INICIACAO A PESQUISA CIENTIFICA III	24																																																																																																																																						
		PATRIMONIO CULTURAL E PAISAGEM	48					INOVACAO TECNOLOGICA	48																																																																																																																																						
		PLANEJAMENTO E GESTAO DE REDES TECNICAS E SISTEMAS TERRITORIAIS	48					INSTALACOES ELETRICAS I	48																																																																																																																																						
		URBANIZACAO BRASILEIRA	48					INSTALACOES ELETRICAS II	48																																																																																																																																						
		ECONOMIA, SOCIEDADE E MEIO AMBIENTE	36					INSTALACOES HOSPITALARES	48																																																																																																																																						
		SENSORIAMENTO REMOTO	48					INSTRUMENTACAO BIOMEDICA	60																																																																																																																																						
		CIENCIAS ATMOSFERICAS	48					INSTRUMENTACAO BIOMEDICA AVANCADA	60																																																																																																																																						
		RECURSOS HIDRICOS	36					INSTRUMENTACAO E CONTROLE	48																																																																																																																																						
		EDUCACAO AMBIENTAL	48					INSTRUMENTACAO E CONTROLE	48																																																																																																																																						
		RISCOS NO AMBIENTE URBANO	48					INSTRUMENTACAO E CONTROLE DE PROCESSOS DE TRANSFORMACAO	72																																																																																																																																						
		ECOLOGIA DO AMBIENTE URBANO	24					INSTRUMENTACAO PARA O ENSINO DE CIENCIAS E BIOLOGIA	48																																																																																																																																						
		QUIMICA AMBIENTAL	24					INTERACAO HUMANO-COMPUTADOR	48																																																																																																																																						
		ETICA E RESPONSABILIDADE SOCIAL	24					INTERACOES DA RADIACAO COM A MATERIA	48																																																																																																																																						
		INTRODUCAO A BIOENGENHARIA	24					INTERPRETACOES DO BRASIL	48																																																																																																																																						
		FUNDAMENTOS DA ECONOMIA	48					INTRODUCAO A ASTRONAUTICA	24																																																																																																																																						
		FORMACAO DO BRASIL CONTEMPORANEO	24					INTRODUCAO A BIOENGENHARIA	24																																																																																																																																						
		DINAMICAS TERRITORIAIS NO BRASIL	24					INTRODUCAO A BIOINFORMATICA	48																																																																																																																																						
		CULTURA, DEMOCRACIA E CIDADANIA	24					INTRODUCAO A CRIPTOGRAFIA	48																																																																																																																																						
		COMUNICACAO, CIENCIA E TECNOLOGIA	36					INTRODUCAO A ECONOMIA	48																																																																																																																																						
		FUNDAMENTOS DE GEOLOGIA	48					INTRODUCAO A FILOSOFIA DA CIENCIA	48																																																																																																																																						
		INICIACAO A PESQUISA CIENTIFICA I	24					INTRODUCAO A FILOSOFIA DA MENTE	24																																																																																																																																						
		INICIACAO A PESQUISA CIENTIFICA II	24					INTRODUCAO A FISICA DE PARTICULAS ELEMENTARES	48																																																																																																																																						
		INICIACAO A PESQUISA CIENTIFICA III	24					INTRODUCAO A FISICA NUCLEAR	48																																																																																																																																						
		GLOBALIZACAO E SISTEMAS INTERNACIONAIS	36					INTRODUCAO A GEOLOGIA DE ENGENHARIA	48																																																																																																																																						
		POLITICAS PUBLICAS EM CIENCIA E TECNOLOGIA	36					INTRODUCAO A INFERENCIA ESTATISTICA	48																																																																																																																																						
		HISTORIA DO PENSAMENTO OCIDENTAL	36					INTRODUCAO A LINGUISTICA COMPUTACIONAL	48																																																																																																																																						
		INTRODUCAO A FILOSOFIA DA CIENCIA	48					INTRODUCAO A MODELAGEM E PROCESSOS ESTOCASTICOS	48																																																																																																																																						
		HISTORIA, EUROCENTRISMO E POS-COLONIALISMO	48					INTRODUCAO A NEUROCIENCIA	48																																																																																																																																						
		LABORATORIO DE PRATICAS INTEGRADORAS I (PCC)	48					INTRODUCAO A NEUROCIENCIA COMPUTACIONAL	48																																																																																																																																						
		LABORATORIO DE PRATICAS INTEGRADORAS II (PCC)	48					INTRODUCAO A PSICOLINGUISTICA E NEUROCIENCIA DA LINGUAGEM	48																																																																																																																																						
		METODOLOGIAS DE PESQUISA EM EDUCACAO	24					INTRODUCAO A SISTEMAS COMPLEXOS	48																																																																																																																																						
		ALGORITMOS E ESTRUTURAS DE DADOS I	48					INTRODUCAO A TEORIA DOS JOGOS	36																																																																																																																																						
		ALGORITMOS E ESTRUTURAS DE DADOS II	48					INTRODUCAO AO CONTROLE DISCRETO	36																																																																																																																																						
		ANALISE DE ALGORITMOS	48					INTRODUCAO AOS PROCESSOS DE FABRICACAO	48																																																																																																																																						
		ARQUITETURA DE COMPUTADORES	48					INTRODUCAO AOS SISTEMAS ELETRICOS DE POTENCIA	48																																																																																																																																						
		CIRCUITOS DIGITAIS	48					INTRODUCAO AS ENGENHARIAS	24																																																																																																																																						
		COMPILADORES E INTERPRETADORES	48					INTRODUCAO AS HUMANIDADES E CIENCIAS SOCIAIS	24																																																																																																																																						
		COMPUTACAO GRAFICA	48					LABORATORIO DE CALOR E FLUIDOS	24																																																																																																																																						
		COMPUTADORES, ETICA E SOCIEDADE	24					LABORATORIO DE FISICA I	36																																																																																																																																						
		ESTAGIO SUPERVISIONADO EM COMPUTACAO I	96					LABORATORIO DE FISICA II	36																																																																																																																																						
		ESTAGIO SUPERVISIONADO EM COMPUTACAO II	96					LABORATORIO DE FISICA III	36																																																																																																																																						
		ESTAGIO SUPERVISIONADO EM COMPUTACAO III	96					LABORATORIO DE FISICA MEDICA	36																																																																																																																																						
		INTELIGENCIA ARTIFICIAL	48					LABORATORIO DE GUIAGEM, NAVEGACAO E CONTROLE	48																																																																																																																																						
		LINGUAGENS FORMAIS E AUTOMATA	48					LABORATORIO DE MAQUINAS ELETRICAS	24																																																																																																																																						
		PARADIGMAS DE PROGRAMACAO	48					LABORATORIO DE MAQUINAS TERMICAS E HIDRAULICAS	24																																																																																																																																						
		PROGRAMACAO MATEMATICA	48					LABORATORIO DE PRATICAS INTEGRADORAS I (PCC)	48																																																																																																																																						
		PROGRAMACAO MATEMATICA	48					LABORATORIO DE PRATICAS INTEGRADORAS II (PCC)	48																																																																																																																																						
		PROGRAMACAO ORIENTADA A OBJETOS	48					LABORATORIO DE PROPRIEDADES FISICAS DE MATERIAIS	48																																																																																																																																						
		PROJETO DE GRADUACAO EM COMPUTACAO I	96					LEGISLACAO RELACIONADA A SAUDE	36																																																																																																																																						
		PROJETO DE GRADUACAO EM COMPUTACAO II	96					LIBRAS	48																																																																																																																																						
		PROJETO DE GRADUACAO EM COMPUTACAO III	96					LIGACOES QUIMICAS	48																																																																																																																																						
		REDES DE COMPUTADORES	48					LINGUAGENS FORMAIS E AUTOMATA	48																																																																																																																																						
		SISTEMAS DIGITAIS	48					LIVROS DIDATICOS NO ENSINO DE QUIMICA	48																																																																																																																																						
		SISTEMAS DISTRIBUIDOS	48					LOGICA BASICA	48																																																																																																																																						
		SISTEMAS OPERACIONAIS	48					LOGICA, COGNICAO E COMPUTACAO	36																																																																																																																																						
		TEORIA DOS GRAFOS	48					LOGICAS NAO CLASSICAS	48																																																																																																																																						
		PROGRAMACAO ESTRUTURADA	48					MAQUINAS DE FLUXO	48																																																																																																																																						
		ENGENHARIA DE SOFTWARE	48					MAQUINAS ELETRICAS	48																																																																																																																																						
		BANCO DE DADOS	48					MATEMATICA DISCRETA	48																																																																																																																																						
		ALGEBRA LINEAR	72					MATERIAIS CERAMICOS	48																																																																																																																																						
		ALGEBRA LINEAR AVANCADA I	48					MATERIAIS COMPOSITOS	48																																																																																																																																						
		ALGEBRA LINEAR AVANCADA II	48					MATERIAIS E SUAS PROPRIEDADES	48																																																																																																																																						
		ANALISE NO RN I	48					MATERIAIS METALICOS	48																																																																																																																																						
		ANALISE REAL I	48					MATERIAIS POLIMERICOS	48																																																																																																																																						
		ANALISE REAL II	48					MECANICA ANALITICA I	48																																																																																																																																						
		ANEIS E CORPOS	48					MECANICA CLASSICA I	48																																																																																																																																						
		CALCULO DE PROBABILIDADE	48					MECANICA DOS FLUIDOS I	48																																																																																																																																						
		CALCULO NUMERICO	48					MECANICA DOS FLUIDOS I	48																																																																																																																																						
		CALCULO VETORIAL E TENSORIAL	48					MECANICA DOS FLUIDOS II	48																																																																																																																																						
		EQUACOES DIFERENCIAIS ORDINARIAS	48					MECANICA DOS FLUIDOS VISCOSOS	48																																																																																																																																						
		EQUACOES DIFERENCIAIS PARCIAIS	48					MECANICA DOS SOLIDOS I	48																																																																																																																																						
		EXTENSOES ALGEBRICAS	48					MECANICA DOS SOLIDOS II	48																																																																																																																																						
		FUNCOES DE VARIAVEIS COMPLEXAS	72					MECANICA ESTATISTICA	72																																																																																																																																						
		GEOMETRIA DIFERENCIAL I	48					MECANICA GERAL	48																																																																																																																																						
		GEOMETRIA DIFERENCIAL II	48					MECANICA QUANTICA I	72																																																																																																																																						
		GRUPOS	48					MECANICA QUANTICA II	48																																																																																																																																						
		MATEMATICA DISCRETA	48					MECANISMOS DE REACOES ORGANICAS	48																																																																																																																																						
		TEORIA DA MEDIDA E INTEGRACAO	48					METATEOREMAS DA LOGICA CLASSICA	48																																																																																																																																						
		PROBABILIDADE	48					METODOLOGIAS DE PESQUISA EM EDUCACAO	24																																																																																																																																						
		SEQUENCIAS E SERIES	48					METODOS COMPUTACIONAIS PARA ANALISE ESTRUTURAL	48																																																																																																																																						
		TEORIA ARITMETICA DOS NUMEROS	48					METODOS DE ANALISE EM QUIMICA ORGANICA	48																																																																																																																																						
		TRABALHO DE CONCLUSAO DE CURSO EM MATEMATICA I	24					METODOS DE ELEMENTOS FINITOS APLICADOS A SISTEMAS BIOMEDICOS	36																																																																																																																																						
		TRABALHO DE CONCLUSAO DE CURSO EM MATEMATICA II	24					METODOS EXPERIMENTAIS EM ENGENHARIA	48																																																																																																																																						
		TOPOLOGIA	48					METODOS MATEMATICOS APLICADOS A SISTEMAS BIOMEDICOS	72																																																																																																																																						
		TRABALHO DE CONCLUSAO DE CURSO EM MATEMATICA III	24					METODOS MATEMATICOS I	48																																																																																																																																						
		INTRODUCAO A FILOSOFIA DA MENTE	24					METODOS NUMERICOS EM EDO'S	48																																																																																																																																						
		INTRODUCAO A NEUROCIENCIA	48					MICROBIOLOGIA	72																																																																																																																																						
		COMUNICACAO CIENTIFICA	24					MICROBIOLOGIA AMBIENTAL	48																																																																																																																																						
		PROCESSAMENTO DE SINAIS NEURAIS	48					MINERACAO DE DADOS	48																																																																																																																																						
		PROGRESSOS E METODOS EM NEUROCIENCIA	48					MODELAGEM DE SISTEMAS	48																																																																																																																																						
		PSICOLOGIA COGNITIVA	48					MODELAGEM DE SISTEMAS BIOLOGICOS	48																																																																																																																																						
		INTRODUCAO A INFERENCIA ESTATISTICA	48					MODELAGEM DE SISTEMAS DINAMICOS II	48																																																																																																																																						
		ESTAGIO SUPERVISIONADO EM NEUROCIENCIA I	120					MODELAGEM E CONTROLE	24																																																																																																																																						
		ESTAGIO SUPERVISIONADO EM NEUROCIENCIA II	120					MODELAGEM, SIMULACAO E CONTROLE APLICADOS A SISTEMAS BIOLOGICOS	48																																																																																																																																						
		ESTAGIO SUPERVISIONADO EM NEUROCIENCIA III	120					MORFOFISIOLOGIA EVOLUTIVA	48																																																																																																																																						
		NEUROPSICOFARMACOLOGIA	48					NANOBIOTECNOLOGIA	48																																																																																																																																						
		NEUROBIOLOGIA MOLECULAR E CELULAR	48					NASCIMENTO E DESENVOLVIMENTO DA CIENCIA MODERNA	48																																																																																																																																						
		PSICOLOGIA EXPERIMENTAL	72					NEGOCIACOES INTERNACIONAIS, PROPRIEDADE INTELECTUAL E TRANSFERENCIA TECNOLOGICA	48																																																																																																																																						
		NEUROCIENCIA TEORICA E COMPUTACIONAL	48					NEUROANATOMIA	48																																																																																																																																						
		NEUROANATOMIA	48					NEUROARTE	24																																																																																																																																						
		NEUROETOLOGIA	48					NEUROBIOLOGIA MOLECULAR E CELULAR	48																																																																																																																																						
		BIOFISICA DE MEMBRANAS	72					NEUROETOLOGIA	48																																																																																																																																						
		ESTAGIO SUPERVISIONADO EM MATEMATICA I (NIVEL MEDIO)	80					NEUROPSICOFARMACOLOGIA	48																																																																																																																																						
		ESTAGIO SUPERVISIONADO EM MATEMATICA II (NIVEL MEDIO)	80					NOCOES DE ASTRONOMIA E COSMOLOGIA	48																																																																																																																																						
		ESTAGIO SUPERVISIONADO EM MATEMATICA III (NIVEL MEDIO)	80					ONDAS ELETROMAGNETICAS APLICADAS	48																																																																																																																																						
		SIMETRIAS NO PLANO EUCLIDIANO	48					OPERACAO DE SISTEMAS ELETRICOS DE POTENCIA	48																																																																																																																																						
		GEOMETRIA PLANA AXIOMATICA	48					OPTICA	48																																																																																																																																						
		HISTORIA DA MATEMATICA	48					ORGANIZACAO DO TRABALHO	24																																																																																																																																						
		PRATICAS DE ENSINO DE MATEMATICA NO ENSINO FUNDAMENTAL	48					OTIMIZACAO	60																																																																																																																																						
		PRATICAS DE ENSINO DE MATEMATICA II	36					PARADIGMAS DE PROGRAMACAO	48																																																																																																																																						
		PRATICAS DE ENSINO DE MATEMATICA III	36					PATRIMONIO CULTURAL E PAISAGEM	48																																																																																																																																						
		PRATICAS DE ENSINO DE MATEMATICA I	36					PAULO FREIRE: EDUCACAO PARA A CRITICIDADE	24																																																																																																																																						
		CONSTRUCOES GEOMETRICAS E GEOMETRIA METRICA	48					PENSAMENTO CRITICO	48																																																																																																																																						
		FUNDAMENTOS DE ALGEBRA	48					PENSAMENTO ECONOMICO	36																																																																																																																																						
		ALGEBRA NA EDUCACAO BASICA	24					PESQUISA E COMUNICACAO CIENTIFICA	24																																																																																																																																						
		FUNDAMENTOS DE ANALISE	48					PESQUISA E COMUNICACAO CIENTIFICA	24																																																																																																																																						
		ANALISE NA EDUCACAO BASICA	24					PESQUISA OPERACIONAL	72																																																																																																																																						
		CALCULO AVANCADO	48					PETROFISICA	48																																																																																																																																						
		ANALISE DE PROJETO	24					PLANEJAMENTO E CONTROLE DA PRODUCAO	72																																																																																																																																						
		APRENDIZADO DE MAQUINA	48					PLANEJAMENTO E GESTAO DE REDES TECNICAS E SISTEMAS TERRITORIAIS	48																																																																																																																																						
		COMPUTACAO EVOLUTIVA E CONEXIONISTA	48					PLANEJAMENTO URBANO E METROPOLITANO	48																																																																																																																																						
		EMPREENDEDORISMO E DESENVOLVIMENTO DE NEGOCIOS	48					POLITICAS DE EDUCACAO	48																																																																																																																																						
		INTERACAO HUMANO-COMPUTADOR	48					POLITICAS EDUCACIONAIS	36																																																																																																																																						
		LOGICAS NAO CLASSICAS	48					POLITICAS PUBLICAS EM CIENCIA E TECNOLOGIA	36																																																																																																																																						
		MINERACAO DE DADOS	48					POLUICAO ATMOSFERICA	36																																																																																																																																						
		GESTAO DE PROJETOS DE SOFTWARE	48					PRATICAS DE CIENCIAS NO ENSINO FUNDAMENTAL	48																																																																																																																																						
		PROCESSAMENTO DIGITAL DE IMAGENS	48					PRATICAS DE ECOLOGIA	48																																																																																																																																						
		SISTEMAS DE GERENCIAMENTO DE BANCO DE DADOS	48					PRATICAS DE ENSINO DE BIOLOGIA I	36																																																																																																																																						
		SISTEMAS DE INFORMACAO	48					PRATICAS DE ENSINO DE BIOLOGIA II	36																																																																																																																																						
		SISTEMAS MULTIAGENTES	48					PRATICAS DE ENSINO DE BIOLOGIA III	36																																																																																																																																						
		VIDA ARTIFICIAL NA COMPUTACAO	24					PRATICAS DE ENSINO DE CIENCIAS E MATEMATICA NO ENSINO FUNDAMENTAL	48																																																																																																																																						
		COMBINATORIA EXTREMAL	48					PRATICAS DE ENSINO DE CIENCIAS E MATEMATICA NO ENSINO FUNDAMENTAL	48																																																																																																																																						
		PROCESSO E DESENVOLVIMENTO DE SOFTWARES EDUCACIONAIS	48					PRATICAS DE ENSINO DE FISICA I	36																																																																																																																																						
		ROBOTICA E SISTEMAS INTELIGENTES	48					PRATICAS DE ENSINO DE FISICA II	36																																																																																																																																						
		ELEMENTOS FINITOS	48					PRATICAS DE ENSINO DE FISICA III	36																																																																																																																																						
		GEOMETRIA NAO EUCLIDIANA	48					PRATICAS DE ENSINO DE MATEMATICA I	36																																																																																																																																						
		INFERENCIA ESTATISTICA	48					PRATICAS DE ENSINO DE MATEMATICA II	36																																																																																																																																						
		INTRODUCAO A CRIPTOGRAFIA	48					PRATICAS DE ENSINO DE MATEMATICA III	36																																																																																																																																						
		INTRODUCAO A MODELAGEM E PROCESSOS ESTOCASTICOS	48					PRATICAS DE ENSINO DE MATEMATICA NO ENSINO FUNDAMENTAL	48																																																																																																																																						
		METATEOREMAS DA LOGICA CLASSICA	48					PRATICAS DE ENSINO DE QUIMICA I	36																																																																																																																																						
		METODOS NUMERICOS EM EDO'S	48					PRATICAS DE ENSINO DE QUIMICA II	36																																																																																																																																						
		PRINCIPIOS DE SIMULACAO MATEMATICA	48					PRATICAS DE ENSINO DE QUIMICA III	36																																																																																																																																						
		TEORIA AXIOMATICA DOS CONJUNTOS	48					PRATICAS EM CIENCIAS E HUMANIDADES	48																																																																																																																																						
		TEORIA DOS JOGOS	48					PRATICAS EM QUIMICA VERDE	48																																																																																																																																						
		TEORIA DAS FILAS	48					PRATICAS ESCOLARES EM EDUCACAO ESPECIAL E INCLUSIVA	48																																																																																																																																						
		TEORIA DA RECURSAO E COMPUTABILIDADE	48					PRATICAS EXTENSIONISTAS EM GENERO, DIVERSIDADE E RACA	36																																																																																																																																						
		TEORIA DAS DISTRIBUICOES	48					PRATICAS EXTENSIONISTAS EM LETRAMENTO DIGITAL	48																																																																																																																																						
		EVOLUCAO DOS CONCEITOS MATEMATICOS	48					PRINCIPIOS DE COMUNICACAO	48																																																																																																																																						
		BASES NEURAIS DA MOTRICIDADE	48					PRINCIPIOS DE ETICA EM SERVICOS DE SAUDE	24																																																																																																																																						
		INTRODUCAO A PSICOLINGUISTICA E NEUROCIENCIA DA LINGUAGEM	48					PRINCIPIOS DE IMAGENS MEDICAS	48																																																																																																																																						
		ERGONOMIA COGNITIVA	48					PRINCIPIOS DE MECANICA QUANTICA	48																																																																																																																																						
		NEUROARTE	24					PRINCIPIOS DE SIMULACAO MATEMATICA	48																																																																																																																																						
		ATENCAO E ESTADOS DE CONSCIENCIA	48					PRINCIPIOS DE TERMODINAMICA	48																																																																																																																																						
		TOMADA DE DECISOES E NEUROECONOMIA	48					PRINCIPIOS E APLICACOES DE BIOMECANICA	48																																																																																																																																						
		SENSACAO E PERCEPCAO	48					PROBABILIDADE	48																																																																																																																																						
		PROCESSAMENTO DIGITAL DE IMAGENS	48					PROBABILIDADE E ESTATISTICA	48																																																																																																																																						
		ESTRUTURA DE DADOS I	48					PROCESSAMENTO DE INFORMACAO EM LINGUAS NATURAIS	48																																																																																																																																						
		PROBABILIDADE E ESTATISTICA	48					PROCESSAMENTO DE SINAIS NEURAIS	48																																																																																																																																						
		FILOSOFIA DA EDUCACAO	48					PROCESSAMENTO DIGITAL DE IMAGENS	48																																																																																																																																						
		LOGICA BASICA	48					PROCESSAMENTO DIGITAL DE IMAGENS	48																																																																																																																																						
		DESENVOLVIMENTO E APRENDIZAGEM	48					PROCESSAMENTO DIGITAL DE SINAIS	48																																																																																																																																						
		DIDATICA	48					PROCESSAMENTO E ANALISE DE SINAIS BIOMEDICOS	48																																																																																																																																						
		POLITICAS EDUCACIONAIS	36					PROCESSO E DESENVOLVIMENTO DE SOFTWARES EDUCACIONAIS	48																																																																																																																																						
		LIBRAS	48					PROCESSOS INDUSTRIAIS ORGANICOS E INORGANICOS	48																																																																																																																																						
		REACOES NUCLEARES	36					PROGRAMACAO DE DISPOSITIVOS MOVEIS	24																																																																																																																																						
		BIOETICA	24					PROGRAMACAO DE SOFTWARE EMBARCADO	48																																																																																																																																						
		BIOLOGIA ANIMAL I	60					PROGRAMACAO MATEMATICA	48																																																																																																																																						
		BIOLOGIA ANIMAL II	60					PROGRAMACAO MATEMATICA	48																																																																																																																																						
		BIOLOGIA ANIMAL III	60					PROGRAMACAO ORIENTADA A OBJETOS	48																																																																																																																																						
		BIOLOGIA VEGETAL II	60					PROGRESSOS E METODOS EM NEUROCIENCIA	48																																																																																																																																						
		BIOLOGIA VEGETAL III	60					PROJETO AMBIENTAL URBANO	48																																																																																																																																						
		BIOQUIMICA FUNCIONAL	72					PROJETO ASSISTIDO POR COMPUTADOR	24																																																																																																																																						
		ESTAGIO SUPERVISIONADO EM BIOLOGIA I (NIVEL MEDIO)	80					PROJETO DE ELEMENTOS ESTRUTURAIS DE AERONAVES I	48																																																																																																																																						
		ESTAGIO SUPERVISIONADO EM BIOLOGIA II (NIVEL MEDIO)	80					PROJETO DE FILTROS DIGITAIS	48																																																																																																																																						
		ESTAGIO SUPERVISIONADO EM BIOLOGIA III (NIVEL MEDIO)	80					PROJETO DE GRADUACAO EM COMPUTACAO I	96																																																																																																																																						
		ESTAGIO SUPERVISIONADO EM CIENCIAS BIOLOGICAS	20					PROJETO DE GRADUACAO EM COMPUTACAO II	96																																																																																																																																						
		GENETICA GERAL	60					PROJETO DE GRADUACAO EM COMPUTACAO III	96																																																																																																																																						
		GEOLOGIA E PALEONTOLOGIA	48					PROPAGACAO E ANTENAS	48																																																																																																																																						
		MODELAGEM DE SISTEMAS BIOLOGICOS	48					PROPRIEDADE INTELECTUAL	48																																																																																																																																						
		MORFOFISIOLOGIA EVOLUTIVA	48					PROPRIEDADES ELETRICAS, MAGNETICAS E OPTICAS	48																																																																																																																																						
		PRATICAS DE ECOLOGIA	48					PROPRIEDADES MECANICAS E TERMICAS	48																																																																																																																																						
		PRATICAS DE ENSINO DE BIOLOGIA I	36					PROTEINAS RECOMBINANTES	48																																																																																																																																						
		SISTEMAS BIOLOGICOS II	72					PSICOLOGIA COGNITIVA	48																																																																																																																																						
		SISTEMAS BIOLOGICOS III	72					PSICOLOGIA EXPERIMENTAL	72																																																																																																																																						
		SISTEMAS BIOLOGICOS IV	72					QUALIDADE EM SISTEMAS	48																																																																																																																																						
		SISTEMATICA E BIOGEOGRAFIA	48					QUESTOES ATUAIS NO ENSINO DE CIENCIAS	24																																																																																																																																						
		TRABALHO DE CONCLUSAO DE CURSO EM BIOLOGIA	24					QUIMICA AMBIENTAL	24																																																																																																																																						
		BIOLOGIA CELULAR	72					QUIMICA ANALITICA CLASSICA I	72																																																																																																																																						
		HISTOLOGIA E EMBRIOLOGIA	72					QUIMICA ANALITICA CLASSICA II	72																																																																																																																																						
		FUNDAMENTOS DE IMUNOLOGIA	48					QUIMICA ANALITICA E BIOANALITICA AVANCADA	72																																																																																																																																						
		MICROBIOLOGIA	72					QUIMICA DE COORDENACAO	96																																																																																																																																						
		GENETICA II	48					QUIMICA DO PETROLEO	48																																																																																																																																						
		GENETICA I	72					QUIMICA DOS ELEMENTOS	96																																																																																																																																						
		EVOLUCAO	48					QUIMICA INORGANICA EXPERIMENTAL	48																																																																																																																																						
		ZOOLOGIA DE INVERTEBRADOS I	72					QUIMICA ORGANICA APLICADA	48																																																																																																																																						
		EVOLUCAO E DIVERSIDADE DE PLANTAS I	48					QUIMICA ORGANICA EXPERIMENTAL	48																																																																																																																																						
		EVOLUCAO E DIVERSIDADE DE PLANTAS II	72					REACOES NUCLEARES	36																																																																																																																																						
		ECOLOGIA COMPORTAMENTAL	48					RECUPERACAO DE AREAS DEGRADADAS	36																																																																																																																																						
		ECOLOGIA VEGETAL	48					RECURSOS HIDRICOS	36																																																																																																																																						
		PRATICAS DE ENSINO DE BIOLOGIA E CURRICULO	36					REGULACAO AMBIENTAL E URBANISTICA	24																																																																																																																																						
		PRATICAS DE ENSINO DE BIOLOGIA E PLANEJAMENTO	36					REOLOGIA I	24																																																																																																																																						
		PRATICAS DE ENSINO DE BIOLOGIA E APRENDIZAGEM	36					REPRESENTACAO GRAFICA DE PROJETOS AMBIENTAIS E URBANOS	48																																																																																																																																						
		INSTRUMENTACAO PARA O ENSINO DE CIENCIAS E BIOLOGIA	48					RESIDUOS SOLIDOS	36																																																																																																																																						
		ENSINO DE MORFOFISIOLOGIA HUMANA	48					RISCOS NO AMBIENTE URBANO	48																																																																																																																																						
		ZOOLOGIA GERAL DOS INVERTEBRADOS	72					ROBOTICA E SISTEMAS INTELIGENTES	48																																																																																																																																						
		TEORIA DA CIENCIA	48					SAUDE AMBIENTAL	24																																																																																																																																						
		FILOSOFIA DA RELIGIAO	36					SEGURANCA DE REDES	48																																																																																																																																						
		ESTAGIO SUPERVISIONADO EM FISICA I (NIVEL MEDIO)	56					SEGURANCA E REGULAMENTACAO EM BIOTECNOLOGIA	24																																																																																																																																						
		ESTAGIO SUPERVISIONADO EM FISICA II (NIVEL MEDIO)	80					SELECAO DE MATERIAIS	48																																																																																																																																						
		ESTAGIO SUPERVISIONADO EM FISICA III (NIVEL MEDIO)	80					SENSACAO E PERCEPCAO	48																																																																																																																																						
		FISICA DO CONTINUO	48					SENSORES BIOMEDICOS	24																																																																																																																																						
		FISICA TERMICA	48					SENSORES E TRANSDUTORES	48																																																																																																																																						
		FUNCOES COMPLEXAS E TRANSFORMADAS INTEGRAIS	48					SENSORIAMENTO REMOTO	48																																																																																																																																						
		LABORATORIO DE FISICA I	36					SEQUENCIAS E SERIES	48																																																																																																																																						
		LABORATORIO DE FISICA II	36					SINAIS ALEATORIOS	48																																																																																																																																						
		MECANICA ANALITICA I	48					SISTEMAS BIOLOGICOS II	72																																																																																																																																						
		MECANICA ESTATISTICA	72					SISTEMAS BIOLOGICOS III	72																																																																																																																																						
		MECANICA GERAL	48					SISTEMAS BIOLOGICOS IV	72																																																																																																																																						
		OPTICA	48					SISTEMAS CAD/CAE	48																																																																																																																																						
		PRATICAS DE ENSINO DE FISICA I	36					SISTEMAS CAD/CAM	48																																																																																																																																						
		PRATICAS DE ENSINO DE FISICA II	36					SISTEMAS CAM	48																																																																																																																																						
		PRATICAS DE ENSINO DE FISICA III	36					SISTEMAS DE ABASTECIMENTO DE AGUAS	48																																																																																																																																						
		PRINCIPIOS DE MECANICA QUANTICA	48					SISTEMAS DE CONTROLE I	60																																																																																																																																						
		PRINCIPIOS DE TERMODINAMICA	48					SISTEMAS DE CONTROLE II	60																																																																																																																																						
		TEORIA DA RELATIVIDADE	48					SISTEMAS DE DRENAGEM URBANA	36																																																																																																																																						
		TEORIA ELETROMAGNETICA	72					SISTEMAS DE ESGOTAMENTO SANITARIO	36																																																																																																																																						
		TRABALHO DE CONCLUSAO DE CURSO EM FISICA	324					SISTEMAS DE GERENCIAMENTO DE BANCO DE DADOS	48																																																																																																																																						
		FISICA ONDULATORIA	48					SISTEMAS DE INFORMACAO	48																																																																																																																																						
		LABORATORIO DE FISICA III	36					SISTEMAS DE PROPULSAO I	48																																																																																																																																						
		VARIAVEIS COMPLEXAS E APLICACOES	48					SISTEMAS DE TRATAMENTO DE AGUA	36																																																																																																																																						
		ANALISE DE FOURIER E APLICACOES	48					SISTEMAS DIGITAIS	48																																																																																																																																						
		MECANICA CLASSICA I	48					SISTEMAS DISTRIBUIDOS	48																																																																																																																																						
		ELETROMAGNETISMO I	48					SISTEMAS E PROCESSOS DE PRODUCAO	48																																																																																																																																						
		ELETROMAGNETISMO II	48					SISTEMAS INTEGRADOS DE GESTAO DA QUALIDADE AMBIENTAL, SEGURANCA E SAUDE	24																																																																																																																																						
		MECANICA QUANTICA I	72					SISTEMAS INTELIGENTES	48																																																																																																																																						
		MECANICA QUANTICA II	48					SISTEMAS MICROPROCESSADOS	48																																																																																																																																						
		ANALISE QUIMICA INSTRUMENTAL	72					SISTEMAS MULTIAGENTES	48																																																																																																																																						
		BIOQUIMICA	72					SISTEMAS TERMICOS	48																																																																																																																																						
		BIOQUIMICA EXPERIMENTAL	72					SISTEMATICA E BIOGEOGRAFIA	48																																																																																																																																						
		ELETROANALITICA E TECNICAS DE SEPARACAO	72					SUBESTACAO E EQUIPAMENTOS	24																																																																																																																																						
		ESPECTROSCOPIA	72					TECNICAS DE ANALISE ESTRUTURAL E PROJETO	36																																																																																																																																						
		ESTAGIO SUPERVISIONADO EM QUIMICA I (NIVEL MEDIO)	80					TECNOLOGIA DA INFORMACAO	24																																																																																																																																						
		ESTAGIO SUPERVISIONADO EM QUIMICA II (NIVEL MEDIO)	80					TECNOLOGIA DOS PROCESSOS DE TRANSFORMACAO	96																																																																																																																																						
		ESTAGIO SUPERVISIONADO EM QUIMICA III (NIVEL MEDIO)	80					TECNOLOGIAS DA INFORMACAO E COMUNICACAO NA EDUCACAO	36																																																																																																																																						
		ESTAGIO SUPERVISIONADO I	150					TELEFONIA FIXA MODERNA	48																																																																																																																																						
		ESTAGIO SUPERVISIONADO II	150					TEMAS E PROBLEMAS EM FILOSOFIA	48																																																																																																																																						
		EXPERIMENTACAO E ENSINO DE QUIMICA	36					TEMPOS, METODOS E ARRANJOS FISICOS	48																																																																																																																																						
		FISICO-QUIMICA EXPERIMENTAL	72					TEORIA ARITMETICA DOS NUMEROS	48																																																																																																																																						
		FUNCOES E REACOES ORGANICAS	48					TEORIA AXIOMATICA DOS CONJUNTOS	48																																																																																																																																						
		LIGACOES QUIMICAS	48					TEORIA DA CIENCIA	48																																																																																																																																						
		MECANISMOS DE REACOES ORGANICAS	48					TEORIA DA EVOLUCAO, JOGOS EVOLUCIONARIOS E DINAMICA POPULACIONAL	48																																																																																																																																						
		METODOS DE ANALISE EM QUIMICA ORGANICA	48					TEORIA DA HISTORIA I	48																																																																																																																																						
		PRATICAS DE ENSINO DE QUIMICA I	36					TEORIA DA INFORMACAO E CODIGOS	48																																																																																																																																						
		PRATICAS DE ENSINO DE QUIMICA II	36					TEORIA DA MEDIDA E INTEGRACAO	48																																																																																																																																						
		PRATICAS DE ENSINO DE QUIMICA III	36					TEORIA DA RECURSAO E COMPUTABILIDADE	48																																																																																																																																						
		PRATICAS EM QUIMICA VERDE	48					TEORIA DA RELATIVIDADE	48																																																																																																																																						
		QUIMICA ORGANICA APLICADA	48					TEORIA DAS DISTRIBUICOES	48																																																																																																																																						
		QUIMICA ORGANICA EXPERIMENTAL	48					TEORIA DAS FILAS	48																																																																																																																																						
		TRABALHO DE CONCLUSAO DE CURSO EM QUIMICA	24					TEORIA DE CONJUNTOS BASICA	48																																																																																																																																						
		ESTRUTURA DA MATERIA AVANCADA	72					TEORIA DE FILAS E ANALISE DE DESEMPENHO	48																																																																																																																																						
		QUIMICA ANALITICA CLASSICA II	72					TEORIA DO CONHECIMENTO CIENTIFICO	48																																																																																																																																						
		QUIMICA ANALITICA CLASSICA I	72					TEORIA DO PLANEJAMENTO URBANO E AMBIENTAL	36																																																																																																																																						
		QUIMICA DE COORDENACAO	96					ALGORITMOS EM GRAFOS	48																																																																																																																																						
		QUIMICA DOS ELEMENTOS	96					TEORIA DOS JOGOS	48																																																																																																																																						
		TOPICOS AVANCADOS EM QUIMICA ORGANICA	24					TEORIA ELETROMAGNETICA	72																																																																																																																																						
		QUIMICA INORGANICA EXPERIMENTAL	48					TERMODINAMICA APLICADA	48																																																																																																																																						
		TERMODINAMICA QUIMICA	48					TERMODINAMICA APLICADA I	48																																																																																																																																						
		QUIMICA ANALITICA E BIOANALITICA AVANCADA	72					TERMODINAMICA APLICADA II	48																																																																																																																																						
		AVALIACAO NO ENSINO DE QUIMICA	36					TERMODINAMICA DE MATERIAIS	48																																																																																																																																						
		LIVROS DIDATICOS NO ENSINO DE QUIMICA	48					TERMODINAMICA ESTATISTICA DE MATERIAIS	48																																																																																																																																						
		EDUCACAO CIENTIFICA, SOCIEDADE E CULTURA	48					TERMODINAMICA QUIMICA	48																																																																																																																																						
		ESTAGIO SUPERVISIONADO (NIVEL FUNDAMENTAL) I	80					TERRITORIO E SOCIEDADE	48																																																																																																																																						
		ESTAGIO SUPERVISIONADO (NIVEL FUNDAMENTAL) II	80					TOMADA DE DECISOES E NEUROECONOMIA	48																																																																																																																																						
		PRATICAS DE CIENCIAS NO ENSINO FUNDAMENTAL	48					TOPICOS AVANCADOS EM QUIMICA ORGANICA	24																																																																																																																																						
		PRATICAS DE ENSINO DE CIENCIAS E MATEMATICA NO ENSINO FUNDAMENTAL	48					TOPICOS COMPUTACIONAIS EM MATERIAIS	48																																																																																																																																						
		PRATICAS DE ENSINO DE CIENCIAS E MATEMATICA NO ENSINO FUNDAMENTAL	48					TOPICOS CONTEMPORANEOS EM EDUCACAO E FILOSOFIA	48																																																																																																																																						
		BIOFISICA	48					TOPICOS EXPERIMENTAIS EM MATERIAIS I	48																																																																																																																																						
		BIOLOGIA MOLECULAR E BIOTECNOLOGIA	36					TOPOLOGIA	48																																																																																																																																						
		BIOLOGIA MOLECULAR E BIOTECNOLOGIA	36					TRABALHO DE CONCLUSAO DE CURSO EM BIOLOGIA	24																																																																																																																																						
		CONSERVACAO DA BIODIVERSIDADE	48					TRABALHO DE CONCLUSAO DE CURSO EM FISICA	0																																																																																																																																						
		FARMACOLOGIA	72					TRABALHO DE CONCLUSAO DE CURSO EM MATEMATICA I	24																																																																																																																																						
		BIOTECNOLOGIA DE PLANTAS	48					TRABALHO DE CONCLUSAO DE CURSO EM MATEMATICA II	24																																																																																																																																						
		TOPICOS CONTEMPORANEOS EM EDUCACAO E FILOSOFIA	48					TRABALHO DE CONCLUSAO DE CURSO EM MATEMATICA III	24																																																																																																																																						
		FILOSOFIA DA CIENCIA	48					TRABALHO DE CONCLUSAO DE CURSO EM QUIMICA	24																																																																																																																																						
		CONHECIMENTO E TECNICA: PERSPECTIVAS DA ANTIGUIDADE E PERIODO MEDIEVAL	48					TRABALHO DE GRADUACAO EM ENGENHARIA AEROESPACIAL	24																																																																																																																																						
		EFEITOS BIOLOGICOS DAS RADIACOES	48					TRABALHO DE GRADUACAO 2 EM ENGENHARIA AEROESPACIAL	0																																																																																																																																						
		ESTRUTURA ATOMICA E MOLECULAR	48					TRABALHO DE GRADUACAO I EM ENGENHARIA AEROESPACIAL	0																																																																																																																																						
		EVOLUCAO DA FISICA I	48					TRABALHO DE GRADUACAO I EM ENGENHARIA AMBIENTAL E URBANA	24																																																																																																																																						
		FISICA COMPUTACIONAL	48					TRABALHO DE GRADUACAO I EM ENGENHARIA BIOMEDICA	24																																																																																																																																						
		INTERACOES DA RADIACAO COM A MATERIA	48					TRABALHO DE GRADUACAO I EM ENGENHARIA DE ENERGIA	24																																																																																																																																						
		INTRODUCAO A FISICA DE PARTICULAS ELEMENTARES	48					TRABALHO DE GRADUACAO I EM ENGENHARIA DE GESTAO	24																																																																																																																																						
		INTRODUCAO A FISICA NUCLEAR	48					TRABALHO DE GRADUACAO I EM ENGENHARIA DE INFORMACAO	24																																																																																																																																						
		LABORATORIO DE PROPRIEDADES FISICAS DE MATERIAIS	48					TRABALHO DE GRADUACAO I EM ENGENHARIA DE INSTRUMENTACAO, AUTOMACAO E ROBOTICA	24																																																																																																																																						
		NOCOES DE ASTRONOMIA E COSMOLOGIA	48					TRABALHO DE GRADUACAO I EM ENGENHARIA DE MATERIAIS	24																																																																																																																																						
		NASCIMENTO E DESENVOLVIMENTO DA CIENCIA MODERNA	48					TRABALHO DE GRADUACAO II EM ENGENHARIA AMBIENTAL E URBANA	24																																																																																																																																						
		EQUACOES DIFERENCIAIS PARCIAIS APLICADAS	48					TRABALHO DE GRADUACAO II EM ENGENHARIA BIOMEDICA	24																																																																																																																																						
		LABORATORIO DE FISICA MEDICA	36					TRABALHO DE GRADUACAO II EM ENGENHARIA DE ENERGIA	24																																																																																																																																						
		FISICA DO MEIO AMBIENTE	48					TRABALHO DE GRADUACAO II EM ENGENHARIA DE GESTAO	24																																																																																																																																						
		ETICA PROFISSIONAL	36					TRABALHO DE GRADUACAO II EM ENGENHARIA DE INFORMACAO	24																																																																																																																																						
		PROCESSOS INDUSTRIAIS ORGANICOS E INORGANICOS	48					TRABALHO DE GRADUACAO II EM ENGENHARIA DE INSTRUMENTACAO, AUTOMACAO E ROBOTICA	24																																																																																																																																						
		PAULO FREIRE: EDUCACAO PARA A CRITICIDADE	24					TRABALHO DE GRADUACAO II EM ENGENHARIA DE MATERIAIS	24																																																																																																																																						
		ENERGIA E MEIO AMBIENTE	36					TRABALHO DE GRADUACAO III EM ENGENHARIA AMBIENTAL E URBANA	24																																																																																																																																						
		INTRODUCAO A FILOSOFIA DA CIENCIA	36					TRABALHO DE GRADUACAO III EM ENGENHARIA BIOMEDICA	24																																																																																																																																						
		QUESTOES ATUAIS NO ENSINO DE CIENCIAS	24					TRABALHO DE GRADUACAO III EM ENGENHARIA DE ENERGIA	24																																																																																																																																						
		TEORIA DO CONHECIMENTO CIENTIFICO	48					TRABALHO DE GRADUACAO III EM ENGENHARIA DE GESTAO	24																																																																																																																																						
		HISTORIA DA EDUCACAO	48					TRABALHO DE GRADUACAO III EM ENGENHARIA DE INFORMACAO	24																																																																																																																																						
		HISTORIA E FILOSOFIA DAS CIENCIAS E O ENSINO DE CIENCIAS	48					TRABALHO DE GRADUACAO III EM ENGENHARIA DE INSTRUMENTACAO, AUTOMACAO E ROBOTICA	24																																																																																																																																						
		TECNOLOGIAS DA INFORMACAO E COMUNICACAO NA EDUCACAO	36					TRABALHO DE GRADUACAO III EM ENGENHARIA DE MATERIAIS	24																																																																																																																																						
		EDUCACAO INCLUSIVA	24					TRAJETORIA DA OPEP E DA AGENCIA INTERNACIONAL DE ENERGIA (IEA)	48																																																																																																																																						
		EDUCACAO EM SAUDE E SEXUALIDADE	36					TRAJETORIA DE DESENVOLVIMENTO DE PAISES EXPORTADORES DE PETROLEO	48																																																																																																																																						
		PRATICAS ESCOLARES EM EDUCACAO ESPECIAL E INCLUSIVA	48					TRAJETORIA DOS INVESTIMENTOS PRODUTIVOS NO BRASIL E DO BRASIL	48																																																																																																																																						
		FUNDAMENTOS DA BIOTECNOLOGIA	24					TRANSFERENCIA DE CALOR APLICADA A SISTEMAS AEROESPACIAIS	48																																																																																																																																						
		NANOBIOTECNOLOGIA	48					TRANSFERENCIA DE CALOR I	48																																																																																																																																						
		ENZIMOLOGIA E BIOCATALISE	72					TRANSFERENCIA DE CALOR II	48																																																																																																																																						
		PROTEINAS RECOMBINANTES	48					TRANSFERENCIA DE MASSA	48																																																																																																																																						
		SEGURANCA E REGULAMENTACAO EM BIOTECNOLOGIA	24					TRANSFORMADAS EM SINAIS E SISTEMAS LINEARES	48																																																																																																																																						
		BIOLOGIA SINTETICA	24					TRANSPORTES E MOBILIDADE URBANA	24																																																																																																																																						
		GENOMICA E POS-GENOMICA	72					TRATAMENTO DE AGUAS URBANAS SERVIDAS	36																																																																																																																																						
		EMPREENDEDORISMO E PLANEJAMENTO DE PROJETOS EM BIOTECNOLOGIA	48					URBANIZACAO BRASILEIRA	48																																																																																																																																						
								USO FINAL DE ENERGIA E EFICIENCIA ENERGETICA	48																																																																																																																																						
								VARIAVEIS COMPLEXAS E APLICACOES	48																																																																																																																																						
								VIBRACOES	48																																																																																																																																						
								VIDA ARTIFICIAL NA COMPUTACAO	24																																																																																																																																						
								ZOOLOGIA DE INVERTEBRADOS I	72																																																																																																																																						
								ZOOLOGIA GERAL DOS INVERTEBRADOS	72																																																																																																																																						