Código da matéria;Nome da completo matéria;Campus;Horários;Docente teoria;Docente pratica;Arquivo_Origem
DE1ESZR007-21SB;A QUESTÃO NUCLEAR NAS RELAÇÕES INTERNACIONAIS;SB;"Prática: terça das 08:00 às 10:00, semanal; quinta das 10:00 às 12:00, semanal";ELIAS DAVID MORALES MARTINEZ;-;Resultados da classificação__.pdf
DA1ESZS019-17SB;AERODINÂMICA II;SB;"Teoria: quarta das 08:00 às 10:00, semanal; sexta das 10:00 às 12:00, semanal";KARL PETER BURR;-;Resultados da classificação__.pdf
DA1NHLH001-24SB;ANTIGUIDADES E USOS DO PASSADO;SB;"Teoria: terça das 10:00 às 12:00, semanal; sexta das 08:00 às 10:00, semanal";JULIANA CALDEIRA MONZANI;-;Resultados da classificação__.pdf
DA1ESTB029-17SB;ANÁLISE E CONTROLE DE SISTEMAS MECÂNICOS;SB;Teoria: terça das 10:00 às 12:00, semanal | Prática: sexta das 08:00 às 10:00, semanal;DANIEL BOARI COELHO;DANIEL BOARI COELHO;Resultados da classificação__.pdf
DA1ESZS016-17SB;ANÁLISE EXPERIMENTAL DE ESTRUTURAS;SB;"Prática: segunda das 14:00 às 16:00, semanal; quarta das 14:00 às 16:00, semanal";RICARDO GASPAR;RICARDO GASPAR;Resultados da classificação__.pdf
DA1ESZS012-17SB;APLICAÇÕES DE ELEMENTOS FINITOS PARA ENGENHARIA;SB;"Teoria: sexta das 08:00 às 10:00, quinzenal I; terça das 10:00 às 12:00, semanal | Prática: sexta das 08:00 às 10:00, quinzenal II";ANDRE SCHWANZ DE LIMA;ANDRE SCHWANZ DE LIMA;Resultados da classificação__.pdf
DI1MCZA002-17SB;APRENDIZADO DE MÁQUINA;SB;"Teoria: terça das 14:00 às 16:00, semanal; sexta das 14:00 às 16:00, semanal";AMANDA YUMI AMBRIOLA OKU;-;Resultados da classificação__.pdf
DA1ESHT001-17SB;ARRANJOS INSTITUCIONAIS E MARCO REGULATÓRIO DO TERRITÓRIO;SB;Teoria: segunda das 08:00 às 10:00, semanal;MARIANA MENZIO;-;Resultados da classificação__.pdf
DA1ESHR018-21SB;ATORES NÃO ESTATAIS E AS RELAÇÕES INTERNACIONAIS;SB;"Teoria: segunda das 08:00 às 10:00, semanal; quarta das 10:00 às 12:00, semanal";BARBARA ILZE SEMENSATO;-;Resultados da classificação__.pdf
DA1ESZG028-17SB;AUTOMAÇÃO EM SISTEMAS DE MANUFATURA;SB;"Teoria: segunda das 08:00 às 10:00, semanal; quinta das 10:00 às 12:00, semanal";THADEU ALFREDO FARIAS SILVA;THADEU ALFREDO FARIAS SILVA;Resultados da classificação__.pdf
DA1ESHP031-22SB;AVALIAÇÃO E MONITORAMENTO DE POLÍTICAS PÚBLICAS;SB;"Teoria: segunda das 08:00 às 10:00, semanal; quarta das 10:00 às 12:00, semanal";ROBERTA GUIMARAES PERES;ROBERTA GUIMARAES PERES;Resultados da classificação__.pdf
DA1NHBB005-23SB;AÇÕES EXTENSIONISTAS EM BOTÂNICA;SB;Teoria: quinta das 14:00 às 16:00, semanal;NATALIA PIRANI GHILARDI LOPES, ANSELMO NOGUEIRA;ANSELMO NOGUEIRA, NATALIA PIRANI GHILARDI LOPES;Resultados da classificação__.pdf
DA1BIS0005-15SB;BASES COMPUTACIONAIS DA CIÊNCIA;SB;Prática: segunda das 14:00 às 16:00, semanal;-;DAVID CORREA MARTINS JUNIOR;Resultados da classificação__.pdf
DA1BIR0004-15SB;BASES EPISTEMOLÓGICAS DA CIÊNCIA MODERNA;SB;"Teoria: segunda das 08:00 às 10:00, semanal; quarta das 10:00 às 12:00, quinzenal II";VICTOR XIMENES MARQUES;-;Resultados da classificação__.pdf
DB1BIR0004-15SB;BASES EPISTEMOLÓGICAS DA CIÊNCIA MODERNA;SB;"Teoria: segunda das 10:00 às 12:00, semanal; quarta das 08:00 às 10:00, quinzenal II";VICTOR XIMENES MARQUES;-;Resultados da classificação__.pdf
DA1BIS0003-15SB;BASES MATEMÁTICAS;SB;"Teoria: terça das 14:00 às 16:00, semanal; quinta das 16:00 às 18:00, semanal";IOANNIS PAPAGEORGIOU;-;Resultados da classificação__.pdf
DA1BCL0306-15SB;BIODIVERSIDADE: INTERAÇÕES ENTRE ORGANISMOS E AMBIENTE;SB;"Teoria: terça das 08:00 às 10:00, quinzenal I; quinta das 10:00 às 12:00, semanal";NATALIA PIRANI GHILARDI LOPES;-;Resultados da classificação__.pdf
DA2BCL0306-15SB;BIODIVERSIDADE: INTERAÇÕES ENTRE ORGANISMOS E AMBIENTE;SB;"Teoria: terça das 08:00 às 10:00, quinzenal I; quinta das 10:00 às 12:00, semanal";BRUNA HELENA DE CAMPOS;-;Resultados da classificação__.pdf
DB1BCL0306-15SB;BIODIVERSIDADE: INTERAÇÕES ENTRE ORGANISMOS E AMBIENTE;SB;"Teoria: terça das 10:00 às 12:00, quinzenal I; quinta das 08:00 às 10:00, semanal";BRUNA HELENA DE CAMPOS;-;Resultados da classificação__.pdf
DB2BCL0306-15SB;BIODIVERSIDADE: INTERAÇÕES ENTRE ORGANISMOS E AMBIENTE;SB;"Teoria: terça das 10:00 às 12:00, quinzenal I; quinta das 08:00 às 10:00, semanal";NATALIA PIRANI GHILARDI LOPES;-;Resultados da classificação__.pdf
DA1ESBM001-23SB;BIOMECÂNICA I;SB;"Prática: segunda das 08:00 às 10:00, semanal; quarta das 10:00 às 12:00, semanal";-;DANIEL BOARI COELHO;Resultados da classificação__.pdf
DA1NHT4002-13SB;BIOQUÍMICA EXPERIMENTAL;SB;Teoria: terça das 14:00 às 16:00, semanal | Prática: quinta das 14:00 às 18:00, semanal;SERGIO DAISHI SASAKI;SERGIO DAISHI SASAKI;Resultados da classificação__.pdf
DA1BCL0308-15SB;BIOQUÍMICA: ESTRUTURA, PROPRIEDADES E FUNÇÕES DE BIOMOLÉCULAS;SB;"Teoria: segunda das 10:00 às 12:00, quinzenal I; sexta das 10:00 às 12:00, semanal | Prática: quarta das 08:00 às 10:00, semanal";LUIZ ROBERTO NUNES;DALMO MANDELLI;Resultados da classificação__.pdf
DA2BCL0308-15SB;BIOQUÍMICA: ESTRUTURA, PROPRIEDADES E FUNÇÕES DE BIOMOLÉCULAS;SB;"Teoria: segunda das 10:00 às 12:00, quinzenal I; sexta das 10:00 às 12:00, semanal | Prática: quarta das 08:00 às 10:00, semanal";LUIZ ROBERTO NUNES;FERNANDO CARLOS GIACOMELLI;Resultados da classificação__.pdf
DA3BCL0308-15SB;BIOQUÍMICA: ESTRUTURA, PROPRIEDADES E FUNÇÕES DE BIOMOLÉCULAS;SB;"Teoria: segunda das 10:00 às 12:00, quinzenal I; sexta das 10:00 às 12:00, semanal | Prática: quarta das 08:00 às 10:00, semanal";LUIZ ROBERTO NUNES;DANILO DA CRUZ CENTENO;Resultados da classificação__.pdf
DB1BCL0308-15SB;BIOQUÍMICA: ESTRUTURA, PROPRIEDADES E FUNÇÕES DE BIOMOLÉCULAS;SB;"Teoria: segunda das 08:00 às 10:00, quinzenal I; sexta das 08:00 às 10:00, semanal | Prática: quarta das 10:00 às 12:00, semanal";FERNANDO HEERING BARTOLONI;DANILO DA CRUZ CENTENO;Resultados da classificação__.pdf
DA1LHZ0005-19SB;BRASIL INDEPENDENTE;SB;"Teoria: terça das 08:00 às 10:00, semanal; quinta das 10:00 às 12:00, semanal";JONATAS ROQUE RIBEIRO;-;Resultados da classificação__.pdf
DA1NHLH002-24SB;BRASIL REPUBLICANO: DA TRANSIÇÃO MONARQUIA-REPÚBLICA AO ESTADO NOVO;SB;Teoria: quarta das 08:00 às 10:00, semanal;MARIA CLARA SPADA DE CASTRO;-;Resultados da classificação__.pdf
DA1ESHP004-13SB;CIDADANIA, DIREITOS E DESIGUALDADES;SB;"Teoria: terça das 10:00 às 12:00, semanal; sexta das 08:00 às 10:00, semanal";WILSON MESQUITA DE ALMEIDA;-;Resultados da classificação__.pdf
DA1ESTA002-17SB;CIRCUITOS ELÉTRICOS I;SB;"Teoria: segunda das 08:00 às 10:00, quinzenal I; quarta das 10:00 às 13:00, semanal | Prática: segunda das 08:00 às 10:00, quinzenal II";DIOGO COUTINHO SORIANO;DIOGO COUTINHO SORIANO;Resultados da classificação__.pdf
DA2ESTA002-17SB;CIRCUITOS ELÉTRICOS I;SB;"Teoria: segunda das 08:00 às 10:00, quinzenal I; quarta das 10:00 às 13:00, semanal | Prática: segunda das 08:00 às 10:00, quinzenal II";DIOGO COUTINHO SORIANO;JOAO LOURES SALINET JUNIOR;Resultados da classificação__.pdf
DA1BIR0603-15SB;CIÊNCIA, TECNOLOGIA E SOCIEDADE;SB;"Teoria: segunda das 08:00 às 10:00, semanal; quarta das 10:00 às 12:00, quinzenal II";CLAUDIO LUIS DE CAMARGO PENTEADO;-;Resultados da classificação__.pdf
DA2BIR0603-15SB;CIÊNCIA, TECNOLOGIA E SOCIEDADE;SB;"Teoria: segunda das 08:00 às 10:00, semanal; quarta das 10:00 às 12:00, quinzenal II";LUCIANO AVALLONE BUENO;-;Resultados da classificação__.pdf
DB1BIR0603-15SB;CIÊNCIA, TECNOLOGIA E SOCIEDADE;SB;"Teoria: segunda das 10:00 às 12:00, semanal; quarta das 08:00 às 10:00, quinzenal II";CLAUDIO LUIS DE CAMARGO PENTEADO;-;Resultados da classificação__.pdf
DB2BIR0603-15SB;CIÊNCIA, TECNOLOGIA E SOCIEDADE;SB;"Teoria: segunda das 10:00 às 12:00, semanal; quarta das 08:00 às 10:00, quinzenal II";LUCIANO AVALLONE BUENO;-;Resultados da classificação__.pdf
DA1ESTS015-17SB;COMBUSTÃO I;SB;"Teoria: terça das 08:00 às 10:00, semanal; quinta das 10:00 às 12:00, semanal";LORETO PIZZUTI;LORETO PIZZUTI;Resultados da classificação__.pdf
DA1ESBM003-23SB;COMPUTAÇÃO CIENTÍFICA APLICADA A PROBLEMAS BIOLÓGICOS;SB;"Prática: quarta das 08:00 às 10:00, semanal; sexta das 10:00 às 12:00, semanal";-;DANIEL BOARI COELHO;Resultados da classificação__.pdf
DA1MCTC007-20SB;COMUNICAÇÃO CIENTÍFICA;SB;Teoria: quinta das 08:00 às 10:00, semanal;CRISTIANE OTERO REIS SALUM;-;Resultados da classificação__.pdf
DA1ESHC002-17SB;CONTABILIDADE BÁSICA;SB;"Teoria: terça das 08:00 às 10:00, semanal; quinta das 10:00 às 12:00, semanal";RICARDO BUSCARIOLLI PEREIRA;-;Resultados da classificação__.pdf
DA1ESHP022-14SB;CULTURA POLÍTICA;SB;"Teoria: quarta das 08:00 às 10:00, semanal; sexta das 10:00 às 12:00, semanal";SERGIO AMADEU DA SILVEIRA;-;Resultados da classificação__.pdf
DA1ESTG001-17SB;CUSTOS;SB;"Teoria: quarta das 08:00 às 10:00, semanal; sexta das 08:00 às 12:00, semanal";EVANDIR MEGLIORINI;EVANDIR MEGLIORINI;Resultados da classificação__.pdf
DA1MCTB009-17SB;CÁLCULO NUMÉRICO;SB;"Teoria: terça das 08:00 às 10:00, semanal; quinta das 10:00 às 12:00, semanal";CICERO RIBEIRO DE LIMA;-;Resultados da classificação__.pdf
DA1ESHT003-17SB;DEMOGRAFIA;SB;"Teoria: terça das 08:00 às 10:00, semanal; quinta das 10:00 às 12:00, semanal";LEONARDO FREIRE DE MELLO;-;Resultados da classificação__.pdf
DA1ESAE002-23SB;DESENHO UNIVERSAL E TECNOLOGIA ASSISTIVA;SB;Teoria: quarta das 10:00 às 12:00, semanal;OLAVO LUPPI SILVA;-;Resultados da classificação__.pdf
DB1ESTG002-17SB;DESENVOLVIMENTO INTEGRADO DO PRODUTO;SB;Teoria: terça das 08:00 às 12:00, semanal;FERNANDO GASI;FERNANDO GASI;Resultados da classificação__.pdf
DA1ESHC003-17SB;DESENVOLVIMENTO SOCIOECONÔMICO;SB;"Teoria: quarta das 08:00 às 10:00, semanal; sexta das 10:00 às 12:00, semanal";VITOR EDUARDO SCHINCARIOL;-;Resultados da classificação__.pdf
DB1ESHC003-17SB;DESENVOLVIMENTO SOCIOECONÔMICO;SB;"Teoria: quarta das 17:00 às 19:00, semanal; sexta das 17:00 às 19:00, semanal";LEONARDO DIAS NUNES;-;Resultados da classificação__.pdf
DA1ESTS005-17SB;DINÂMICA E CONTROLE DE VEÍCULOS ESPACIAIS;SB;"Teoria: terça das 16:00 às 18:00, semanal; quinta das 16:00 às 18:00, semanal";CLAUDIA CELESTE CELESTINO DE PAULA SANTOS;-;Resultados da classificação__.pdf
DA1ESTS001-17SB;DINÂMICA I;SB;"Teoria: terça das 08:00 às 10:00, semanal; quinta das 10:00 às 12:00, semanal";CARLOS RENATO HUAURA SOLORZANO;-;Resultados da classificação__.pdf
DA1ESHP013-22SB;DIREITO CONSTITUCIONAL;SB;"Teoria: quarta das 08:00 às 10:00, semanal; sexta das 10:00 às 12:00, semanal";GISELE MASCARELLI SALGADO;-;Resultados da classificação__.pdf
DA1NHZ2116-18SB;DISCUSSÕES ATUAIS EM FILOSOFIA DA CIÊNCIA;SB;"Teoria: segunda das 08:00 às 10:00, semanal; quarta das 10:00 às 12:00, semanal";PEDRO BRAVO DE SOUZA;-;Resultados da classificação__.pdf
DA1ESHC035-21SB;ECONOMETRIA I;SB;"Prática: segunda das 10:00 às 12:00, semanal; quinta das 08:00 às 10:00, semanal";ANA CLAUDIA POLATO E FAVA;ANA CLAUDIA POLATO E FAVA;Resultados da classificação__.pdf
DA1ESHC037-21SB;ECONOMETRIA III;SB;"Prática: segunda das 17:00 às 19:00, semanal; quinta das 17:00 às 19:00, semanal";THIAGO FONSECA MORELLO RAMALHO DA SILVA;THIAGO FONSECA MORELLO RAMALHO DA SILVA;Resultados da classificação__.pdf
DA1ESHC007-21SB;ECONOMIA BRASILEIRA I;SB;"Teoria: sexta das 10:00 às 12:00, semanal; quarta das 08:00 às 10:00, semanal";MARCELO MILAN;-;Resultados da classificação__.pdf
DA1ESTG003-17SB;ECONOMIA DE EMPRESAS;SB;Teoria: quarta das 10:00 às 12:00, semanal;OSMAR DOMINGUES;-;Resultados da classificação__.pdf
DA1ESHC034-21SB;ECONOMIA DO MEIO AMBIENTE;SB;"Teoria: segunda das 10:00 às 12:00, semanal; quinta das 08:00 às 10:00, semanal";MONICA YUKIE KUWAHARA;-;Resultados da classificação__.pdf
DA1ESHT005-17SB;ECONOMIA DO TERRITÓRIO;SB;"Teoria: quarta das 08:00 às 10:00, semanal; sexta das 10:00 às 12:00, semanal";MARCOS BARCELLOS DE SOUZA;-;Resultados da classificação__.pdf
DA1ESHR003-21SB;ECONOMIA POLÍTICA INTERNACIONAL DA SEGURANÇA ALIMENTAR;SB;"Teoria: quarta das 08:00 às 10:00, semanal; sexta das 10:00 às 12:00, semanal";ANDREA SANTOS BACA;-;Resultados da classificação__.pdf
DA1ESGE001-23SB;ENGENHARIA DE SEGURANÇA DO TRABALHO;SB;"Teoria: segunda das 10:00 às 12:00, semanal; quinta das 08:00 às 10:00, semanal";GISELLE RAMIREZ CANEDO;-;Resultados da classificação__.pdf
DA1LHZ0011-19SB;ENSINO INTERDISCIPLINAR DE HISTÓRIA;SB;Teoria: quinta das 14:00 às 18:00, semanal;WEBER LOPES GOES;-;Resultados da classificação__.pdf
DA1BHO0101-15SB;ESTADO E RELAÇÕES DE PODER;SB;"Teoria: segunda das 10:00 às 12:00, semanal; quinta das 08:00 às 10:00, semanal";VANESSA ELIAS DE OLIVEIRA;-;Resultados da classificação__.pdf
DB1BHO0101-15SB;ESTADO E RELAÇÕES DE PODER;SB;"Teoria: segunda das 08:00 às 10:00, semanal; quinta das 10:00 às 12:00, semanal";VANESSA ELIAS DE OLIVEIRA;-;Resultados da classificação__.pdf
DA1BIK0102-15SB;ESTRUTURA DA MATÉRIA;SB;"Teoria: terça das 14:00 às 16:00, semanal; sexta das 16:00 às 18:00, quinzenal I";EVER ALDO ARROYO MONTERO;-;Resultados da classificação__.pdf
DA1BIQ0602-15SB;ESTRUTURA E DINÂMICA SOCIAL;SB;"Teoria: segunda das 08:00 às 10:00, semanal; quarta das 10:00 às 12:00, quinzenal II";SIDNEY JARD DA SILVA;-;Resultados da classificação__.pdf
DA1ESHT007-17SB;ESTUDOS DO MEIO FÍSICO;SB;"Teoria: terça das 10:00 às 12:00, semanal; sexta das 08:00 às 10:00, semanal";CHRISTIAN RICARDO RIBEIRO;-;Resultados da classificação__.pdf
DA1ESHR030-21SB;ESTUDOS ESTRATÉGICOS E DEFESA;SB;"Teoria: quarta das 08:00 às 10:00, semanal; sexta das 10:00 às 12:00, semanal";FLAVIO ROCHA DE OLIVEIRA;-;Resultados da classificação__.pdf
DA1BIL0304-15SB;EVOLUÇÃO E DIVERSIFICAÇÃO DA VIDA NA TERRA;SB;"Teoria: terça das 16:00 às 18:00, semanal; sexta das 14:00 às 16:00, quinzenal I";RUBI VARGAS PEGAS;-;Resultados da classificação__.pdf
DA1NHH2012-13SB;FENOMENOLOGIA E FILOSOFIA HERMENÊUTICA;SB;"Teoria: quarta das 08:00 às 10:00, semanal; sexta das 10:00 às 12:00, semanal";JOSE LUIZ BASTOS NEVES;-;Resultados da classificação__.pdf
DA1ESTO016-17SB;FENÔMENOS DE TRANSPORTE;SB;"Teoria: terça das 08:00 às 10:00, semanal; quinta das 10:00 às 12:00, semanal";WAGNER SHIN NISHITANI;-;Resultados da classificação__.pdf
DA1BCJ0203-15SB;FENÔMENOS ELETROMAGNÉTICOS;SB;"Teoria: segunda das 16:00 às 18:00, semanal; quinta das 14:00 às 16:00, semanal | Prática: quinta das 16:00 às 18:00, quinzenal I";DUIVE MARIA VAN EGMOND;REGINA KEIKO MURAKAMI;Resultados da classificação__.pdf
DA1BCJ0204-15SB;FENÔMENOS MECÂNICOS;SB;"Teoria: quinta das 08:00 às 10:00, semanal; segunda das 10:00 às 12:00, semanal | Prática: segunda das 08:00 às 10:00, quinzenal I";EVER ALDO ARROYO MONTERO;EVER ALDO ARROYO MONTERO;Resultados da classificação__.pdf
DA2BCJ0204-15SB;FENÔMENOS MECÂNICOS;SB;"Teoria: segunda das 10:00 às 12:00, semanal; quinta das 08:00 às 10:00, semanal | Prática: segunda das 08:00 às 10:00, quinzenal II";EVER ALDO ARROYO MONTERO;EVER ALDO ARROYO MONTERO;Resultados da classificação__.pdf
DA3BCJ0204-15SB;FENÔMENOS MECÂNICOS;SB;"Teoria: segunda das 10:00 às 12:00, semanal; quinta das 08:00 às 10:00, semanal | Prática: segunda das 08:00 às 10:00, quinzenal I";EVER ALDO ARROYO MONTERO;REGINA KEIKO MURAKAMI;Resultados da classificação__.pdf
DA4BCJ0204-15SB;FENÔMENOS MECÂNICOS;SB;"Teoria: segunda das 10:00 às 12:00, semanal; quinta das 08:00 às 10:00, semanal | Prática: segunda das 08:00 às 10:00, quinzenal II";VALERY SHCHESNOVICH;REGINA KEIKO MURAKAMI;Resultados da classificação__.pdf
DA5BCJ0204-15SB;FENÔMENOS MECÂNICOS;SB;"Teoria: segunda das 10:00 às 12:00, semanal; quinta das 08:00 às 10:00, semanal | Prática: segunda das 08:00 às 10:00, quinzenal I";VALERY SHCHESNOVICH;JOSE JAVIER SAEZ ACUNA;Resultados da classificação__.pdf
DB1BCJ0204-15SB;FENÔMENOS MECÂNICOS;SB;"Teoria: segunda das 08:00 às 10:00, semanal; quinta das 10:00 às 12:00, semanal | Prática: segunda das 10:00 às 12:00, quinzenal I";VALERY SHCHESNOVICH;REGINA KEIKO MURAKAMI;Resultados da classificação__.pdf
DB2BCJ0204-15SB;FENÔMENOS MECÂNICOS;SB;"Teoria: segunda das 08:00 às 10:00, semanal; quinta das 10:00 às 12:00, semanal | Prática: segunda das 10:00 às 12:00, quinzenal II";VALERY SHCHESNOVICH;DUIVE MARIA VAN EGMOND;Resultados da classificação__.pdf
DA1NHH2085-16SB;FILOSOFIA DA ARTE;SB;"Teoria: terça das 10:00 às 12:00, semanal; sexta das 08:00 às 10:00, semanal";MARINE DE SOUZA PEREIRA;-;Resultados da classificação__.pdf
DA1NHZ2021-11SB;FILOSOFIA DA MENTE;SB;Teoria: segunda das 14:00 às 18:00, semanal;VICTOR XIMENES MARQUES;-;Resultados da classificação__.pdf
DA1NHH2028-13SB;FILOSOFIA POLÍTICA;SB;"Teoria: terça das 08:00 às 10:00, semanal; quinta das 10:00 às 12:00, semanal";MIRIAM MESQUITA SAMPAIO DE MADUREIRA;-;Resultados da classificação__.pdf
DA1BHO1335-15SB;FORMAÇÃO DO SISTEMA INTERNACIONAL;SB;"Teoria: quarta das 08:00 às 10:00, semanal; sexta das 10:00 às 12:00, semanal";DIEGO ARAUJO AZZI;-;Resultados da classificação__.pdf
DB1BHO1335-15SB;FORMAÇÃO DO SISTEMA INTERNACIONAL;SB;"Teoria: quarta das 10:00 às 12:00, semanal; sexta das 08:00 às 10:00, semanal";DIEGO ARAUJO AZZI;-;Resultados da classificação__.pdf
DA1ESHR006-13SB;FORMAÇÃO HISTÓRICA DA AMÉRICA LATINA;SB;"Teoria: segunda das 10:00 às 12:00, semanal; quinta das 08:00 às 10:00, semanal";IGOR FUSER;-;Resultados da classificação__.pdf
DI1ESHR006-13SB;FORMAÇÃO HISTÓRICA DA AMÉRICA LATINA;SB;"Teoria: segunda das 08:00 às 10:00, semanal; quarta das 10:00 às 12:00, semanal";JANA KAREN SILVERMAN;-;Resultados da classificação__.pdf
DA1ESTO011-17SB;FUNDAMENTOS DE DESENHO TÉCNICO;SB;Teoria: terça das 10:00 às 12:00, semanal;ERIK GUSTAVO DEL CONTE;-;Resultados da classificação__.pdf
DA1ESTB022-17SB;FUNDAMENTOS DE ELETRÔNICA ANALÓGICA E DIGITAL;SB;"Teoria: segunda das 10:00 às 12:00, semanal; quinta das 08:00 às 10:00, quinzenal I | Prática: quinta das 08:00 às 10:00, quinzenal II";WALTER AMERICO ARELLANO ESPINOZA;WALTER AMERICO ARELLANO ESPINOZA;Resultados da classificação__.pdf
DA1ESBM005-23SB;FUNDAMENTOS DE FISIOPATOLOGIA PARA ENGENHARIAS II;SB;"Teoria: terça das 10:00 às 12:00, quinzenal I; sexta das 08:00 às 10:00, semanal | Prática: terça das 10:00 às 12:00, quinzenal II";PATRICIA APARECIDA DA ANA;ILKA TIEMY KATO PRATES;Resultados da classificação__.pdf
DA1ESAE010-23SB;FUNDAMENTOS DE NAVEGAÇÃO INERCIAL E GNSS;SB;Teoria: quarta das 08:00 às 10:00, semanal;LEANDRO BARONI;-;Resultados da classificação__.pdf
DA1ESBM007-23SB;FUNDAMENTOS DE SINAIS E SISTEMAS DE TEMPO DISCRETO;SB;Teoria: quinta das 08:00 às 10:00, semanal;JOAO LOURES SALINET JUNIOR;-;Resultados da classificação__.pdf
DA1BCN0402-15SB;FUNÇÕES DE UMA VARIÁVEL;SB;"Teoria: quarta das 08:00 às 10:00, semanal; sexta das 10:00 às 12:00, semanal";WELINGTON VIEIRA ASSUNCAO;-;Resultados da classificação__.pdf
DA2BCN0402-15SB;FUNÇÕES DE UMA VARIÁVEL;SB;"Teoria: sexta das 10:00 às 12:00, semanal; quarta das 08:00 às 10:00, semanal";FELIPE TAHA SANT'ANA;-;Resultados da classificação__.pdf
DA3BCN0402-15SB;FUNÇÕES DE UMA VARIÁVEL;SB;"Teoria: quarta das 08:00 às 10:00, semanal; sexta das 10:00 às 12:00, semanal";VINICIUS CIFU LOPES;-;Resultados da classificação__.pdf
DB1BCN0402-15SB;FUNÇÕES DE UMA VARIÁVEL;SB;"Teoria: quarta das 10:00 às 12:00, semanal; sexta das 08:00 às 10:00, semanal";WELINGTON VIEIRA ASSUNCAO;-;Resultados da classificação__.pdf
DC1BCN0402-15SB;FUNÇÕES DE UMA VARIÁVEL;SB;"Teoria: quarta das 14:00 às 16:00, semanal; sexta das 16:00 às 18:00, semanal";VINICIUS CIFU LOPES;-;Resultados da classificação__.pdf
DA1ESTB030-17SB;FÍSICA MÉDICA II;SB;Teoria: terça das 08:00 às 10:00, semanal;TIAGO RIBEIRO DE OLIVEIRA;-;Resultados da classificação__.pdf
DA1BCK0103-15SB;FÍSICA QUÂNTICA;SB;"Teoria: segunda das 10:00 às 12:00, quinzenal II; quinta das 08:00 às 10:00, semanal";THIAGO BRANQUINHO DE QUEIROZ;-;Resultados da classificação__.pdf
DB1BCK0103-15SB;FÍSICA QUÂNTICA;SB;"Teoria: segunda das 08:00 às 10:00, quinzenal II; quinta das 10:00 às 12:00, semanal";THIAGO BRANQUINHO DE QUEIROZ;-;Resultados da classificação__.pdf
DA1LHZ0017-19SB;GEOGRAFIA URBANA;SB;"Teoria: quarta das 08:00 às 10:00, semanal; sexta das 10:00 às 12:00, semanal";JOSÉ RAIMUNDO SOUSA RIBEIRO JUNIOR;-;Resultados da classificação__.pdf
DA1BCN0404-15SB;GEOMETRIA ANALÍTICA;SB;"Teoria: quarta das 10:00 às 12:00, semanal; sexta das 08:00 às 10:00, quinzenal II";NAIL KHUSNUTDINOV;-;Resultados da classificação__.pdf
DA2BCN0404-15SB;GEOMETRIA ANALÍTICA;SB;"Teoria: quarta das 10:00 às 12:00, semanal; sexta das 08:00 às 10:00, quinzenal II";ALAN MACIEL DA SILVA;-;Resultados da classificação__.pdf
DB1BCN0404-15SB;GEOMETRIA ANALÍTICA;SB;"Teoria: quarta das 08:00 às 10:00, semanal; sexta das 10:00 às 12:00, quinzenal II";ALAN MACIEL DA SILVA;-;Resultados da classificação__.pdf
DC1BCN0404-15SB;GEOMETRIA ANALÍTICA;SB;"Teoria: quarta das 16:00 às 18:00, semanal; sexta das 14:00 às 16:00, quinzenal II";NAIL KHUSNUTDINOV;-;Resultados da classificação__.pdf
DA1ESZG041-17SB;GESTÃO DA INOVAÇÃO;SB;Teoria: segunda das 14:30 às 18:30, semanal;LUCELIA BORGES DA COSTA;LUCELIA BORGES DA COSTA;Resultados da classificação__.pdf
DA1ESBM018-25SB;GESTÃO DE TECNOLOGIA HOSPITALAR;SB;"Teoria: quarta das 08:00 às 10:00, semanal; sexta das 10:00 às 12:00, semanal";MARCIA MAYUMI OMI SIMBARA;-;Resultados da classificação__.pdf
DA1LHZ0018-19SB;HISTÓRIA CULTURAL;SB;"Teoria: segunda das 10:00 às 12:00, semanal; quinta das 08:00 às 10:00, semanal";LIDIANE SOARES RODRIGUES;-;Resultados da classificação__.pdf
NB1LHZ0018-19SB;HISTÓRIA CULTURAL;SB;Teoria: sábado das 08:00 às 12:00, semanal;LIDIANE SOARES RODRIGUES;-;Resultados da classificação__.pdf
DA1NHH2032-18SB;HISTÓRIA DA FILOSOFIA ANTIGA HELENÍSTICA;SB;"Teoria: segunda das 08:00 às 10:00, semanal; quarta das 10:00 às 12:00, semanal";0A DEFINIR DOCENTE;-;Resultados da classificação__.pdf
DA1NHH2034-13SB;HISTÓRIA DA FILOSOFIA CONTEMPORÂNEA: O SÉCULO XIX;SB;"Teoria: quarta das 08:00 às 10:00, semanal; sexta das 10:00 às 12:00, semanal";FERNANDO COSTA MATTOS;-;Resultados da classificação__.pdf
DA1NHH2087-16SB;HISTÓRIA DA FILOSOFIA MEDIEVAL: DO SÉCULO XI AO XIV;SB;"Teoria: quinta das 08:00 às 10:00, semanal; segunda das 10:00 às 12:00, semanal";MATTEO RASCHIETTI;-;Resultados da classificação__.pdf
DA1NHH2041-13SB;HISTÓRIA DA FILOSOFIA MODERNA: PERSPECTIVAS RACIONALISTAS;SB;"Teoria: terça das 10:00 às 12:00, semanal; sexta das 08:00 às 10:00, semanal";LUCIANA ZATERKA;-;Resultados da classificação__.pdf
DA1NHZ2044-11SB;HISTÓRIA DAS CIÊNCIAS NO BRASIL;SB;Teoria: quarta das 14:00 às 18:00, semanal;MARIANA MORAES DE OLIVEIRA SOMBRIO;-;Resultados da classificação__.pdf
DA1ESHP023-22SB;HISTÓRIA DAS INSTITUIÇÕES POLÍTICAS BRASILEIRAS;SB;"Teoria: segunda das 08:00 às 10:00, semanal; quarta das 10:00 às 12:00, semanal";IVAN FILIPE DE ALMEIDA LOPES FERNANDES;-;Resultados da classificação__.pdf
DA1ESHC020-17SB;HISTÓRIA ECONÔMICA GERAL;SB;"Teoria: segunda das 10:00 às 12:00, semanal; quinta das 08:00 às 10:00, semanal";PEDRO ROMERO MARQUES;-;Resultados da classificação__.pdf
DA1LHE0001-19SB;HISTÓRIA, EUROCENTRISMO E PÓS-COLONIALISMO;SB;"Teoria: quarta das 08:00 às 10:00, semanal; sexta das 10:00 às 12:00, semanal";SONIA ANDRE;-;Resultados da classificação__.pdf
DA1LHZ0021-19SB;HISTÓRIA, PATRIMÔNIO E MEMÓRIA;SB;"Prática: quarta das 08:00 às 10:00, semanal; sexta das 10:00 às 12:00, semanal";MARCELO CARDOSO DE PAIVA;-;Resultados da classificação__.pdf
DA1BHQ0001-15SB;IDENTIDADE E CULTURA;SB;Teoria: sexta das 10:00 às 13:00, semanal;ARLENE MARTINEZ RICOLDI;-;Resultados da classificação__.pdf
DA1ESMA002-23SB;INOVAÇÕES PARA ENGENHARIA;SB;Prática: quinta das 08:00 às 10:00, semanal;-;MARCIA MAYUMI OMI SIMBARA;Resultados da classificação__.pdf
DA2ESMA002-23SB;INOVAÇÕES PARA ENGENHARIA;SB;Prática: quinta das 08:00 às 10:00, semanal;-;WALLACE GUSMAO FERREIRA;Resultados da classificação__.pdf
DA1ESZB031-17SB;INSTALAÇÕES HOSPITALARES;SB;"Teoria: quarta das 10:00 às 12:00, semanal; segunda das 08:00 às 10:00, semanal";TIAGO RIBEIRO DE OLIVEIRA;-;Resultados da classificação__.pdf
DA1ESHR008-21SB;INTEGRAÇÃO REGIONAL - TEORIAS E EXPERIÊNCIAS;SB;"Teoria: segunda das 08:00 às 10:00, semanal; quarta das 10:00 às 12:00, semanal";VIVIAN DANIELE ROCHA GABRIEL;-;Resultados da classificação__.pdf
DA1BHQ0003-15SB;INTERPRETAÇÕES DO BRASIL;SB;"Teoria: segunda das 08:00 às 10:00, semanal; quarta das 10:00 às 12:00, semanal";CRISTINA MARIA DE CASTRO;-;Resultados da classificação__.pdf
DA1ESHR011-21SB;INTRODUÇÃO AO DIREITO E FUNDAMENTOS DO DIREITO INTERNACIONAL;SB;"Teoria: quarta das 08:00 às 10:00, semanal; sexta das 10:00 às 12:00, semanal";CRISTINE KOEHLER ZANELLA;-;Resultados da classificação__.pdf
DA1BHO0002-19SB;INTRODUÇÃO AO PENSAMENTO ECONÔMICO;SB;"Teoria: quarta das 10:00 às 12:00, quinzenal I; sexta das 08:00 às 10:00, semanal";MARIA LUIZA LEVI PAHIM;-;Resultados da classificação__.pdf
DB1BHO0002-19SB;INTRODUÇÃO AO PENSAMENTO ECONÔMICO;SB;"Teoria: quarta das 08:00 às 10:00, quinzenal I; sexta das 10:00 às 12:00, semanal";MARIA LUIZA LEVI PAHIM;-;Resultados da classificação__.pdf
DA1ESTG017-17SB;INTRODUÇÃO AOS PROCESSOS DE FABRICAÇÃO METAL MECÂNICO;SB;Teoria: quarta das 08:00 às 12:00, semanal | Prática: sexta das 08:00 às 10:00, semanal;GUILHERME CANUTO DA SILVA;GUILHERME CANUTO DA SILVA;Resultados da classificação__.pdf
DA2ESTG017-17SB;INTRODUÇÃO AOS PROCESSOS DE FABRICAÇÃO METAL MECÂNICO;SB;Teoria: quarta das 08:00 às 12:00, semanal | Prática: sexta das 10:00 às 12:00, semanal;GUILHERME CANUTO DA SILVA;GUILHERME CANUTO DA SILVA;Resultados da classificação__.pdf
DA1BHO1102-19SB;INTRODUÇÃO À ECONOMIA;SB;"Teoria: terça das 10:00 às 12:00, quinzenal II; sexta das 08:00 às 10:00, semanal";DARLENE RAMOS DIAS;-;Resultados da classificação__.pdf
DA1MCTC002-15SB;INTRODUÇÃO À NEUROCIÊNCIA;SB;"Teoria: sexta das 08:00 às 10:00, semanal; terça das 10:00 às 12:00, semanal";CRISTIANE OTERO REIS SALUM;-;Resultados da classificação__.pdf
DA1BIN0406-15SB;INTRODUÇÃO À PROBABILIDADE E À ESTATÍSTICA;SB;"Teoria: terça das 16:00 às 18:00, semanal; sexta das 14:00 às 16:00, quinzenal II";IOANNIS PAPAGEORGIOU;-;Resultados da classificação__.pdf
DA1BCN0405-15SB;INTRODUÇÃO ÀS EQUAÇÕES DIFERENCIAIS ORDINÁRIAS;SB;"Teoria: quarta das 14:00 às 16:00, semanal; sexta das 16:00 às 18:00, semanal";CLEBER FERNANDO COLLE;-;Resultados da classificação__.pdf
DA1BHO0001-19SB;INTRODUÇÃO ÀS HUMANIDADES E ÀS CIÊNCIAS SOCIAIS;SB;Teoria: sexta das 08:00 às 10:00, semanal;ANA MARIA DIETRICH;-;Resultados da classificação__.pdf
DA1ESHP014-13SB;INTRODUÇÃO ÀS POLÍTICAS PÚBLICAS;SB;"Teoria: terça das 08:00 às 10:00, semanal; quinta das 10:00 às 12:00, semanal";KLAUS FREY;-;Resultados da classificação__.pdf
DA1ESAE012-23SB;LABORATÓRIO DE NAVEGAÇÃO INERCIAL E GNSS;SB;Prática: sexta das 10:00 às 12:00, semanal;-;LEANDRO BARONI;Resultados da classificação__.pdf
DA1LHE0003-22SB;LABORATÓRIO DE PRÁTICAS INTEGRADORAS II (PCC);SB;"Teoria: segunda das 08:00 às 10:00, semanal; quarta das 10:00 às 12:00, semanal";-;BRUNA MENDES DE VASCONCELLOS;Resultados da classificação__.pdf
DA1ESBM008-23SB;LEGISLAÇÃO RELACIONADA À SAÚDE;SB;Prática: quinta das 10:00 às 12:00, semanal;-;CHRISTIANE BERTACHINI LOMBELLO;Resultados da classificação__.pdf
DA1NHI2049-13SB;LÓGICA BÁSICA;SB;"Teoria: terça das 08:00 às 10:00, semanal; quinta das 10:00 às 12:00, semanal";RAFAEL RIBEIRO SILVA;-;Resultados da classificação__.pdf
DA1ESHC022-17SB;MACROECONOMIA I;SB;"Teoria: terça das 08:00 às 10:00, semanal; quinta das 10:00 às 12:00, semanal";PATRICIA HELENA FERNANDES CUNHA;-;Resultados da classificação__.pdf
DB1ESHC022-17SB;MACROECONOMIA I;SB;"Teoria: quarta das 17:00 às 19:00, semanal; sexta das 17:00 às 19:00, semanal";DANILO FREITAS RAMALHO DA SILVA;-;Resultados da classificação__.pdf
DA1ESTO006-17SB;MATERIAIS E SUAS PROPRIEDADES;SB;"Teoria: terça das 08:00 às 10:00, semanal; quinta das 10:00 às 12:00, quinzenal II | Prática: quinta das 10:00 às 12:00, quinzenal I";FREDERICO AUGUSTO PIRES FERNANDES;SONIA MARIA MALMONGE;Resultados da classificação__.pdf
DI1ESTO015-17SB;MECÂNICA DOS FLUIDOS I;SB;"Teoria: terça das 10:00 às 12:00, semanal; sexta das 08:00 às 10:00, semanal";SUNGKI JUNG;-;Resultados da classificação__.pdf
DA1ESTO008-17SB;MECÂNICA DOS SÓLIDOS I;SB;"Teoria: quarta das 08:00 às 10:00, semanal; sexta das 10:00 às 12:00, semanal";ANDRE SCHWANZ DE LIMA;ANDRE SCHWANZ DE LIMA;Resultados da classificação__.pdf
DA1MCZC013-15SB;MEMÓRIA E APRENDIZAGEM;SB;"Teoria: segunda das 10:00 às 12:00, semanal; quinta das 08:00 às 10:00, semanal";RAQUEL VECCHIO FORNARI, TATIANA LIMA FERREIRA;-;Resultados da classificação__.pdf
DA1ESZP026-13SB;MEMÓRIA, IDENTIDADES SOCIAIS E CIDADANIA NAS SOCIEDADES COMPLEXAS CONTEMPORÂNEAS;SB;"Teoria: segunda das 10:00 às 12:00, semanal; quinta das 08:00 às 10:00, semanal";ALESSANDRA TEIXEIRA;-;Resultados da classificação__.pdf
DA1ESHC025-17SB;MICROECONOMIA I;SB;"Teoria: segunda das 08:00 às 10:00, semanal; quarta das 10:00 às 12:00, semanal";RICARDO BATISTA POLITI;-;Resultados da classificação__.pdf
DA1ESHC029-21SB;MICROECONOMIA III;SB;"Teoria: terça das 17:00 às 19:00, semanal; sexta das 17:00 às 19:00, semanal";JANICE SANTOS VIANA;-;Resultados da classificação__.pdf
DA1ESHT010-17SB;MÉTODOS DE PLANEJAMENTO;SB;"Teoria: terça das 08:00 às 10:00, semanal; quinta das 10:00 às 12:00, semanal";SAN MOMM;SAN MOMM;Resultados da classificação__.pdf
DA1BCM0504-15SB;NATUREZA DA INFORMAÇÃO;SB;"Teoria: terça das 10:00 às 12:00, semanal; sexta das 08:00 às 10:00, quinzenal I";NUNZIO MARCO TORRISI;-;Resultados da classificação__.pdf
DA2BCM0504-15SB;NATUREZA DA INFORMAÇÃO;SB;"Teoria: terça das 10:00 às 12:00, semanal; sexta das 08:00 às 10:00, quinzenal I";AMANDA YUMI AMBRIOLA OKU;-;Resultados da classificação__.pdf
DB1BCM0504-15SB;NATUREZA DA INFORMAÇÃO;SB;"Teoria: terça das 08:00 às 10:00, semanal; sexta das 10:00 às 12:00, quinzenal I";NUNZIO MARCO TORRISI;-;Resultados da classificação__.pdf
DA1MCTC019-20SB;NEUROBIOLOGIA MOLECULAR E CELULAR;SB;"Teoria: sexta das 10:00 às 12:00, semanal; quarta das 08:00 às 10:00, semanal";ANDREZA CANDIDO MATIAS, FERNANDO AUGUSTO DE OLIVEIRA RIBEIRO;-;Resultados da classificação__.pdf
DA1MCTC024-15SB;NEUROETOLOGIA;SB;"Teoria: sexta das 08:00 às 10:00, semanal; terça das 10:00 às 12:00, semanal";RODRIGO PAVAO, TATIANA LIMA FERREIRA;-;Resultados da classificação__.pdf
DA1NHBF151-22SB;OFICINA DE PESQUISA EM FILOSOFIA III;SB;Teoria: segunda das 17:00 às 19:00, semanal;NATHALIE DE ALMEIDA BRESSIANI;-;Resultados da classificação__.pdf
DA1ESHT016-22SB;OFICINA DE PLANEJAMENTO E GOVERNANÇA METROPOLITANA;SB;Prática: quinta das 08:00 às 12:00, semanal;-;SILVANA MARIA ZIONI, JEROEN JOHANNES KLINK;Resultados da classificação__.pdf
DA1ESHT013-22SB;OFICINA DE PLANEJAMENTO MACRO E MESO REGIONAL;SB;Prática: sexta das 08:00 às 12:00, semanal;-;LUCIANA RODRIGUES FAGNONI COSTA TRAVASSOS;Resultados da classificação__.pdf
DA1ESEC004-24SB;OFICINAS EM ECONOMIA E HISTÓRIA DO ABC PAULISTA;SB;Teoria: sexta das 08:00 às 10:00, semanal;JEFFERSON FERREIRA SAAR;JEFFERSON FERREIRA SAAR;Resultados da classificação__.pdf
DA1ESHR017-21SB;ORGANIZAÇÕES INTERNACIONAIS E MULTILATERALISMO;SB;"Teoria: segunda das 10:00 às 12:00, semanal; quinta das 08:00 às 10:00, semanal";BARBARA ILZE SEMENSATO;-;Resultados da classificação__.pdf
DA1ESHP030-22SB;ORÇAMENTO PÚBLICO;SB;"Teoria: quarta das 08:00 às 10:00, semanal; sexta das 10:00 às 12:00, semanal";LUIS FELIPE AIRES MAGALHAES;-;Resultados da classificação__.pdf
DA1BHP0202-15SB;PENSAMENTO CRÍTICO;SB;"Teoria: terça das 08:00 às 10:00, semanal; quinta das 10:00 às 12:00, semanal";DANIEL BORGONI GONCALVES;-;Resultados da classificação__.pdf
DB1BHP0202-15SB;PENSAMENTO CRÍTICO;SB;"Teoria: terça das 10:00 às 12:00, semanal; quinta das 08:00 às 10:00, semanal";DANIEL BORGONI GONCALVES;-;Resultados da classificação__.pdf
DA1ESZG006-17SB;PESQUISA OPERACIONAL APLICADA;SB;Teoria: quinta das 14:30 às 18:30, semanal;CAROLINA CORREA DE CARVALHO;-;Resultados da classificação__.pdf
DA1ESTG014-17SB;PLANEJAMENTO E CONTROLE DA PRODUÇÃO;SB;Teoria: terça das 08:00 às 12:00, semanal | Prática: sexta das 08:00 às 10:00, semanal;GERALDO CARDOSO DE OLIVEIRA NETO;GERALDO CARDOSO DE OLIVEIRA NETO;Resultados da classificação__.pdf
DA2ESTG014-17SB;PLANEJAMENTO E CONTROLE DA PRODUÇÃO;SB;Teoria: terça das 08:00 às 12:00, semanal | Prática: sexta das 10:00 às 12:00, semanal;GERALDO CARDOSO DE OLIVEIRA NETO;GERALDO CARDOSO DE OLIVEIRA NETO;Resultados da classificação__.pdf
DA1ESHT019-17SB;PLANEJAMENTO E POLÍTICA RURAL;SB;"Teoria: quinta das 08:00 às 10:00, semanal; segunda das 10:00 às 12:00, semanal";VANESSA LUCENA EMPINOTTI;-;Resultados da classificação__.pdf
DA1ESHR025-14SB;POLÍTICA EXTERNA BRASILEIRA CONTEMPORÂNEA;SB;"Teoria: terça das 08:00 às 10:00, semanal; quinta das 10:00 às 12:00, semanal";GIORGIO ROMANO SCHUTTE;-;Resultados da classificação__.pdf
DA1ESHT021-17SB;POLÍTICA URBANA;SB;"Teoria: quarta das 10:00 às 12:00, semanal; segunda das 08:00 às 10:00, semanal";ROSANA DENALDI, GUADALUPE MARIA JUNGERS ABIB DE ALMEIDA;-;Resultados da classificação__.pdf
DA1NHI5011-13SB;POLÍTICAS EDUCACIONAIS;SB;"Teoria: quarta das 08:00 às 10:00, quinzenal I; sexta das 10:00 às 12:00, semanal";ALEXANDER DE FREITAS;-;Resultados da classificação__.pdf
DA1ESTO012-17SB;PRINCÍPIOS DE ADMINISTRAÇÃO;SB;Teoria: segunda das 08:00 às 10:00, semanal;FRANCIANE FREITAS SILVEIRA;-;Resultados da classificação__.pdf
DB1ESTO012-17SB;PRINCÍPIOS DE ADMINISTRAÇÃO;SB;Teoria: segunda das 10:00 às 12:00, semanal;FRANCIANE FREITAS SILVEIRA;-;Resultados da classificação__.pdf
DA1MCNC003-23SB;PROCESSAMENTO DE SINAIS NEURAIS;SB;"Prática: quarta das 08:00 às 10:00, semanal; sexta das 10:00 às 12:00, semanal";-;JOAO RICARDO SATO;Resultados da classificação__.pdf
DA1ESTA019-17SB;PROJETO ASSISTIDO POR COMPUTADOR;SB;Prática: quarta das 10:00 às 12:00, semanal;-;CICERO RIBEIRO DE LIMA;Resultados da classificação__.pdf
DI1ESZS028-17SB;PROJETO DE AERONAVES I;SB;"Teoria: terça das 08:00 às 10:00, semanal; quinta das 10:00 às 12:00, semanal";SUNGKI JUNG;-;Resultados da classificação__.pdf
DA1BCS0002-25SB;PROJETO DIRIGIDO;SB;Teoria: segunda das 08:00 às 10:00, semanal;-;MARCIA MAYUMI OMI SIMBARA;Resultados da classificação__.pdf
DB1BCS0002-25SB;PROJETO DIRIGIDO;SB;Teoria: segunda das 10:00 às 12:00, semanal;-;JULIANA CARDINALI REZENDE;Resultados da classificação__.pdf
DA1ESZS033-17SB;PROPULSÃO AEROESPACIAL NÃO-CONVENCIONAL;SB;"Teoria: segunda das 08:00 às 10:00, semanal; quarta das 10:00 às 12:00, semanal";LEONARDO DE OLIVE FERREIRA;-;Resultados da classificação__.pdf
DA1NHH2088-16SB;PRÁTICA DE ENSINO DE FILOSOFIA: CURRÍCULOS;SB;"Teoria: quarta das 08:00 às 10:00, semanal; sexta das 10:00 às 12:00, semanal";JOSE PASCOAL MANTOVANI PEREIRA JUNIOR;-;Resultados da classificação__.pdf
DA1LHZ0025-19SB;PRÁTICA EM MUSEUS, ARQUIVOS E BENS CULTURAIS;SB;"Prática: terça das 10:00 às 12:00, semanal; sexta das 08:00 às 10:00, semanal";PHILIPPE ARTHUR DOS REIS;-;Resultados da classificação__.pdf
DA1BHS0008-23SB;PRÁTICAS COMUNITÁRIAS EM CAMPO;SB;Teoria: terça das 10:00 às 12:00, semanal;LUCIANA NICOLAU FERRARA, GUADALUPE MARIA JUNGERS ABIB DE ALMEIDA;LUCIANA NICOLAU FERRARA, GUADALUPE MARIA JUNGERS ABIB DE ALMEIDA;Resultados da classificação__.pdf
DA1LHZ0029-19SB;PRÁTICAS DE ENSINO DE GEOGRAFIA: PROGRAMAS DE ENSINO;SB;"Teoria: terça das 10:00 às 12:00, semanal; sexta das 08:00 às 10:00, semanal";PATRICIA MIE MATSUO;-;Resultados da classificação__.pdf
DA1LHZ0031-19SB;PRÁTICAS DE ENSINO DE HISTÓRIA: METODOLOGIAS;SB;Teoria: terça das 14:00 às 18:00, semanal;MARIA CLARA SPADA DE CASTRO;-;Resultados da classificação__.pdf
DA1BHS0005-19SB;PRÁTICAS EM CIÊNCIAS E HUMANIDADES;SB;Teoria: quinta das 10:00 às 13:00, semanal;CAMILA CALDEIRA NUNES DIAS;CAMILA CALDEIRA NUNES DIAS;Resultados da classificação__.pdf
DB1BHS0005-19SB;PRÁTICAS EM CIÊNCIAS E HUMANIDADES;SB;Teoria: segunda das 10:00 às 13:00, semanal;MARIA LUIZA LEVI PAHIM;MARIA LUIZA LEVI PAHIM;Resultados da classificação__.pdf
DA1NHZ5023-18SB;PRÁTICAS ESCOLARES EM EDUCAÇÃO ESPECIAL E INCLUSIVA;SB;"Teoria: terça das 08:00 às 10:00, semanal; quinta das 10:00 às 12:00, semanal";PRISCILA BENITEZ AFONSO(INATIVO);PRISCILA BENITEZ AFONSO(INATIVO);Resultados da classificação__.pdf
DA2NHZ5023-18SB;PRÁTICAS ESCOLARES EM EDUCAÇÃO ESPECIAL E INCLUSIVA;SB;"Teoria: terça das 08:00 às 10:00, semanal; quinta das 10:00 às 12:00, semanal";MARIANA OLIVEIRA ARANTES;MARIANA OLIVEIRA ARANTES;Resultados da classificação__.pdf
DA1BCS0004-25SB;PRÁTICAS EXTENSIONISTAS EM LETRAMENTO DIGITAL;SB;"Prática: terça das 16:00 às 18:00, semanal; quinta das 14:00 às 16:00, semanal";-;GEIZA CRISTINA DA SILVA;Resultados da classificação__.pdf
DA1MCTC011-15SB;PSICOLOGIA COGNITIVA;SB;"Teoria: quinta das 10:00 às 12:00, semanal; terça das 08:00 às 10:00, semanal";KATERINA LUKASOVA, YOSSI ZANA;-;Resultados da classificação__.pdf
DA1MCZC022-20SB;PSICOMETRIA;SB;Teoria: quarta das 10:00 às 12:00, semanal | Prática: segunda das 08:00 às 10:00, semanal;PETER MAURICE ERNA CLAESSENS;PETER MAURICE ERNA CLAESSENS;Resultados da classificação__.pdf
DA1ESHC013-21SB;RELAÇÕES COMERCIAIS E DE INVESTIMENTO INTERNACIONAIS;SB;"Teoria: terça das 08:00 às 10:00, semanal; quinta das 10:00 às 12:00, semanal";VINICIUS RUIZ ALBINO DE FREITAS;-;Resultados da classificação__.pdf
DB1ESHC013-21SB;RELAÇÕES COMERCIAIS E DE INVESTIMENTO INTERNACIONAIS;SB;"Teoria: terça das 17:00 às 19:00, semanal; quinta das 17:00 às 19:00, semanal";ELSON RODRIGO DE SOUZA SANTOS;-;Resultados da classificação__.pdf
DA1NHZ2108-18SB;SEMINÁRIOS DE LEITURA;SB;"Teoria: segunda das 08:00 às 10:00, semanal; quarta das 10:00 às 12:00, semanal";CRISTIANE NEGREIROS ABBUD AYOUB;-;Resultados da classificação__.pdf
DA1ESHR016-21SB;SISTEMA FINANCEIRO INTERNACIONAL;SB;"Teoria: terça das 10:00 às 12:00, semanal; sexta das 08:00 às 10:00, semanal";VALERIA LOPES RIBEIRO;-;Resultados da classificação__.pdf
DA1ESTG021-17SB;SISTEMAS CAD/CAE;SB;Prática: segunda das 08:00 às 12:00, semanal;MARCOS VIDO;MARCOS VIDO;Resultados da classificação__.pdf
DB1ESTG021-17SB;SISTEMAS CAD/CAE;SB;Prática: sábado das 08:00 às 12:00, semanal;DELMO ALVES DE MOURA;DELMO ALVES DE MOURA;Resultados da classificação__.pdf
DA1ESTA008-17SB;SISTEMAS DE CONTROLE II;SB;Teoria: segunda das 10:00 às 13:00, semanal | Prática: quinta das 08:00 às 10:00, semanal;HELOISE ASSIS FAZZOLARI;HELOISE ASSIS FAZZOLARI;Resultados da classificação__.pdf
DA1ESZS021-17SB;SISTEMAS DE PROPULSÃO II;SB;"Teoria: terça das 14:00 às 16:00, semanal; quinta das 14:00 às 16:00, semanal";LORETO PIZZUTI;LORETO PIZZUTI;Resultados da classificação__.pdf
DA1ESHT023-17SB;SOCIOLOGIA DOS TERRITÓRIOS;SB;"Teoria: segunda das 10:00 às 12:00, semanal; quinta das 08:00 às 10:00, semanal";LUIS ROBERTO DE PAULA;-;Resultados da classificação__.pdf
DA1BHP0202-19SB;TEMAS E PROBLEMAS EM FILOSOFIA;SB;Teoria: terça das 10:00 às 13:00, semanal;CRISTIANE NEGREIROS ABBUD AYOUB;-;Resultados da classificação__.pdf
DA1ESHP029-14SB;TEORIA E GESTÃO DE ORGANIZAÇÕES PÚBLICAS;SB;"Teoria: terça das 10:00 às 12:00, semanal; sexta das 08:00 às 10:00, semanal";MARCOS VINICIUS PO;-;Resultados da classificação__.pdf
DA1ESHR022-21SB;TEORIAS CLÁSSICAS DAS RELAÇÕES INTERNACIONAIS;SB;"Teoria: terça das 08:00 às 10:00, semanal; quinta das 10:00 às 12:00, semanal";BRUNA MURIEL HUERTAS FUSCALDO;-;Resultados da classificação__.pdf
DA1BHQ0301-15SB;TERRITÓRIO E SOCIEDADE;SB;"Teoria: terça das 08:00 às 10:00, semanal; quinta das 10:00 às 12:00, semanal";RAQUEL DE PADUA PEREIRA;-;Resultados da classificação__.pdf
DA1ESTI003-17SB;TRANSFORMADAS EM SINAIS E SISTEMAS LINEARES;SB;"Teoria: terça das 10:00 às 12:00, semanal; sexta das 08:00 às 10:00, semanal";EDUARDO DOS SANTOS FERREIRA;-;Resultados da classificação__.pdf
DA1ESAE005-23SB;TÉCNICAS DE ANÁLISE ESTRUTURAL;SB;"Teoria: quarta das 08:00 às 10:00, semanal; sexta das 10:00 às 12:00, semanal";MARCELO ARAUJO DA SILVA;MARCELO ARAUJO DA SILVA;Resultados da classificação__.pdf
DA1ESZB008-17SB;TÉCNICAS MODERNAS EM FOTOTERAPIA;SB;"Prática: quinta das 10:00 às 12:00, quinzenal I; quinta das 10:00 às 12:00, quinzenal II; terça das 08:00 às 10:00, semanal";ILKA TIEMY KATO PRATES, PATRICIA APARECIDA DA ANA;ILKA TIEMY KATO PRATES, PATRICIA APARECIDA DA ANA;Resultados da classificação__.pdf
DA1NHH2065-18SB;TÓPICOS DE METAFÍSICA;SB;"Teoria: quarta das 08:00 às 10:00, semanal; sexta das 10:00 às 12:00, semanal";MICHELA BORDIGNON;-;Resultados da classificação__.pdf
DA1ESTS008-17SB;VIBRAÇÕES;SB;"Teoria: terça das 10:00 às 12:00, semanal; sexta das 08:00 às 10:00, semanal";NIVALDO BENEDITO FERREIRA CAMPOS;-;Resultados da classificação__.pdf
DA1ESHR027-21SB;ÁFRICA NAS RELAÇÕES INTERNACIONAIS;SB;"Teoria: terça das 10:00 às 12:00, semanal; sexta das 08:00 às 10:00, semanal";FLAVIO THALES RIBEIRO FRANCISCO;-;Resultados da classificação__.pdf
DA1MCTB001-17SB;ÁLGEBRA LINEAR;SB;"Teoria: terça das 08:00 às 10:00, semanal; quinta das 10:00 às 12:00, semanal; sexta das 08:00 às 10:00, semanal";ALEXANDR KORNEV;-;Resultados da classificação__.pdf
DA2MCTB001-17SB;ÁLGEBRA LINEAR;SB;"Teoria: terça das 08:00 às 10:00, semanal; quinta das 10:00 às 12:00, semanal; sexta das 08:00 às 10:00, semanal";JEAN CARLOS NAKASATO;-;Resultados da classificação__.pdf
DA1NHH2009-13SB;ÉTICA;SB;"Teoria: segunda das 10:00 às 12:00, semanal; quinta das 08:00 às 10:00, semanal";BRUNO NADAI;-;Resultados da classificação__.pdf
DA1BHP0001-15SB;ÉTICA E JUSTIÇA;SB;"Teoria: segunda das 10:00 às 12:00, semanal; quinta das 08:00 às 10:00, semanal";TOMAS ROBERTO TROSTER;-;Resultados da classificação__.pdf
DA1LHT1001-19SB;ESTÁGIO SUPERVISIONADO EM CH I;SB;Prática: quarta das 08:00 às 10:00, semanal;-;JULIANA ROSSI DUCI;Resultados da classificação__.pdf
DA2LHT1001-19SB;ESTÁGIO SUPERVISIONADO EM CH I Turma Cancelada;SB;Teoria: quarta das 08:00 às 10:00, semanal;-;EDEN CORREIA CARLI;Resultados da classificação__.pdf
DA1LHT1005-19SB;ESTÁGIO SUPERVISIONADO EM CH V;SB;Teoria: quarta das 10:00 às 12:00, semanal;-;BARBARA GOMES FLAIRE JORDAO;Resultados da classificação__.pdf
DA1NHLF005-23SB;ESTÁGIO SUPERVISIONADO EM ENSINO DE FILOSOFIA;SB;Prática: terça das 10:00 às 12:00, semanal;-;ANDRE LUIS LA SALVIA;Resultados da classificação__.pdf
DI1ESHR903-18SB;METODOLOGIA DE PESQUISA EM RELAÇÕES INTERNACIONAIS (TCC 1);SB;"Teoria: terça das 08:00 às 10:00, semanal; quinta das 10:00 às 12:00, semanal";FRANCOIS FECTEAU;-;Resultados da classificação__.pdf
DA1ESHC907-18SB;MONOGRAFIA I - TÉCNICAS DE PESQUISA EM ECONOMIA;SB;Teoria: segunda das 08:00 às 10:00, semanal;FERNANDA GRAZIELLA CARDOSO;FERNANDA GRAZIELLA CARDOSO;Resultados da classificação__.pdf
DA1MCCC003-23SA;ALGORITMOS EM GRAFOS;SA;"Teoria: terça das 08:00 às 10:00, semanal; quinta das 10:00 às 12:00, semanal";JAIR DONADELLI JUNIOR;-;Resultados da classificação.pdf
DA1MCZA035-17SA;ALGORITMOS PROBABILÍSTICOS;SA;"Teoria: quarta das 08:00 às 10:00, semanal; sexta das 10:00 às 12:00, semanal";JAIR DONADELLI JUNIOR;-;Resultados da classificação.pdf
DA1NHT3067-15SA;ANÁLISE DE FOURIER E APLICAÇÕES;SA;"Teoria: segunda das 08:00 às 10:00, semanal; quarta das 10:00 às 12:00, semanal";ADRIANO REINALDO VICOTO BENVENHO;-;Resultados da classificação.pdf
DA1ESTU024-17SA;ANÁLISE DE SISTEMAS E MODELAGEM AMBIENTAL;SA;Prática: sexta das 10:00 às 13:00, semanal;ANDREA DE OLIVEIRA CARDOSO;ANDREA DE OLIVEIRA CARDOSO;Resultados da classificação.pdf
DA1ESTE037-17SA;ANÁLISE ECONÔMICA DE PROJETOS ENERGÉTICOS;SA;"Teoria: segunda das 10:00 às 12:00, semanal; quinta das 08:00 às 10:00, semanal";PAULO HENRIQUE DE MELLO SANT ANA;-;Resultados da classificação.pdf
DA1MCTB004-17SA;ANÁLISE NO RN I;SA;"Teoria: segunda das 08:00 às 10:00, semanal; quarta das 10:00 às 12:00, semanal";YINO BETO CUEVA CARRANZA;-;Resultados da classificação.pdf
DA1MCBM003-23SA;APROXIMAÇÃO TEÓRICA E NUMÉRICA I;SA;"Teoria: segunda das 10:00 às 12:00, semanal; quinta das 08:00 às 10:00, semanal";ANDRE PIERRO DE CAMARGO;-;Resultados da classificação.pdf
DA1MCTA004-17SA;ARQUITETURA DE COMPUTADORES;SA;"Teoria: terça das 10:00 às 12:00, semanal; sexta das 08:00 às 10:00, semanal";RODRIGO IZIDORO TININI;-;Resultados da classificação.pdf
DB1MCTA004-17SA;ARQUITETURA DE COMPUTADORES;SA;"Teoria: terça das 14:00 às 16:00, semanal; sexta das 16:00 às 18:00, semanal";MATEUS COELHO SILVA;-;Resultados da classificação.pdf
DA1ESTA011-17SA;AUTOMAÇÃO DE SISTEMAS INDUSTRIAIS;SA;Teoria: quarta das 08:00 às 10:00, quinzenal I | Prática: sexta das 10:00 às 13:00, semanal;ALEXANDRE ACACIO DE ANDRADE;ALEXANDRE ACACIO DE ANDRADE;Resultados da classificação.pdf
DA1ESTU025-17SA;AVALIAÇÃO DE IMPACTOS AMBIENTAIS;SA;Teoria: sexta das 08:00 às 10:00, semanal | Prática: terça das 10:00 às 12:00, semanal;PAULA CIMINELLI RAMALHO;PAULA CIMINELLI RAMALHO;Resultados da classificação.pdf
DA1BIS0005-15SA;BASES COMPUTACIONAIS DA CIÊNCIA;SA;Prática: segunda das 14:00 às 16:00, semanal;-;ANA LIGIA BARBOUR SCOTT;Resultados da classificação.pdf
DA1BIR0004-15SA;BASES EPISTEMOLÓGICAS DA CIÊNCIA MODERNA;SA;"Teoria: segunda das 08:00 às 10:00, semanal; quarta das 10:00 às 12:00, quinzenal II";ANASTASIA GUIDI;-;Resultados da classificação.pdf
DA2BIR0004-15SA;BASES EPISTEMOLÓGICAS DA CIÊNCIA MODERNA;SA;"Teoria: segunda das 08:00 às 10:00, semanal; quarta das 10:00 às 12:00, quinzenal II";RAQUEL ALBIERI KREMPEL;-;Resultados da classificação.pdf
DB1BIR0004-15SA;BASES EPISTEMOLÓGICAS DA CIÊNCIA MODERNA;SA;"Teoria: segunda das 10:00 às 12:00, semanal; quarta das 08:00 às 10:00, quinzenal II";ANASTASIA GUIDI;-;Resultados da classificação.pdf
DB2BIR0004-15SA;BASES EPISTEMOLÓGICAS DA CIÊNCIA MODERNA;SA;"Teoria: segunda das 10:00 às 12:00, semanal; quarta das 08:00 às 10:00, quinzenal II";RAQUEL ALBIERI KREMPEL;-;Resultados da classificação.pdf
DA1BIS0003-15SA;BASES MATEMÁTICAS;SA;"Teoria: terça das 14:00 às 16:00, semanal; quinta das 16:00 às 18:00, semanal";ARMANDO CAPUTI;-;Resultados da classificação.pdf
DB1BIS0003-15SA;BASES MATEMÁTICAS;SA;"Teoria: terça das 16:00 às 18:00, semanal; quinta das 14:00 às 16:00, semanal";ARMANDO CAPUTI;-;Resultados da classificação.pdf
DA1BCL0306-15SA;BIODIVERSIDADE: INTERAÇÕES ENTRE ORGANISMOS E AMBIENTE;SA;"Teoria: terça das 08:00 às 10:00, quinzenal I; quinta das 10:00 às 12:00, semanal";CARLOS SUETOSHI MIYAZAWA;-;Resultados da classificação.pdf
DA2BCL0306-15SA;BIODIVERSIDADE: INTERAÇÕES ENTRE ORGANISMOS E AMBIENTE;SA;"Teoria: terça das 08:00 às 10:00, quinzenal I; quinta das 10:00 às 12:00, semanal";GUSTAVO MUNIZ DIAS;-;Resultados da classificação.pdf
DA3BCL0306-15SA;BIODIVERSIDADE: INTERAÇÕES ENTRE ORGANISMOS E AMBIENTE;SA;"Teoria: terça das 08:00 às 10:00, quinzenal I; quinta das 10:00 às 12:00, semanal";MARCIO DE SOUZA WERNECK;-;Resultados da classificação.pdf
DB1BCL0306-15SA;BIODIVERSIDADE: INTERAÇÕES ENTRE ORGANISMOS E AMBIENTE;SA;"Teoria: terça das 10:00 às 12:00, quinzenal I; quinta das 08:00 às 10:00, semanal";CARLOS SUETOSHI MIYAZAWA;-;Resultados da classificação.pdf
DB2BCL0306-15SA;BIODIVERSIDADE: INTERAÇÕES ENTRE ORGANISMOS E AMBIENTE;SA;"Teoria: terça das 10:00 às 12:00, quinzenal I; quinta das 08:00 às 10:00, semanal";GUSTAVO MUNIZ DIAS;-;Resultados da classificação.pdf
DB3BCL0306-15SA;BIODIVERSIDADE: INTERAÇÕES ENTRE ORGANISMOS E AMBIENTE;SA;"Teoria: terça das 10:00 às 12:00, quinzenal I; quinta das 08:00 às 10:00, semanal";ANSELMO NOGUEIRA;-;Resultados da classificação.pdf
DB4BCL0306-15SA;BIODIVERSIDADE: INTERAÇÕES ENTRE ORGANISMOS E AMBIENTE;SA;"Teoria: terça das 10:00 às 12:00, quinzenal I; quinta das 08:00 às 10:00, semanal";MARCIO DE SOUZA WERNECK;-;Resultados da classificação.pdf
DA1NHZ1003-15SA;BIOFÍSICA;SA;"Teoria: terça das 14:00 às 16:00, semanal; quinta das 16:00 às 18:00, semanal";WANIUS JOSE GARCIA DA SILVA;-;Resultados da classificação.pdf
DA1NHT1053-15SA;BIOLOGIA CELULAR;SA;"Teoria: sexta das 08:00 às 10:00, semanal; terça das 08:00 às 10:00, semanal | Prática: terça das 10:00 às 12:00, semanal";ARNALDO RODRIGUES DOS SANTOS JUNIOR;ARNALDO RODRIGUES DOS SANTOS JUNIOR;Resultados da classificação.pdf
DA2NHT1053-15SA;BIOLOGIA CELULAR;SA;"Teoria: sexta das 08:00 às 10:00, semanal; terça das 08:00 às 10:00, semanal | Prática: terça das 10:00 às 12:00, semanal";ARNALDO RODRIGUES DOS SANTOS JUNIOR;LUIZ ROBERTO NUNES;Resultados da classificação.pdf
DA1NHBT001-23SA;BIOLOGIA SINTÉTICA;SA;Teoria: quinta das 10:00 às 12:00, semanal | Prática: terça das 08:00 às 10:00, semanal;MILCA RACHEL DA COSTA RIBEIRO LINS;MILCA RACHEL DA COSTA RIBEIRO LINS;Resultados da classificação.pdf
DA1ESTU023-17SA;BIOMAS BRASILEIROS;SA;"Teoria: sexta das 10:00 às 12:00, semanal; sábado das 10:00 às 12:00, quinzenal II";LEANDRO REVERBERI TAMBOSI;MERCIA REGINA DOMINGUES;Resultados da classificação.pdf
DA1ESZM032-17SA;BIOMATERIAIS;SA;"Teoria: segunda das 17:00 às 19:00, semanal; quarta das 17:00 às 19:00, quinzenal I | Prática: quarta das 17:00 às 19:00, quinzenal II";CHRISTIANE RIBEIRO;CHRISTIANE RIBEIRO;Resultados da classificação.pdf
DA1BCL0308-15SA;BIOQUÍMICA: ESTRUTURA, PROPRIEDADES E FUNÇÕES DE BIOMOLÉCULAS;SA;"Teoria: segunda das 10:00 às 12:00, quinzenal I; sexta das 10:00 às 12:00, semanal | Prática: quarta das 08:00 às 10:00, semanal";ANA PAULA DE MATTOS AREAS DAU;ANA CAROLINA SANTOS DE SOUZA GALVAO;Resultados da classificação.pdf
DA2BCL0308-15SA;BIOQUÍMICA: ESTRUTURA, PROPRIEDADES E FUNÇÕES DE BIOMOLÉCULAS;SA;"Teoria: segunda das 10:00 às 12:00, quinzenal I; sexta das 10:00 às 12:00, semanal | Prática: quarta das 08:00 às 10:00, semanal";ANA PAULA DE MATTOS AREAS DAU;ANA PAULA DE MATTOS AREAS DAU;Resultados da classificação.pdf
DA3BCL0308-15SA;BIOQUÍMICA: ESTRUTURA, PROPRIEDADES E FUNÇÕES DE BIOMOLÉCULAS;SA;"Teoria: segunda das 10:00 às 12:00, quinzenal I; sexta das 10:00 às 12:00, semanal | Prática: quarta das 08:00 às 10:00, semanal";ANA PAULA DE MATTOS AREAS DAU;ALVARO TAKEO OMORI;Resultados da classificação.pdf
DA4BCL0308-15SA;BIOQUÍMICA: ESTRUTURA, PROPRIEDADES E FUNÇÕES DE BIOMOLÉCULAS;SA;"Teoria: segunda das 10:00 às 12:00, quinzenal I; sexta das 10:00 às 12:00, semanal | Prática: quarta das 08:00 às 10:00, semanal";ELOAH RABELLO SUAREZ;ALEXANDRE ZATKOVSKIS CARVALHO;Resultados da classificação.pdf
DA5BCL0308-15SA;BIOQUÍMICA: ESTRUTURA, PROPRIEDADES E FUNÇÕES DE BIOMOLÉCULAS;SA;"Teoria: sexta das 10:00 às 12:00, semanal; segunda das 10:00 às 12:00, quinzenal I | Prática: quarta das 08:00 às 10:00, semanal";ELOAH RABELLO SUAREZ;VANI XAVIER DE OLIVEIRA JUNIOR;Resultados da classificação.pdf
DA6BCL0308-15SA;BIOQUÍMICA: ESTRUTURA, PROPRIEDADES E FUNÇÕES DE BIOMOLÉCULAS;SA;"Teoria: segunda das 10:00 às 12:00, quinzenal I; sexta das 10:00 às 12:00, semanal | Prática: quarta das 08:00 às 10:00, semanal";ELOAH RABELLO SUAREZ;LIVIA SENO FERREIRA CAMARGO;Resultados da classificação.pdf
DB1BCL0308-15SA;BIOQUÍMICA: ESTRUTURA, PROPRIEDADES E FUNÇÕES DE BIOMOLÉCULAS;SA;"Teoria: segunda das 08:00 às 10:00, quinzenal I; sexta das 08:00 às 10:00, semanal | Prática: quarta das 10:00 às 12:00, semanal";ANA PAULA DE MATTOS AREAS DAU;ANA CAROLINA SANTOS DE SOUZA GALVAO;Resultados da classificação.pdf
DB3BCL0308-15SA;BIOQUÍMICA: ESTRUTURA, PROPRIEDADES E FUNÇÕES DE BIOMOLÉCULAS;SA;"Teoria: segunda das 08:00 às 10:00, quinzenal I; sexta das 08:00 às 10:00, semanal | Prática: quarta das 10:00 às 12:00, semanal";ANA PAULA DE MATTOS AREAS DAU;ARTUR FRANZ KEPPLER;Resultados da classificação.pdf
DB4BCL0308-15SA;BIOQUÍMICA: ESTRUTURA, PROPRIEDADES E FUNÇÕES DE BIOMOLÉCULAS;SA;"Teoria: segunda das 08:00 às 10:00, quinzenal I; sexta das 08:00 às 10:00, semanal | Prática: quarta das 10:00 às 12:00, semanal";PAULO DE AVILA JUNIOR;PAULO DE AVILA JUNIOR;Resultados da classificação.pdf
DB6BCL0308-15SA;BIOQUÍMICA: ESTRUTURA, PROPRIEDADES E FUNÇÕES DE BIOMOLÉCULAS;SA;"Teoria: segunda das 08:00 às 10:00, quinzenal I; sexta das 08:00 às 10:00, semanal | Prática: quarta das 10:00 às 12:00, semanal";PAULO DE AVILA JUNIOR;LIVIA SENO FERREIRA CAMARGO;Resultados da classificação.pdf
DC1BCL0308-15SA;BIOQUÍMICA: ESTRUTURA, PROPRIEDADES E FUNÇÕES DE BIOMOLÉCULAS;SA;"Teoria: segunda das 10:00 às 12:00, quinzenal I; quarta das 08:00 às 10:00, semanal | Prática: sexta das 10:00 às 12:00, semanal";TIAGO RODRIGUES;ANA CAROLINA SANTOS DE SOUZA GALVAO;Resultados da classificação.pdf
DC2BCL0308-15SA;BIOQUÍMICA: ESTRUTURA, PROPRIEDADES E FUNÇÕES DE BIOMOLÉCULAS;SA;"Teoria: segunda das 10:00 às 12:00, quinzenal I; quarta das 08:00 às 10:00, semanal | Prática: sexta das 10:00 às 12:00, semanal";TIAGO RODRIGUES;ALEXANDRE ZATKOVSKIS CARVALHO;Resultados da classificação.pdf
DA1NHZ6015-18SA;BIOTECNOLOGIA AMBIENTAL E AGROINDUSTRIAL;SA;Teoria: quinta das 14:00 às 16:00, semanal | Prática: quinta das 16:00 às 18:00, semanal;JOANA MONTEZANO MARQUES;JOANA MONTEZANO MARQUES;Resultados da classificação.pdf
DA1NHZ6011-18SA;BIOTECNOLOGIA HUMANA;SA;Teoria: terça das 10:00 às 12:00, semanal | Prática: terça das 08:00 às 10:00, semanal;ANA CLAUDIA OLIVEIRA CARREIRA NISHIYAMA;ANA CLAUDIA OLIVEIRA CARREIRA NISHIYAMA;Resultados da classificação.pdf
DA1ESTM014-17SA;CARACTERIZAÇÃO DE MATERIAIS;SA;"Teoria: terça das 08:00 às 10:00, semanal; quinta das 10:00 às 12:00, quinzenal I | Prática: quinta das 10:00 às 12:00, quinzenal II";MARCIA TSUYAMA ESCOTE;MARCIA TSUYAMA ESCOTE;Resultados da classificação.pdf
DA1ESTU026-17SA;CARACTERIZAÇÃO DE MATRIZES AMBIENTAIS;SA;Prática: terça das 10:00 às 13:00, semanal;MERCIA REGINA DOMINGUES;MERCIA REGINA DOMINGUES;Resultados da classificação.pdf
DA1ESAU010-23SA;CARTOGRAFIA E GEOPROCESSAMENTO;SA;Prática: quinta das 08:00 às 12:00, semanal;VICTOR FERNANDEZ NASCIMENTO;VICTOR FERNANDEZ NASCIMENTO;Resultados da classificação.pdf
DA1MCTA006-17SA;CIRCUITOS DIGITAIS;SA;"Teoria: segunda das 08:00 às 10:00, semanal; quarta das 10:00 às 12:00, quinzenal II | Prática: quarta das 10:00 às 12:00, quinzenal I";HUGO PUERTAS DE ARAUJO;HUGO PUERTAS DE ARAUJO;Resultados da classificação.pdf
DA2MCTA006-17SA;CIRCUITOS DIGITAIS;SA;"Teoria: segunda das 08:00 às 10:00, semanal; quarta das 10:00 às 12:00, quinzenal II | Prática: quarta das 08:00 às 10:00, quinzenal I";HUGO PUERTAS DE ARAUJO;HUGO PUERTAS DE ARAUJO;Resultados da classificação.pdf
DA1ESTO001-17SA;CIRCUITOS ELÉTRICOS E FOTÔNICA;SA;"Teoria: terça das 08:00 às 10:00, quinzenal I; quinta das 10:00 às 12:00, semanal | Prática: terça das 08:00 às 10:00, quinzenal II";JOSE ENRIQUE EIREZ IZQUIERDO;JOSE ENRIQUE EIREZ IZQUIERDO;Resultados da classificação.pdf
DA1ESTA002-17SA;CIRCUITOS ELÉTRICOS I;SA;"Teoria: sexta das 10:00 às 13:00, semanal; quarta das 08:00 às 10:00, quinzenal I | Prática: quarta das 08:00 às 10:00, quinzenal II";CARLOS EDUARDO CAPOVILLA;CARLOS EDUARDO CAPOVILLA;Resultados da classificação.pdf
DB1ESTA002-17SA;CIRCUITOS ELÉTRICOS I;SA;"Teoria: terça das 08:00 às 10:00, quinzenal I; quinta das 10:00 às 13:00, semanal | Prática: terça das 08:00 às 10:00, quinzenal II";CAROLINE PIRES ALAVEZ MORAES;CAROLINE PIRES ALAVEZ MORAES;Resultados da classificação.pdf
DA1ESTA004-17SA;CIRCUITOS ELÉTRICOS II;SA;"Teoria: quinta das 08:00 às 10:00, semanal; segunda das 10:00 às 13:00, quinzenal I | Prática: segunda das 10:00 às 13:00, quinzenal II";FABIANA APARECIDA DE TOLEDO SILVA;FABIANA APARECIDA DE TOLEDO SILVA;Resultados da classificação.pdf
DA1ESTM004-17SA;CIÊNCIA DOS MATERIAIS;SA;"Teoria: segunda das 10:00 às 12:00, semanal; quinta das 08:00 às 10:00, semanal";ERIKA FERNANDA PRADOS;-;Resultados da classificação.pdf
DA1BIR0603-15SA;CIÊNCIA, TECNOLOGIA E SOCIEDADE;SA;"Teoria: segunda das 08:00 às 10:00, semanal; quarta das 10:00 às 12:00, quinzenal II";ANDREA PAULA DOS SANTOS OLIVEIRA KAMENSKY;-;Resultados da classificação.pdf
DB1BIR0603-15SA;CIÊNCIA, TECNOLOGIA E SOCIEDADE;SA;"Teoria: segunda das 10:00 às 12:00, semanal; quarta das 08:00 às 10:00, quinzenal II";ANDREA PAULA DOS SANTOS OLIVEIRA KAMENSKY;-;Resultados da classificação.pdf
DA1ESIF001-23SA;CODIFICAÇÃO DE SINAIS MULTIMÍDIA;SA;Teoria: segunda das 10:00 às 12:00, semanal | Prática: quinta das 08:00 às 10:00, semanal;MARIO MINAMI;MARIO MINAMI;Resultados da classificação.pdf
DA1MCCC007-23SA;COMPUTAÇÃO GRÁFICA;SA;"Prática: quarta das 08:00 às 10:00, semanal; sexta das 10:00 às 12:00, semanal";-;JOAO PAULO GOIS;Resultados da classificação.pdf
DB1MCCC007-23SA;COMPUTAÇÃO GRÁFICA;SA;"Prática: quarta das 10:00 às 12:00, semanal; sexta das 08:00 às 10:00, semanal";-;JOAO PAULO GOIS;Resultados da classificação.pdf
DA1ESTI007-17SA;COMUNICAÇÃO DIGITAL;SA;"Teoria: quarta das 08:00 às 10:00, quinzenal II; sexta das 10:00 às 12:00, semanal | Prática: quarta das 08:00 às 10:00, quinzenal I";IVAN ROBERTO SANTANA CASELLA;IVAN ROBERTO SANTANA CASELLA;Resultados da classificação.pdf
DA1BCM0506-15SA;COMUNICAÇÃO E REDES;SA;"Teoria: segunda das 14:00 às 16:00, semanal; quarta das 16:00 às 18:00, quinzenal I";JESUS PASCUAL MENA CHALCO;-;Resultados da classificação.pdf
DA1LLE0001-25SA;CURRÍCULO, CONHECIMENTO E CULTURAS NAS/PARA AS INFÂNCIAS;SA;"Teoria: segunda das 08:00 às 10:00, semanal; quarta das 10:00 às 12:00, semanal";ELISA VIEIRA;-;Resultados da classificação.pdf
DA1MCTB008-17SA;CÁLCULO DE PROBABILIDADE;SA;"Teoria: terça das 08:00 às 10:00, semanal; quinta das 10:00 às 12:00, semanal";ROBERTO VENEGEROLES NASCIMENTO;-;Resultados da classificação.pdf
DA1MCTB009-17SA;CÁLCULO NUMÉRICO;SA;"Teoria: quinta das 10:00 às 12:00, semanal; terça das 08:00 às 10:00, semanal";JULIANA MILITAO DA SILVA BERBERT;-;Resultados da classificação.pdf
DA1ESZU025-17SA;EDUCAÇÃO AMBIENTAL;SA;"Teoria: quarta das 08:00 às 10:00, semanal; sexta das 10:00 às 12:00, semanal";PATRICIA DA SILVA SESSA;PATRICIA DA SILVA SESSA;Resultados da classificação.pdf
DA1NHT5004-15SA;EDUCAÇÃO CIENTÍFICA, SOCIEDADE E CULTURA;SA;"Teoria: terça das 08:00 às 10:00, semanal; quinta das 10:00 às 12:00, semanal";SILVIA CRISTINA DOTTA;-;Resultados da classificação.pdf
DA1NHBQ002-22SA;ELETROANALÍTICA E INSTRUMENTAÇÃO EM QUÍMICA;SA;"Teoria: terça das 08:00 às 10:00, semanal | Prática: quinta das 08:00 às 10:00, semanal; quinta das 10:00 às 12:00, quinzenal I";REGIANI MARIA LEOPOLDINA MARTINS SANDRINI;REGIANI MARIA LEOPOLDINA MARTINS SANDRINI;Resultados da classificação.pdf
DA1ESTA018-17SA;ELETROMAGNETISMO APLICADO;SA;"Teoria: segunda das 16:00 às 18:00, semanal; quarta das 14:00 às 16:00, semanal";AGNALDO APARECIDO FRESCHI, FULVIO ANDRES CALLEGARI;-;Resultados da classificação.pdf
DA1NHT3071-15SA;ELETROMAGNETISMO II;SA;"Teoria: terça das 10:00 às 12:00, semanal; sexta das 08:00 às 10:00, semanal";THIAGO BRANQUINHO DE QUEIROZ;-;Resultados da classificação.pdf
DA1ESTI002-17SA;ELETRÔNICA DIGITAL;SA;"Teoria: segunda das 08:00 às 10:00, semanal; terça das 10:00 às 12:00, semanal | Prática: sexta das 08:00 às 10:00, semanal";RODRIGO REINA MUNOZ;RODRIGO REINA MUNOZ;Resultados da classificação.pdf
DA1NHZ6012-18SA;EMPREENDEDORISMO E PLANEJAMENTO DE PROJETOS EM BIOTECNOLOGIA;SA;"Teoria: sexta das 08:00 às 10:00, semanal; terça das 10:00 às 12:00, semanal";MONICA HELENA MONTEIRO DO NASCIMENTO;-;Resultados da classificação.pdf
DA1ESTE034-17SA;ENGENHARIA DE BIOCOMBUSTÍVEIS;SA;"Teoria: quinta das 10:00 às 12:00, semanal; terça das 08:00 às 10:00, semanal";ANA MARIA PEREIRA NETO;-;Resultados da classificação.pdf
DA1ESZM029-17SA;ENGENHARIA DE FILMES FINOS;SA;"Teoria: segunda das 10:00 às 12:00, semanal; quinta das 08:00 às 10:00, quinzenal II | Prática: quinta das 08:00 às 10:00, quinzenal I";MARCIA TSUYAMA ESCOTE;MARCIA TSUYAMA ESCOTE;Resultados da classificação.pdf
DA1ESTE030-17SA;ENGENHARIA DE PETRÓLEO E GÁS;SA;"Teoria: segunda das 10:00 às 12:00, semanal; quinta das 08:00 às 10:00, semanal";SERGIO BROCHSZTAIN;-;Resultados da classificação.pdf
DA1ESZE094-17SA;ENGENHARIA DO ETANOL;SA;"Teoria: segunda das 17:00 às 19:00, semanal; quarta das 17:00 às 19:00, semanal";JULIANA MARTIN DO PRADO;-;Resultados da classificação.pdf
DA1ESTO013-17SA;ENGENHARIA ECONÔMICA;SA;"Teoria: quinta das 08:00 às 10:00, semanal; segunda das 10:00 às 12:00, semanal";THADEU ALFREDO FARIAS SILVA;-;Resultados da classificação.pdf
DB1ESTO013-17SA;ENGENHARIA ECONÔMICA;SA;"Teoria: segunda das 08:00 às 10:00, semanal; quarta das 10:00 às 12:00, semanal";EVANDIR MEGLIORINI;-;Resultados da classificação.pdf
DC1ESTO013-17SA;ENGENHARIA ECONÔMICA;SA;"Teoria: terça das 08:00 às 10:00, semanal; quinta das 10:00 às 12:00, semanal";JORGE TOMIOKA;-;Resultados da classificação.pdf
DA1ESTE033-17SA;ENGENHARIA SOLAR FOTOVOLTAICA;SA;"Teoria: segunda das 08:00 às 10:00, semanal; quarta das 10:00 às 12:00, semanal";RICARDO DA SILVA BENEDITO;-;Resultados da classificação.pdf
DA1ESZA018-17SA;ENGENHARIA ÓPTICA E IMAGENS;SA;"Teoria: quarta das 16:00 às 18:00, quinzenal I; segunda das 14:00 às 16:00, semanal | Prática: quarta das 16:00 às 18:00, quinzenal II";AGNALDO APARECIDO FRESCHI, FULVIO ANDRES CALLEGARI;AGNALDO APARECIDO FRESCHI, FULVIO ANDRES CALLEGARI;Resultados da classificação.pdf
DA1MCTB011-17SA;EQUAÇÕES DIFERENCIAIS ORDINÁRIAS;SA;"Teoria: segunda das 08:00 às 10:00, semanal; quarta das 10:00 às 12:00, semanal";RAFAEL RIBEIRO DIAS VILELA DE OLIVEIRA;-;Resultados da classificação.pdf
DA1BIK0102-15SA;ESTRUTURA DA MATÉRIA;SA;"Teoria: terça das 14:00 às 16:00, semanal; sexta das 16:00 às 18:00, quinzenal I";LEONARDO JOSE DUARTE;-;Resultados da classificação.pdf
DA1BIQ0602-15SA;ESTRUTURA E DINÂMICA SOCIAL;SA;"Teoria: segunda das 08:00 às 10:00, semanal; quarta das 10:00 às 12:00, quinzenal II";YARLENIS ILEINIS MESTRE MALFRAN;-;Resultados da classificação.pdf
DB1BIQ0602-15SA;ESTRUTURA E DINÂMICA SOCIAL;SA;"Teoria: segunda das 10:00 às 12:00, semanal; quarta das 08:00 às 10:00, quinzenal II";YARLENIS ILEINIS MESTRE MALFRAN;-;Resultados da classificação.pdf
DA1NHT1068-15SA;EVOLUÇÃO E DIVERSIDADE DE PLANTAS II;SA;Teoria: sexta das 10:00 às 12:00, semanal | Prática: terça das 08:00 às 12:00, semanal;MATHEUS FORTES SANTOS;MATHEUS FORTES SANTOS;Resultados da classificação.pdf
DA1BIL0304-15SA;EVOLUÇÃO E DIVERSIFICAÇÃO DA VIDA NA TERRA;SA;"Teoria: terça das 16:00 às 18:00, semanal; sexta das 14:00 às 16:00, quinzenal I";GUILHERME CUNHA RIBEIRO;-;Resultados da classificação.pdf
DA1NHZ1027-15SA;FARMACOLOGIA;SA;"Teoria: quarta das 10:00 às 12:00, semanal; segunda das 08:00 às 12:00, semanal";LARISSA PEREIRA BRUMANO;LARISSA PEREIRA BRUMANO;Resultados da classificação.pdf
DA1ESTO016-17SA;FENÔMENOS DE TRANSPORTE;SA;"Teoria: quarta das 08:00 às 10:00, semanal; sexta das 10:00 às 12:00, semanal";JOAO VICENTE AKWA;-;Resultados da classificação.pdf
DA1BCJ0203-15SA;FENÔMENOS ELETROMAGNÉTICOS;SA;"Teoria: quinta das 14:00 às 16:00, semanal; segunda das 16:00 às 18:00, semanal | Prática: quinta das 16:00 às 18:00, quinzenal I";CARLOS AUGUSTO MERA ACOSTA;CARLOS AUGUSTO MERA ACOSTA;Resultados da classificação.pdf
DA2BCJ0203-15SA;FENÔMENOS ELETROMAGNÉTICOS;SA;"Teoria: quinta das 14:00 às 16:00, semanal; segunda das 16:00 às 18:00, semanal | Prática: quinta das 16:00 às 18:00, quinzenal II";CARLOS AUGUSTO MERA ACOSTA;CARLOS AUGUSTO MERA ACOSTA;Resultados da classificação.pdf
DA3BCJ0203-15SA;FENÔMENOS ELETROMAGNÉTICOS;SA;"Teoria: quinta das 14:00 às 16:00, semanal; segunda das 16:00 às 18:00, semanal | Prática: quinta das 16:00 às 18:00, quinzenal I";CARLOS AUGUSTO MERA ACOSTA;DIEGO EDISON LOPEZ SILVA;Resultados da classificação.pdf
DA10BCJ0204-15SA;FENÔMENOS MECÂNICOS;SA;"Teoria: segunda das 10:00 às 12:00, semanal; quinta das 08:00 às 10:00, semanal | Prática: segunda das 08:00 às 10:00, quinzenal I";JEAN JACQUES BONVENT;JEAN JACQUES BONVENT;Resultados da classificação.pdf
DA11BCJ0204-15SA;FENÔMENOS MECÂNICOS;SA;"Teoria: segunda das 10:00 às 12:00, semanal; quinta das 08:00 às 10:00, semanal | Prática: segunda das 08:00 às 10:00, quinzenal II";JEAN JACQUES BONVENT;JEAN JACQUES BONVENT;Resultados da classificação.pdf
DA12BCJ0204-15SA;FENÔMENOS MECÂNICOS;SA;"Teoria: segunda das 10:00 às 12:00, semanal; quinta das 08:00 às 10:00, semanal | Prática: segunda das 08:00 às 10:00, quinzenal II";JEAN JACQUES BONVENT;CELIO ADREGA DE MOURA JUNIOR;Resultados da classificação.pdf
DA1BCJ0204-15SA;FENÔMENOS MECÂNICOS;SA;"Teoria: segunda das 10:00 às 12:00, semanal; quinta das 08:00 às 10:00, semanal | Prática: segunda das 08:00 às 10:00, quinzenal I";ROBERTO MENEZES SERRA;ROBERTO MENEZES SERRA;Resultados da classificação.pdf
DA2BCJ0204-15SA;FENÔMENOS MECÂNICOS;SA;"Teoria: segunda das 10:00 às 12:00, semanal; quinta das 08:00 às 10:00, semanal | Prática: segunda das 08:00 às 10:00, quinzenal II";ROBERTO MENEZES SERRA;ROBERTO MENEZES SERRA;Resultados da classificação.pdf
DA3BCJ0204-15SA;FENÔMENOS MECÂNICOS;SA;"Teoria: segunda das 10:00 às 12:00, semanal; quinta das 08:00 às 10:00, semanal | Prática: segunda das 08:00 às 10:00, quinzenal I";ROBERTO MENEZES SERRA;MAURO ROGERIO COSENTINO;Resultados da classificação.pdf
DA4BCJ0204-15SA;FENÔMENOS MECÂNICOS;SA;"Teoria: segunda das 10:00 às 12:00, semanal; quinta das 08:00 às 10:00, semanal | Prática: segunda das 08:00 às 10:00, quinzenal II";PEDRO GALLI MERCADANTE;PEDRO GALLI MERCADANTE;Resultados da classificação.pdf
DA5BCJ0204-15SA;FENÔMENOS MECÂNICOS;SA;"Teoria: segunda das 10:00 às 12:00, semanal; quinta das 08:00 às 10:00, semanal | Prática: segunda das 08:00 às 10:00, quinzenal I";PEDRO GALLI MERCADANTE;PEDRO GALLI MERCADANTE;Resultados da classificação.pdf
DA6BCJ0204-15SA;FENÔMENOS MECÂNICOS;SA;"Teoria: segunda das 10:00 às 12:00, semanal; quinta das 08:00 às 10:00, semanal | Prática: segunda das 08:00 às 10:00, quinzenal II";PEDRO GALLI MERCADANTE;MAURO ROGERIO COSENTINO;Resultados da classificação.pdf
DA7BCJ0204-15SA;FENÔMENOS MECÂNICOS;SA;"Teoria: segunda das 10:00 às 12:00, semanal; quinta das 08:00 às 10:00, semanal | Prática: segunda das 08:00 às 10:00, quinzenal I";ADRIANO REINALDO VICOTO BENVENHO;WILFREDO RONDAN HUAMAN;Resultados da classificação.pdf
DA8BCJ0204-15SA;FENÔMENOS MECÂNICOS;SA;"Teoria: quinta das 08:00 às 10:00, semanal; segunda das 10:00 às 12:00, semanal | Prática: segunda das 08:00 às 10:00, quinzenal II";ADRIANO REINALDO VICOTO BENVENHO;WILFREDO RONDAN HUAMAN;Resultados da classificação.pdf
DA9BCJ0204-15SA;FENÔMENOS MECÂNICOS;SA;"Teoria: segunda das 10:00 às 12:00, semanal; quinta das 08:00 às 10:00, semanal | Prática: segunda das 08:00 às 10:00, quinzenal I";ADRIANO REINALDO VICOTO BENVENHO;CELIO ADREGA DE MOURA JUNIOR;Resultados da classificação.pdf
DB1BCJ0204-15SA;FENÔMENOS MECÂNICOS;SA;"Teoria: segunda das 08:00 às 10:00, semanal; quinta das 10:00 às 12:00, semanal | Prática: segunda das 10:00 às 12:00, quinzenal I";FABIO FURLAN FERREIRA;FABIO FURLAN FERREIRA;Resultados da classificação.pdf
DB2BCJ0204-15SA;FENÔMENOS MECÂNICOS;SA;"Teoria: segunda das 08:00 às 10:00, semanal; quinta das 10:00 às 12:00, semanal | Prática: segunda das 10:00 às 12:00, quinzenal II";FABIO FURLAN FERREIRA;FABIO FURLAN FERREIRA;Resultados da classificação.pdf
DB3BCJ0204-15SA;FENÔMENOS MECÂNICOS;SA;"Teoria: segunda das 08:00 às 10:00, semanal; quinta das 10:00 às 12:00, semanal | Prática: segunda das 10:00 às 12:00, quinzenal I";FABIO FURLAN FERREIRA;MAURO ROGERIO COSENTINO;Resultados da classificação.pdf
DB4BCJ0204-15SA;FENÔMENOS MECÂNICOS;SA;"Teoria: segunda das 08:00 às 10:00, semanal; quinta das 10:00 às 12:00, semanal | Prática: segunda das 10:00 às 12:00, quinzenal II";MARCELO AUGUSTO LEIGUI DE OLIVEIRA;MAURO ROGERIO COSENTINO;Resultados da classificação.pdf
DB5BCJ0204-15SA;FENÔMENOS MECÂNICOS;SA;"Teoria: segunda das 08:00 às 10:00, semanal; quinta das 10:00 às 12:00, semanal | Prática: segunda das 10:00 às 12:00, quinzenal I";MARCELO AUGUSTO LEIGUI DE OLIVEIRA;CELIO ADREGA DE MOURA JUNIOR;Resultados da classificação.pdf
DB6BCJ0204-15SA;FENÔMENOS MECÂNICOS;SA;"Teoria: segunda das 08:00 às 10:00, semanal; quinta das 10:00 às 12:00, semanal | Prática: segunda das 10:00 às 12:00, quinzenal II";MARCELO AUGUSTO LEIGUI DE OLIVEIRA;CELIO ADREGA DE MOURA JUNIOR;Resultados da classificação.pdf
DA1NHZ4079-20SA;FILOSOFIA DA QUÍMICA;SA;Teoria: quarta das 10:00 às 12:00, semanal;RAFAEL CAVA MORI;-;Resultados da classificação.pdf
DA1NHT1070-15SA;FISIOLOGIA VEGETAL II;SA;Teoria: segunda das 08:00 às 10:00, semanal | Prática: segunda das 10:00 às 12:00, semanal;HANA PAULA MASUDA;HANA PAULA MASUDA;Resultados da classificação.pdf
DA1MCTD023-18SA;FUNDAMENTOS DE ANÁLISE;SA;"Teoria: segunda das 08:00 às 10:00, semanal; quarta das 10:00 às 12:00, semanal";REGINA HELENA DE OLIVEIRA LINO FRANCHI;REGINA HELENA DE OLIVEIRA LINO FRANCHI;Resultados da classificação.pdf
DA1ESTO011-17SA;FUNDAMENTOS DE DESENHO TÉCNICO;SA;Teoria: terça das 10:00 às 12:00, semanal;LUIS ALBERTO MARTINEZ RIASCOS;-;Resultados da classificação.pdf
DA2ESTO011-17SA;FUNDAMENTOS DE DESENHO TÉCNICO;SA;Teoria: terça das 10:00 às 12:00, semanal;CRHISTIAN RAFFAELO BALDO;-;Resultados da classificação.pdf
DA1ESTI017-17SA;FUNDAMENTOS DE ELETROMAGNETISMO APLICADO;SA;"Teoria: segunda das 08:00 às 10:00, quinzenal I; quarta das 10:00 às 12:00, semanal | Prática: segunda das 08:00 às 10:00, quinzenal II";FELIPE BELTRAN MEJIA;FELIPE BELTRAN MEJIA;Resultados da classificação.pdf
DA1ESTE018-17SA;FUNDAMENTOS DE SISTEMAS DINÂMICOS;SA;"Teoria: quarta das 08:00 às 10:00, semanal; sexta das 10:00 às 12:00, semanal";JOEL DAVID MELO TRUJILLO;-;Resultados da classificação.pdf
DA1MCTD021-18SA;FUNDAMENTOS DE ÁLGEBRA;SA;"Teoria: terça das 10:00 às 12:00, semanal; sexta das 08:00 às 10:00, semanal";ELISABETE MARCON MELLO;ELISABETE MARCON MELLO;Resultados da classificação.pdf
DA1BCN0402-15SA;FUNÇÕES DE UMA VARIÁVEL;SA;"Teoria: quarta das 08:00 às 10:00, semanal; sexta das 10:00 às 12:00, semanal";CRISTIAN FAVIO COLETTI;-;Resultados da classificação.pdf
DA2BCN0402-15SA;FUNÇÕES DE UMA VARIÁVEL;SA;"Teoria: quarta das 08:00 às 10:00, semanal; sexta das 10:00 às 12:00, semanal";ICARO GONCALVES;-;Resultados da classificação.pdf
DA3BCN0402-15SA;FUNÇÕES DE UMA VARIÁVEL;SA;"Teoria: quarta das 08:00 às 10:00, semanal; sexta das 10:00 às 12:00, semanal";MAJID FORGHANI ELAHABAD;-;Resultados da classificação.pdf
DA4BCN0402-15SA;FUNÇÕES DE UMA VARIÁVEL;SA;"Teoria: quarta das 08:00 às 10:00, semanal; sexta das 10:00 às 12:00, semanal";RAFAEL RIBEIRO DIAS VILELA DE OLIVEIRA;-;Resultados da classificação.pdf
DA5BCN0402-15SA;FUNÇÕES DE UMA VARIÁVEL;SA;"Teoria: quarta das 08:00 às 10:00, semanal; sexta das 10:00 às 12:00, semanal";EDUARDO GUERON;-;Resultados da classificação.pdf
DB1BCN0402-15SA;FUNÇÕES DE UMA VARIÁVEL;SA;"Teoria: quarta das 10:00 às 12:00, semanal; sexta das 08:00 às 10:00, semanal";CRISTIAN FAVIO COLETTI;-;Resultados da classificação.pdf
DB3BCN0402-15SA;FUNÇÕES DE UMA VARIÁVEL;SA;"Teoria: quarta das 10:00 às 12:00, semanal; sexta das 08:00 às 10:00, semanal";LEONEL ZUAZNABAR MOLINER;-;Resultados da classificação.pdf
DC1BCN0402-15SA;FUNÇÕES DE UMA VARIÁVEL;SA;"Teoria: quarta das 14:00 às 16:00, semanal; sexta das 16:00 às 18:00, semanal";DANIEL MIRANDA MACHADO;-;Resultados da classificação.pdf
DA1NHBP001-23SA;FÍSICA EXPERIMENTAL I;SA;"Prática: segunda das 08:00 às 10:00, semanal; quarta das 10:00 às 12:00, semanal";-;DIOGO BURIGO ALMEIDA;Resultados da classificação.pdf
DA1BCK0103-15SA;FÍSICA QUÂNTICA;SA;"Teoria: segunda das 10:00 às 12:00, quinzenal II; quinta das 08:00 às 10:00, semanal";ANTONIO ALVARO RANHA NEVES;-;Resultados da classificação.pdf
DA2BCK0103-15SA;FÍSICA QUÂNTICA;SA;"Teoria: segunda das 10:00 às 12:00, quinzenal II; quinta das 08:00 às 10:00, semanal";JOSE JAVIER SAEZ ACUNA;-;Resultados da classificação.pdf
DB1BCK0103-15SA;FÍSICA QUÂNTICA;SA;"Teoria: segunda das 08:00 às 10:00, quinzenal II; quinta das 10:00 às 12:00, semanal";ANTONIO ALVARO RANHA NEVES;-;Resultados da classificação.pdf
DA1NHT3013-15SA;FÍSICA TÉRMICA;SA;"Teoria: terça das 08:00 às 10:00, semanal; quinta das 10:00 às 12:00, semanal";KELLY CRISTIANE IAROSZ;-;Resultados da classificação.pdf
DA1NHBQ006-22SA;FÍSICO-QUÍMICA EXPERIMENTAL;SA;Prática: sexta das 08:00 às 12:00, semanal;-;CAMILO ANDREA ANGELUCCI;Resultados da classificação.pdf
DA1NHT1057-15SA;GENÉTICA II;SA;Teoria: segunda das 08:00 às 10:00, semanal | Prática: quarta das 10:00 às 12:00, semanal;MARCIA APARECIDA SPERANCA;MARCIA APARECIDA SPERANCA;Resultados da classificação.pdf
DA2NHT1057-15SA;GENÉTICA II;SA;Teoria: segunda das 08:00 às 10:00, semanal | Prática: quarta das 10:00 às 12:00, semanal;MARCIA APARECIDA SPERANCA;HANA PAULA MASUDA;Resultados da classificação.pdf
DA1NHT1030-15SA;GEOLOGIA E PALEONTOLOGIA;SA;Teoria: sexta das 08:00 às 10:00, semanal | Prática: quarta das 08:00 às 10:00, semanal;FABIANA RODRIGUES COSTA NUNES;FABIANA RODRIGUES COSTA NUNES;Resultados da classificação.pdf
DA1BCN0404-15SA;GEOMETRIA ANALÍTICA;SA;"Teoria: quarta das 10:00 às 12:00, semanal; sexta das 08:00 às 10:00, quinzenal II";SINUE DAYAN BARBERO LODOVICI;-;Resultados da classificação.pdf
DA2BCN0404-15SA;GEOMETRIA ANALÍTICA;SA;"Teoria: quarta das 10:00 às 12:00, semanal; sexta das 08:00 às 10:00, quinzenal II";EDSON RYOJI OKAMOTO IWAKI;-;Resultados da classificação.pdf
DA3BCN0404-15SA;GEOMETRIA ANALÍTICA;SA;"Teoria: quarta das 10:00 às 12:00, semanal; sexta das 08:00 às 10:00, quinzenal II";CLAUDIA CORREA DE ANDRADE OLIVEIRA;-;Resultados da classificação.pdf
DB1BCN0404-15SA;GEOMETRIA ANALÍTICA;SA;"Teoria: sexta das 10:00 às 12:00, quinzenal II; quarta das 08:00 às 10:00, semanal";SINUE DAYAN BARBERO LODOVICI;-;Resultados da classificação.pdf
DB2BCN0404-15SA;GEOMETRIA ANALÍTICA;SA;"Teoria: quarta das 08:00 às 10:00, semanal; sexta das 10:00 às 12:00, quinzenal II";EDSON RYOJI OKAMOTO IWAKI;-;Resultados da classificação.pdf
DB3BCN0404-15SA;GEOMETRIA ANALÍTICA;SA;"Teoria: quarta das 08:00 às 10:00, semanal; sexta das 10:00 às 12:00, quinzenal II";CLAUDIA CORREA DE ANDRADE OLIVEIRA;-;Resultados da classificação.pdf
DC1BCN0404-15SA;GEOMETRIA ANALÍTICA;SA;"Teoria: quarta das 16:00 às 18:00, semanal; sexta das 14:00 às 16:00, quinzenal II";MARCIO FABIANO DA SILVA;-;Resultados da classificação.pdf
DA1MCBM005-23SA;GEOMETRIA DOS ESPAÇOS MÉTRICOS;SA;"Teoria: terça das 10:00 às 12:00, semanal; sexta das 08:00 às 10:00, semanal";ICARO GONCALVES;-;Resultados da classificação.pdf
DA1ESTU006-17SA;GEOTECNIA;SA;Teoria: segunda das 08:00 às 10:00, semanal | Prática: quarta das 10:00 às 12:00, semanal;LUCIANA MARIA FERRER;LUCIANA MARIA FERRER;Resultados da classificação.pdf
DA1ESTU007-17SA;HABITAÇÃO E ASSENTAMENTOS HUMANOS;SA;Prática: segunda das 08:00 às 12:00, semanal;PATRICIA CEZARIO SILVA;PATRICIA CEZARIO SILVA;Resultados da classificação.pdf
DA1ESAU013-23SA;HIDROLOGIA URBANA;SA;Prática: segunda das 14:00 às 18:00, semanal;MELISSA CRISTINA PEREIRA GRACIOSA;MELISSA CRISTINA PEREIRA GRACIOSA;Resultados da classificação.pdf
DA1ESTU029-17SA;HIDRÁULICA DE CONDUTOS LIVRES;SA;Teoria: segunda das 10:00 às 12:00, semanal;CAMILA CLEMENTINA ARANTES;CAMILA CLEMENTINA ARANTES;Resultados da classificação.pdf
DA1NHZ5016-15SA;HISTÓRIA DA EDUCAÇÃO;SA;"Teoria: terça das 08:00 às 10:00, semanal; quinta das 10:00 às 12:00, semanal";RAFAEL CAVA MORI;-;Resultados da classificação.pdf
DA1NHZ1031-15SA;HISTÓRIA DAS IDEIAS BIOLÓGICAS;SA;Teoria: segunda das 14:00 às 16:00, semanal;GUILHERME CUNHA RIBEIRO;-;Resultados da classificação.pdf
DA1NHZ2117-18SA;HISTÓRIA E FILOSOFIA DA BIOLOGIA;SA;Teoria: quarta das 14:00 às 18:00, semanal;CHARLES MORPHY DIAS DOS SANTOS;-;Resultados da classificação.pdf
DA1NHZ1090-15SA;IMUNOLOGIA APLICADA;SA;Teoria: quarta das 14:00 às 18:00, semanal;VINICIUS DE ANDRADE OLIVEIRA;-;Resultados da classificação.pdf
DA1ESMA002-23SA;INOVAÇÕES PARA ENGENHARIA;SA;Prática: quinta das 08:00 às 10:00, semanal;-;JOSE FERNANDO QUEIRUGA REY;Resultados da classificação.pdf
DA2ESMA002-23SA;INOVAÇÕES PARA ENGENHARIA;SA;Prática: quinta das 08:00 às 10:00, semanal;-;RICARDO HIDEO TANIWAKI;Resultados da classificação.pdf
DB1ESMA002-23SA;INOVAÇÕES PARA ENGENHARIA;SA;Prática: quarta das 10:00 às 12:00, semanal;-;JOSE ENRIQUE EIREZ IZQUIERDO;Resultados da classificação.pdf
DB2ESMA002-23SA;INOVAÇÕES PARA ENGENHARIA;SA;Prática: quarta das 10:00 às 12:00, semanal;-;AGESINALDO MATOS SILVA JUNIOR;Resultados da classificação.pdf
DC1ESMA002-23SA;INOVAÇÕES PARA ENGENHARIA;SA;Prática: quinta das 10:00 às 12:00, semanal;-;KATIA FRANKLIN ALBERTIN TORRES;Resultados da classificação.pdf
DC2ESMA002-23SA;INOVAÇÕES PARA ENGENHARIA;SA;Prática: quinta das 10:00 às 12:00, semanal;-;RICARDO HIDEO TANIWAKI;Resultados da classificação.pdf
DA1ESTE020-17SA;INSTALAÇÕES ELÉTRICAS II;SA;"Prática: terça das 10:00 às 12:00, semanal; sexta das 08:00 às 10:00, semanal";-;FABIANA APARECIDA DE TOLEDO SILVA;Resultados da classificação.pdf
DA1ESZA013-17SA;INSTRUMENTAÇÃO E METROLOGIA ÓPTICA;SA;"Teoria: segunda das 16:00 às 18:00, quinzenal I; quinta das 14:00 às 16:00, semanal | Prática: segunda das 16:00 às 18:00, quinzenal II";MARCOS ROBERTO DA ROCHA GESUALDI;MARCOS ROBERTO DA ROCHA GESUALDI;Resultados da classificação.pdf
DA1MCCC008-23SA;INTELIGÊNCIA ARTIFICIAL;SA;"Teoria: segunda das 10:00 às 12:00, semanal; quinta das 08:00 às 10:00, semanal";MATEUS COELHO SILVA;-;Resultados da classificação.pdf
DA1MCZA008-17SA;INTERAÇÃO HUMANO-COMPUTADOR;SA;"Teoria: segunda das 10:00 às 12:00, semanal; quinta das 08:00 às 10:00, semanal";JULIANA CRISTINA BRAGA;-;Resultados da classificação.pdf
DA1BCK0104-15SA;INTERAÇÕES ATÔMICAS E MOLECULARES;SA;"Teoria: segunda das 14:00 às 16:00, semanal; quarta das 16:00 às 18:00, quinzenal I";HUEDER PAULO MOISES DE OLIVEIRA;-;Resultados da classificação.pdf
DA1NHBP014-23SA;INTRODUÇÃO A INFORMAÇÃO QUÂNTICA;SA;"Teoria: segunda das 16:00 às 18:00, semanal; quarta das 16:00 às 18:00, semanal";ROBERTO MENEZES SERRA;-;Resultados da classificação.pdf
DA1ESTE016-17SA;INTRODUÇÃO AOS SISTEMAS ELÉTRICOS DE POTÊNCIA;SA;"Teoria: segunda das 08:00 às 10:00, semanal; quarta das 10:00 às 12:00, semanal";HAROLDO DE FARIA JUNIOR;-;Resultados da classificação.pdf
DA1BIN0406-15SA;INTRODUÇÃO À PROBABILIDADE E À ESTATÍSTICA;SA;"Teoria: terça das 16:00 às 18:00, semanal; sexta das 14:00 às 16:00, quinzenal II";ROBERTO VENEGEROLES NASCIMENTO;-;Resultados da classificação.pdf
DA1BCN0405-15SA;INTRODUÇÃO ÀS EQUAÇÕES DIFERENCIAIS ORDINÁRIAS;SA;"Teoria: quarta das 14:00 às 16:00, semanal; sexta das 16:00 às 18:00, semanal";MARCIO FABIANO DA SILVA;-;Resultados da classificação.pdf
DA1NHBP015-23SA;LABORATÓRIO DE FÍSICA PARA PROBLEMAS DO COTIDIANO;SA;Prática: quinta das 14:00 às 18:00, semanal;-;ANTONIO ALVARO RANHA NEVES, JEROEN SCHOENMAKER;Resultados da classificação.pdf
DA1ESTA017-17SA;LABORATÓRIO DE MÁQUINAS ELÉTRICAS;SA;Prática: terça das 10:00 às 12:00, semanal;-;JOSE ALBERTO TORRICO ALTUNA;Resultados da classificação.pdf
DB1ESTA017-17SA;LABORATÓRIO DE MÁQUINAS ELÉTRICAS;SA;Prática: sexta das 08:00 às 10:00, semanal;-;JOSE ALBERTO TORRICO ALTUNA;Resultados da classificação.pdf
DA1ESTE026-17SA;LABORATÓRIO DE MÁQUINAS TÉRMICAS E HIDRÁULICAS;SA;Prática: quarta das 08:00 às 10:00, semanal;-;ANA MARIA PEREIRA NETO;Resultados da classificação.pdf
DA1NHZ1095-19SA;LIVRO DIDÁTICO NO ENSINO DE CONHECIMENTOS BIOLÓGICOS;SA;"Teoria: terça das 10:00 às 12:00, semanal; sexta das 08:00 às 10:00, semanal";FERNANDA FRANZOLIN;FERNANDA FRANZOLIN;Resultados da classificação.pdf
DA1ESZU013-17SA;LOGÍSTICA E MEIO AMBIENTE;SA;Teoria: sexta das 10:00 às 12:00, semanal;HUMBERTO DE PAIVA JUNIOR;-;Resultados da classificação.pdf
DA1ESIR002-23SA;LÓGICA PROGRAMÁVEL;SA;Teoria: terça das 08:00 às 10:00, semanal | Prática: quinta das 10:00 às 12:00, semanal;RODRIGO REINA MUNOZ;RODRIGO REINA MUNOZ;Resultados da classificação.pdf
DA1ESTM008-17SA;MATERIAIS COMPÓSITOS;SA;"Teoria: sexta das 10:00 às 12:00, quinzenal I; quarta das 08:00 às 10:00, semanal | Prática: sexta das 10:00 às 12:00, quinzenal II";MARCIO LUIZ DOS SANTOS;MARCIO LUIZ DOS SANTOS;Resultados da classificação.pdf
DA1ESTO006-17SA;MATERIAIS E SUAS PROPRIEDADES;SA;"Teoria: sexta das 08:00 às 10:00, semanal; terça das 10:00 às 12:00, semanal";RENATA AYRES ROCHA;RENATA AYRES ROCHA;Resultados da classificação.pdf
DA2ESTO006-17SA;MATERIAIS E SUAS PROPRIEDADES;SA;"Teoria: terça das 10:00 às 12:00, semanal; sexta das 08:00 às 10:00, semanal";LIGIA PASSOS MAIA OBI;LIGIA PASSOS MAIA OBI;Resultados da classificação.pdf
DA1ESZM030-17SA;MATERIAIS NANOESTRUTURADOS;SA;"Teoria: quarta das 08:00 às 10:00, semanal; sexta das 10:00 às 12:00, semanal";ALEXANDRE JOSE DE CASTRO LANFREDI;-;Resultados da classificação.pdf
DA1ESZM021-17SA;MATÉRIAS PRIMAS CERÂMICAS;SA;"Teoria: terça das 17:00 às 19:00, semanal; quinta das 17:00 às 19:00, semanal";RENATA AYRES ROCHA;-;Resultados da classificação.pdf
DA1NHT4024-15SA;MECANISMOS DE REAÇÕES ORGÂNICAS;SA;"Teoria: terça das 10:00 às 12:00, semanal; sexta das 08:00 às 10:00, semanal";CELIO FERNANDO FIGUEIREDO ANGOLINI;-;Resultados da classificação.pdf
DA1ESTO008-17SA;MECÂNICA DOS SÓLIDOS I;SA;"Teoria: segunda das 08:00 às 10:00, semanal; quarta das 10:00 às 12:00, semanal";RENATO ALTOBELLI ANTUNES;RENATO ALTOBELLI ANTUNES;Resultados da classificação.pdf
DA1NHBP006-23SA;MECÂNICA ESTATÍSTICA II;SA;"Teoria: terça das 14:00 às 16:00, semanal; quinta das 16:00 às 18:00, semanal";VILSON TONIN ZANCHIN;-;Resultados da classificação.pdf
DA1NHBP007-23SA;MECÂNICA QUÂNTICA I;SA;"Teoria: terça das 08:00 às 10:00, semanal; quinta das 10:00 às 12:00, semanal";FERNANDO LUIS DA SILVA SEMIAO;-;Resultados da classificação.pdf
DA1NHBP009-23SA;MECÂNICA QUÂNTICA IV;SA;"Teoria: quinta das 14:00 às 16:00, semanal; terça das 16:00 às 18:00, semanal";FAGNER MURUCI DE PAULA;-;Resultados da classificação.pdf
DA1MCBD003-23SA;METODOLOGIA DE PESQUISA EM CIÊNCIA DE DADOS;SA;"Teoria: terça das 17:00 às 19:00, semanal; quinta das 17:00 às 19:00, semanal";MARIANA SACRINI AYRES FERRAZ;-;Resultados da classificação.pdf
DA1LIE0001-19SA;METODOLOGIAS DE PESQUISA EM EDUCAÇÃO;SA;Teoria: terça das 08:00 às 10:00, semanal;SIMONE DO NASCIMENTO NOGUEIRA;-;Resultados da classificação.pdf
DA1NHT1056-15SA;MICROBIOLOGIA;SA;"Teoria: terça das 10:00 às 12:00, semanal; sexta das 08:00 às 10:00, semanal | Prática: sexta das 10:00 às 12:00, semanal";LIVIA SENO FERREIRA CAMARGO;LIVIA SENO FERREIRA CAMARGO;Resultados da classificação.pdf
DA2NHT1056-15SA;MICROBIOLOGIA;SA;"Teoria: terça das 10:00 às 12:00, semanal; sexta das 08:00 às 10:00, semanal | Prática: sexta das 10:00 às 12:00, semanal";LIVIA SENO FERREIRA CAMARGO;MARIA CRISTINA CARLAN DA SILVA;Resultados da classificação.pdf
DA1MCZA015-13SA;MINERAÇÃO DE DADOS;SA;"Teoria: terça das 10:00 às 12:00, quinzenal I; sexta das 08:00 às 10:00, semanal | Prática: terça das 10:00 às 12:00, quinzenal II";CARLOS DA SILVA DOS SANTOS;CARLOS DA SILVA DOS SANTOS;Resultados da classificação.pdf
DA2MCZA015-13SA;MINERAÇÃO DE DADOS;SA;"Teoria: terça das 10:00 às 12:00, quinzenal I; sexta das 08:00 às 10:00, semanal | Prática: terça das 08:00 às 10:00, quinzenal II";CARLOS DA SILVA DOS SANTOS;CARLOS DA SILVA DOS SANTOS;Resultados da classificação.pdf
DI1MCZA015-13SA;MINERAÇÃO DE DADOS;SA;"Prática: terça das 16:00 às 18:00, semanal; quinta das 14:00 às 16:00, semanal";JOAO MARCELO BOROVINA JOSKO;JOAO MARCELO BOROVINA JOSKO;Resultados da classificação.pdf
DA1MCCC012-23SA;MODELAGEM DE BANCO DE DADOS;SA;"Teoria: quinta das 10:00 às 12:00, semanal; terça das 08:00 às 10:00, semanal";JOAO MARCELO BOROVINA JOSKO;-;Resultados da classificação.pdf
DA1ESTA020-17SA;MODELAGEM E CONTROLE;SA;Teoria: terça das 10:00 às 12:00, semanal;ROBERTO LUIZ DA CUNHA BARROSO RAMOS;-;Resultados da classificação.pdf
DA1NHT1060-15SA;MORFOFISIOLOGIA HUMANA III;SA;"Teoria: terça das 08:00 às 10:00, semanal; quinta das 08:00 às 10:00, semanal | Prática: quinta das 10:00 às 12:00, semanal";JOSE MARCOS SANCHES JUNIOR;JOSE MARCOS SANCHES JUNIOR;Resultados da classificação.pdf
DA1ESTA016-17SA;MÁQUINAS ELÉTRICAS;SA;"Teoria: terça das 08:00 às 10:00, semanal; quinta das 10:00 às 12:00, semanal";JULIO CARLOS TEIXEIRA;-;Resultados da classificação.pdf
DA1BCM0504-15SA;NATUREZA DA INFORMAÇÃO;SA;"Teoria: terça das 10:00 às 12:00, semanal; sexta das 08:00 às 10:00, quinzenal I";RENZO GONZALO GOMEZ DIAZ;-;Resultados da classificação.pdf
DA2BCM0504-15SA;NATUREZA DA INFORMAÇÃO;SA;"Teoria: terça das 10:00 às 12:00, semanal; sexta das 08:00 às 10:00, quinzenal I";JOSE ARTUR QUILICI GONZALEZ;-;Resultados da classificação.pdf
DA3BCM0504-15SA;NATUREZA DA INFORMAÇÃO;SA;"Teoria: terça das 10:00 às 12:00, semanal; sexta das 08:00 às 10:00, quinzenal I";KENJI NOSE FILHO;-;Resultados da classificação.pdf
DA4BCM0504-15SA;NATUREZA DA INFORMAÇÃO;SA;"Teoria: terça das 10:00 às 12:00, semanal; sexta das 08:00 às 10:00, quinzenal I";SANDRO MARCIO DA SILVA PRETO;-;Resultados da classificação.pdf
DB1BCM0504-15SA;NATUREZA DA INFORMAÇÃO;SA;"Teoria: terça das 08:00 às 10:00, semanal; sexta das 10:00 às 12:00, quinzenal I";RENZO GONZALO GOMEZ DIAZ;-;Resultados da classificação.pdf
DB3BCM0504-15SA;NATUREZA DA INFORMAÇÃO;SA;"Teoria: terça das 08:00 às 10:00, semanal; sexta das 10:00 às 12:00, quinzenal I";KENJI NOSE FILHO;-;Resultados da classificação.pdf
DA1NHZ3043-15SA;NOÇÕES DE ASTRONOMIA E COSMOLOGIA;SA;"Teoria: segunda das 14:00 às 16:00, semanal; quarta das 16:00 às 18:00, semanal";MARTIN GUSTAVO RICHARTE;-;Resultados da classificação.pdf
DA1MCBM007-23SA;NÚMEROS REAIS E SEQUÊNCIAS;SA;"Teoria: terça das 10:00 às 12:00, semanal; sexta das 08:00 às 10:00, semanal";JEFERSON CASSIANO;-;Resultados da classificação.pdf
DA1MCCC013-23SA;OTIMIZAÇÃO LINEAR;SA;"Teoria: terça das 08:00 às 10:00, semanal; quinta das 10:00 às 12:00, semanal";SAUL DE CASTRO LEITE;-;Resultados da classificação.pdf
DA1MCZB026-13SA;PERCOLAÇÃO;SA;"Teoria: segunda das 16:00 às 18:00, semanal; quarta das 16:00 às 18:00, semanal";RAFAEL DE MATTOS GRISI;-;Resultados da classificação.pdf
DA1ESTU011-17SA;PLANEJAMENTO URBANO E METROPOLITANO;SA;"Teoria: terça das 10:00 às 12:00, semanal; sexta das 08:00 às 10:00, semanal";RENATA MARIA PINTO MOREIRA;RENATA MARIA PINTO MOREIRA;Resultados da classificação.pdf
DA1NHBQ022-22SA;POLÍMEROS: SÍNTESE, CARACTERIZAÇÃO E PROCESSOS;SA;"Teoria: segunda das 16:00 às 18:00, semanal; quarta das 16:00 às 18:00, semanal | Prática: terça das 16:00 às 18:00, semanal";MARCIA APARECIDA DA SILVA SPINACE;MARCIA APARECIDA DA SILVA SPINACE;Resultados da classificação.pdf
DA1NHI5011-13SA;POLÍTICAS EDUCACIONAIS;SA;"Teoria: quarta das 08:00 às 10:00, quinzenal I; sexta das 10:00 às 12:00, semanal";RAFAELA VALERO DA SILVA;-;Resultados da classificação.pdf
DA2NHI5011-13SA;POLÍTICAS EDUCACIONAIS;SA;"Teoria: quarta das 08:00 às 10:00, quinzenal I; sexta das 10:00 às 12:00, semanal";RENATA RIBEIRO FRANCISCO;-;Resultados da classificação.pdf
DA1ESTO012-17SA;PRINCÍPIOS DE ADMINISTRAÇÃO;SA;Teoria: quinta das 08:00 às 10:00, semanal;PATRICIA MORILHA MURITIBA;-;Resultados da classificação.pdf
DB1ESTO012-17SA;PRINCÍPIOS DE ADMINISTRAÇÃO;SA;Teoria: terça das 10:00 às 12:00, semanal;SILVIA NOVAES ZILBER TURRI;-;Resultados da classificação.pdf
DC1ESTO012-17SA;PRINCÍPIOS DE ADMINISTRAÇÃO;SA;Teoria: terça das 08:00 às 10:00, semanal;SILVIA NOVAES ZILBER TURRI;-;Resultados da classificação.pdf
DA1NHT3049-15SA;PRINCÍPIOS DE TERMODINÂMICA;SA;"Teoria: terça das 08:00 às 10:00, semanal; quinta das 10:00 às 12:00, semanal";ALEXSANDRE FIGUEIREDO LAGO;-;Resultados da classificação.pdf
DA1MCTB021-17SA;PROBABILIDADE;SA;"Teoria: quarta das 08:00 às 10:00, semanal; sexta das 10:00 às 12:00, semanal";LEONEL ZUAZNABAR MOLINER;-;Resultados da classificação.pdf
DA1ESZM037-17SA;PROCESSAMENTO DE POLÍMEROS;SA;"Teoria: segunda das 08:00 às 10:00, semanal; quarta das 10:00 às 12:00, quinzenal II | Prática: quarta das 10:00 às 12:00, quinzenal I";SUEL ERIC VIDOTTI;SUEL ERIC VIDOTTI;Resultados da classificação.pdf
DA1ESZM041-17SA;PROCESSAMENTO E CONFORMAÇÃO DE METAIS II;SA;"Teoria: quarta das 17:00 às 19:00, semanal; sexta das 17:00 às 19:00, quinzenal I | Prática: sexta das 17:00 às 19:00, quinzenal II";ALEJANDRO ANDRES ZUNIGA PAEZ;ALEJANDRO ANDRES ZUNIGA PAEZ;Resultados da classificação.pdf
DA1NHZ4035-15SA;PROCESSOS INDUSTRIAIS ORGÂNICOS E INORGÂNICOS;SA;"Teoria: segunda das 10:00 às 12:00, semanal; quinta das 08:00 às 10:00, semanal";ELIZABETE CAMPOS DE LIMA;-;Resultados da classificação.pdf
DA1MCTA028-15SA;PROGRAMAÇÃO ESTRUTURADA;SA;Teoria: terça das 10:00 às 12:00, semanal | Prática: sexta das 08:00 às 10:00, semanal;ROBERTO SADAO YOKOYAMA;ROBERTO SADAO YOKOYAMA;Resultados da classificação.pdf
DA2MCTA028-15SA;PROGRAMAÇÃO ESTRUTURADA;SA;Teoria: terça das 10:00 às 12:00, semanal | Prática: sexta das 08:00 às 10:00, semanal;ROBERTO SADAO YOKOYAMA;LUNEQUE DEL RIO DE SOUZA E SILVA JUNIOR;Resultados da classificação.pdf
DB1MCTA028-15SA;PROGRAMAÇÃO ESTRUTURADA;SA;Teoria: sexta das 08:00 às 10:00, semanal | Prática: terça das 10:00 às 12:00, semanal;SUZANA DE SIQUEIRA SANTOS;SUZANA DE SIQUEIRA SANTOS;Resultados da classificação.pdf
DB2MCTA028-15SA;PROGRAMAÇÃO ESTRUTURADA;SA;Teoria: sexta das 08:00 às 10:00, semanal | Prática: terça das 08:00 às 10:00, semanal;SUZANA DE SIQUEIRA SANTOS;SUZANA DE SIQUEIRA SANTOS;Resultados da classificação.pdf
DB3MCTA028-15SA;PROGRAMAÇÃO ESTRUTURADA;SA;Teoria: sexta das 08:00 às 10:00, semanal | Prática: terça das 10:00 às 12:00, semanal;DIOGO SANTANA MARTINS;DIOGO SANTANA MARTINS;Resultados da classificação.pdf
DB4MCTA028-15SA;PROGRAMAÇÃO ESTRUTURADA;SA;Teoria: sexta das 08:00 às 10:00, semanal | Prática: terça das 08:00 às 10:00, semanal;DIOGO SANTANA MARTINS;DIOGO SANTANA MARTINS;Resultados da classificação.pdf
DB1ESTA019-17SA;PROJETO ASSISTIDO POR COMPUTADOR;SA;Prática: terça das 08:00 às 10:00, semanal;-;CRHISTIAN RAFFAELO BALDO;Resultados da classificação.pdf
DA1BCS0002-25SA;PROJETO DIRIGIDO;SA;Teoria: segunda das 08:00 às 10:00, semanal;-;MATHEUS FORTES SANTOS;Resultados da classificação.pdf
DA2BCS0002-25SA;PROJETO DIRIGIDO;SA;Teoria: segunda das 08:00 às 10:00, semanal;-;MAURO COELHO DOS SANTOS;Resultados da classificação.pdf
DB1BCS0002-25SA;PROJETO DIRIGIDO;SA;Teoria: segunda das 10:00 às 12:00, semanal;-;MARIA CRISTINA CARLAN DA SILVA;Resultados da classificação.pdf
DB2BCS0002-25SA;PROJETO DIRIGIDO;SA;Teoria: segunda das 10:00 às 12:00, semanal;-;CRISTIANE OTERO REIS SALUM;Resultados da classificação.pdf
DA1MCZD005-18SA;PROJETOS DE ENSINO DE MATEMÁTICA E CIÊNCIAS COM ARTE;SA;Teoria: segunda das 14:00 às 18:00, semanal;MARIA CANDIDA VARONE DE MORAIS;MARIA CANDIDA VARONE DE MORAIS;Resultados da classificação.pdf
DA1ESTM019-17SA;PROPRIEDADES ELÉTRICAS, MAGNÉTICAS E ÓPTICAS;SA;"Teoria: segunda das 10:00 às 12:00, semanal; quinta das 08:00 às 10:00, semanal";ANDRE SANTAROSA FERLAUTO;ANDRE SANTAROSA FERLAUTO;Resultados da classificação.pdf
DA1ESTM010-17SA;PROPRIEDADES MECÂNICAS E TÉRMICAS;SA;"Teoria: segunda das 08:00 às 10:00, semanal; quarta das 10:00 às 12:00, quinzenal I | Prática: quarta das 10:00 às 12:00, quinzenal II";MARA CRISTINA LOPES DE OLIVEIRA;MARA CRISTINA LOPES DE OLIVEIRA;Resultados da classificação.pdf
DA1NHLB004-23SA;PRÁTICAS DE ENSINO DE BIOLOGIA E PLANEJAMENTO;SA;Teoria: segunda das 10:00 às 13:00, semanal;MEIRI APARECIDA GURGEL DE CAMPOS MIRANDA;MEIRI APARECIDA GURGEL DE CAMPOS MIRANDA;Resultados da classificação.pdf
DA1NHLP002-22SA;PRÁTICAS DE ENSINO DE FÍSICA II;SA;"Teoria: segunda das 08:00 às 10:00, semanal; quarta das 10:00 às 12:00, semanal";MARIA INES RIBAS RODRIGUES;MARIA INES RIBAS RODRIGUES;Resultados da classificação.pdf
DA1MCTD018-18SA;PRÁTICAS DE ENSINO DE MATEMÁTICA III;SA;"Prática: segunda das 08:00 às 10:00, semanal; quarta das 10:00 às 12:00, semanal";ROSELI ALVES DE MOURA;ROSELI ALVES DE MOURA;Resultados da classificação.pdf
DA1NHLQ003-22SA;PRÁTICAS DE ENSINO DE QUÍMICA II;SA;Prática: terça das 10:00 às 13:00, semanal;-;SOLANGE WAGNER LOCATELLI;Resultados da classificação.pdf
DA1NHZ1096-19SA;PRÁTICAS DISCURSIVAS DA CIÊNCIA E EDUCAÇÃO EM CIÊNCIAS;SA;Teoria: quarta das 10:00 às 12:00, semanal;-;DANUSA MUNFORD;Resultados da classificação.pdf
DA1BCS0004-25SA;PRÁTICAS EXTENSIONISTAS EM LETRAMENTO DIGITAL;SA;"Prática: terça das 14:00 às 16:00, semanal; quinta das 16:00 às 18:00, semanal";-;ANDRE LUIZ BRANDAO;Resultados da classificação.pdf
DB1BCS0004-25SA;PRÁTICAS EXTENSIONISTAS EM LETRAMENTO DIGITAL;SA;"Prática: terça das 16:00 às 18:00, semanal; quinta das 14:00 às 16:00, semanal";-;CARLA LOPES RODRIGUEZ;Resultados da classificação.pdf
DA1NHPD016-25SA;PRÁTICAS INTERDISCIPLINARES DE OBSERVAÇÃO EM CRECHES, PRÉ-ESCOLAS E ESCOLAS DE ENSINO FUNDAMENTAL - ANOS INICIAIS;SA;"Teoria: terça das 10:00 às 12:00, semanal; sexta das 08:00 às 10:00, semanal";-;ALINE DE OLIVEIRA ROSA;Resultados da classificação.pdf
DA1ESZE073-17SA;QUALIDADE DA ENERGIA ELÉTRICA;SA;"Prática: quarta das 17:00 às 19:00, semanal; sexta das 17:00 às 19:00, semanal";FABIANA APARECIDA DE TOLEDO SILVA;-;Resultados da classificação.pdf
DA1NHZ5014-15SA;QUESTÕES ATUAIS NO ENSINO DE CIÊNCIAS;SA;Teoria: quarta das 10:00 às 12:00, semanal;JOAO RODRIGO SANTOS DA SILVA;-;Resultados da classificação.pdf
DB1NHZ5014-15SA;QUESTÕES ATUAIS NO ENSINO DE CIÊNCIAS;SA;Teoria: quarta das 08:00 às 10:00, semanal;MARIA INES RIBAS RODRIGUES;-;Resultados da classificação.pdf
DA1NHBQ024-22SA;QUIMIOMETRIA;SA;"Prática: segunda das 08:00 às 10:00, semanal; quarta das 10:00 às 12:00, semanal";MONICA BENICIA MAMIAN LOPEZ, BRUNO GUZZO DA SILVA;-;Resultados da classificação.pdf
DA1NHT4050-15SA;QUÍMICA ANALÍTICA CLÁSSICA II;SA;"Teoria: segunda das 08:00 às 10:00, quinzenal I; quarta das 10:00 às 12:00, semanal | Prática: segunda das 08:00 às 10:00, quinzenal II; segunda das 10:00 às 12:00, semanal";PATRICIA DANTONI;PATRICIA DANTONI;Resultados da classificação.pdf
DA1NHBQ013-22SA;QUÍMICA DOS ELEMENTOS;SA;"Teoria: quarta das 08:00 às 10:00, semanal; sexta das 10:00 às 12:00, semanal | Prática: quinta das 08:00 às 12:00, semanal";WAGNER ALVES CARVALHO;KARINA PASSALACQUA MORELLI FRIN;Resultados da classificação.pdf
DA1NHT4040-15SA;QUÍMICA ORGÂNICA APLICADA;SA;Prática: terça das 08:00 às 12:00, semanal;-;JOAO HENRIQUE GHILARDI LAGO;Resultados da classificação.pdf
DA1MCZA023-17SA;REDES CONVERGENTES;SA;"Teoria: segunda das 08:00 às 10:00, semanal; quarta das 10:00 às 12:00, semanal";CARLOS ALBERTO KAMIENSKI;-;Resultados da classificação.pdf
DA1ESZI029-17SA;REDES WAN DE BANDA LARGA;SA;"Teoria: terça das 10:00 às 12:00, quinzenal I; sexta das 08:00 às 10:00, semanal | Prática: terça das 10:00 às 12:00, quinzenal II";AMAURY KRUEL BUDRI;AMAURY KRUEL BUDRI;Resultados da classificação.pdf
DA1NHBP012-23SA;RELATIVIDADE RESTRITA;SA;"Teoria: quarta das 14:00 às 16:00, semanal; sexta das 16:00 às 18:00, semanal";RONALDO SAVIOLI SUME VIEIRA;-;Resultados da classificação.pdf
DA1ESTU032-17SA;REPRESENTAÇÃO GRÁFICA DE PROJETOS AMBIENTAIS E URBANOS;SA;Prática: sexta das 08:00 às 12:00, semanal;-;SILVIA LENYRA MEIRELLES CAMPOS TITOTTO;Resultados da classificação.pdf
DA1ESZU030-17SA;RISCOS NO AMBIENTE URBANO;SA;Teoria: quinta das 08:00 às 12:00, semanal;FRANCISCO DE ASSIS COMARU;FRANCISCO DE ASSIS COMARU;Resultados da classificação.pdf
DA1ESZI031-17SA;SEGURANÇA DE REDES;SA;"Teoria: segunda das 10:00 às 12:00, quinzenal II; quinta das 08:00 às 10:00, semanal | Prática: segunda das 10:00 às 12:00, quinzenal I";ROBERTO SADAO YOKOYAMA;ROBERTO SADAO YOKOYAMA;Resultados da classificação.pdf
DA1NHZ6007-18SA;SEGURANÇA E REGULAMENTAÇÃO EM BIOTECNOLOGIA;SA;Teoria: quinta das 10:00 às 12:00, semanal;CRISTINA RIBAS FURSTENAU;-;Resultados da classificação.pdf
DA1MCZD009-18SA;SEMINÁRIOS DE PESQUISA EM EDUCAÇÃO MATEMÁTICA I;SA;Teoria: quarta das 08:00 às 10:00, semanal;-;VIVILI MARIA SILVA GOMES;Resultados da classificação.pdf
DA1ESTI005-17SA;SINAIS ALEATÓRIOS;SA;"Teoria: segunda das 08:00 às 10:00, semanal; quarta das 10:00 às 12:00, semanal";MURILO BELLEZONI LOIOLA;-;Resultados da classificação.pdf
DA1ESTA014-17SA;SISTEMAS CAD/CAM;SA;"Teoria: segunda das 10:00 às 12:00, quinzenal I; quinta das 08:00 às 10:00, semanal | Prática: segunda das 10:00 às 12:00, quinzenal II";AGESINALDO MATOS SILVA JUNIOR;AGESINALDO MATOS SILVA JUNIOR;Resultados da classificação.pdf
DA1ESTA008-17SA;SISTEMAS DE CONTROLE II;SA;Teoria: quinta das 10:00 às 13:00, semanal | Prática: terça das 08:00 às 10:00, semanal;ROBERTO LUIZ DA CUNHA BARROSO RAMOS;ROBERTO LUIZ DA CUNHA BARROSO RAMOS;Resultados da classificação.pdf
DA1ESZI019-17SA;SISTEMAS DE MICRO-ONDAS;SA;"Prática: terça das 10:00 às 12:00, quinzenal I; terça das 10:00 às 12:00, quinzenal II; sexta das 08:00 às 10:00, semanal";RICARDO CARANICOLA CALEFFO;RICARDO CARANICOLA CALEFFO;Resultados da classificação.pdf
DA1ESTU037-17SA;SISTEMAS DE TRATAMENTO DE ÁGUA;SA;Teoria: quinta das 10:00 às 13:00, semanal;TATIANE ARAUJO DE JESUS;TATIANE ARAUJO DE JESUS;Resultados da classificação.pdf
DA1MCTA025-13SA;SISTEMAS DISTRIBUÍDOS;SA;"Teoria: quinta das 08:00 às 10:00, quinzenal I; segunda das 10:00 às 12:00, semanal | Prática: quinta das 08:00 às 10:00, quinzenal II";GUSTAVO SOUSA PAVANI;GUSTAVO SOUSA PAVANI;Resultados da classificação.pdf
DA2MCTA025-13SA;SISTEMAS DISTRIBUÍDOS;SA;"Teoria: segunda das 10:00 às 12:00, semanal; quinta das 08:00 às 10:00, quinzenal I | Prática: quinta das 10:00 às 12:00, quinzenal II";GUSTAVO SOUSA PAVANI;GUSTAVO SOUSA PAVANI;Resultados da classificação.pdf
DA1ESZI014-17SA;SISTEMAS INTELIGENTES;SA;"Teoria: terça das 08:00 às 10:00, semanal; quinta das 10:00 às 12:00, quinzenal II | Prática: quinta das 10:00 às 12:00, quinzenal I";LUNEQUE DEL RIO DE SOUZA E SILVA JUNIOR;LUNEQUE DEL RIO DE SOUZA E SILVA JUNIOR;Resultados da classificação.pdf
DA1ESTI013-17SA;SISTEMAS MICROPROCESSADOS;SA;Teoria: terça das 10:00 às 12:00, semanal | Prática: sexta das 08:00 às 10:00, semanal;JOAO HENRIQUE RANHEL RIBEIRO;JOAO HENRIQUE RANHEL RIBEIRO;Resultados da classificação.pdf
DB1ESTI013-17SA;SISTEMAS MICROPROCESSADOS;SA;Teoria: sexta das 10:00 às 12:00, semanal | Prática: quarta das 08:00 às 10:00, semanal;LUIZ ALBERTO LUZ DE ALMEIDA;LUIZ ALBERTO LUZ DE ALMEIDA;Resultados da classificação.pdf
DA1NHT1048-15SA;SISTEMÁTICA E BIOGEOGRAFIA;SA;"Prática: quarta das 10:00 às 12:00, quinzenal I; quinta das 10:00 às 13:00, semanal";CHARLES MORPHY DIAS DOS SANTOS;CHARLES MORPHY DIAS DOS SANTOS;Resultados da classificação.pdf
DA1ESMA001-23SA;SOLUÇÕES PARA DESAFIOS EM ENGENHARIA;SA;Prática: terça das 08:00 às 10:00, semanal;-;RICARDO CARANICOLA CALEFFO;Resultados da classificação.pdf
DA1ESZM013-17SA;TECNOLOGIA DE ELASTÔMEROS;SA;"Teoria: terça das 08:00 às 10:00, semanal; quinta das 10:00 às 12:00, semanal";MATHILDE JULIENNE GISELE CHAMPEAU;-;Resultados da classificação.pdf
DA1ESZU033-17SA;TECNOLOGIAS ALTERNATIVAS DE TRATAMENTO DE ÁGUA E EFLUENTES;SA;Teoria: quarta das 10:00 às 13:00, semanal;RODRIGO DE FREITAS BUENO;RODRIGO DE FREITAS BUENO;Resultados da classificação.pdf
DA1MCLM003-23SA;TENDÊNCIAS EM EDUCAÇÃO MATEMÁTICA;SA;"Prática: quarta das 08:00 às 10:00, semanal; sexta das 10:00 às 12:00, semanal";JULIANA FRANCA VIOL PAULIN;JULIANA FRANCA VIOL PAULIN;Resultados da classificação.pdf
DA1MCBM011-23SA;TEORIA DE GRUPOS;SA;"Teoria: terça das 08:00 às 10:00, semanal; quinta das 10:00 às 12:00, semanal";LUIS ENRIQUE RAMIREZ;-;Resultados da classificação.pdf
DA1ESTE021-17SA;TERMODINÂMICA APLICADA II;SA;"Teoria: terça das 10:00 às 12:00, semanal; sexta das 08:00 às 10:00, semanal";JULIANA MARTIN DO PRADO;-;Resultados da classificação.pdf
DA1ESTM009-17SA;TERMODINÂMICA ESTATÍSTICA DE MATERIAIS;SA;"Teoria: terça das 10:00 às 12:00, semanal; sexta das 08:00 às 10:00, semanal";JEVERSON TEODORO ARANTES JUNIOR;-;Resultados da classificação.pdf
DA1ESTE023-17SA;TRANSFERÊNCIA DE CALOR II;SA;"Teoria: terça das 08:00 às 10:00, semanal; quinta das 10:00 às 12:00, semanal";JEFFERSON GOMES DO NASCIMENTO;-;Resultados da classificação.pdf
DA1ESTU020-17SA;TRANSFERÊNCIA DE MASSA;SA;"Teoria: segunda das 08:00 às 10:00, semanal; quarta das 10:00 às 12:00, semanal";CLAUDIA BOIAN;CLAUDIA BOIAN;Resultados da classificação.pdf
DA1ESTI003-17SA;TRANSFORMADAS EM SINAIS E SISTEMAS LINEARES;SA;"Teoria: terça das 10:00 às 12:00, semanal; sexta das 08:00 às 10:00, semanal";ALINE DE OLIVEIRA NEVES PANAZIO;-;Resultados da classificação.pdf
DA1ESZU019-17SA;TRANSPORTES E MEIO AMBIENTE;SA;Prática: sexta das 08:00 às 10:00, semanal;-;HUMBERTO DE PAIVA JUNIOR;Resultados da classificação.pdf
DA1NHBQ015-22SA;TÉCNICAS ANALÍTICAS DE SEPARAÇÃO;SA;"Teoria: quarta das 10:00 às 12:00, semanal | Prática: segunda das 08:00 às 10:00, quinzenal II; segunda das 10:00 às 12:00, semanal";ALEXANDRE ZATKOVSKIS CARVALHO;ALEXANDRE ZATKOVSKIS CARVALHO;Resultados da classificação.pdf
DA1ESTM002-17SA;TÓPICOS EXPERIMENTAIS EM MATERIAIS I;SA;"Prática: terça das 08:00 às 10:00, semanal; terça das 10:00 às 12:00, semanal";ALEXANDRE JOSE DE CASTRO LANFREDI;ALEXANDRE JOSE DE CASTRO LANFREDI;Resultados da classificação.pdf
DA1NHBB002-23SA;ZOOLOGIA DE ECDYSOZOA;SA;Teoria: segunda das 10:00 às 12:00, semanal | Prática: quinta das 08:00 às 12:00, semanal;ALBERTO JOSE ARAB OLAVARRIETA;ALBERTO JOSE ARAB OLAVARRIETA;Resultados da classificação.pdf
DA1NHBB001-23SA;ZOOLOGIA: ORIGEM E DIVERSIFICAÇÃO DE METAZOA;SA;Teoria: terça das 14:00 às 16:00, semanal | Prática: quinta das 14:00 às 18:00, semanal;IVES HAIFIG;IVES HAIFIG;Resultados da classificação.pdf
DA1MCTB001-17SA;ÁLGEBRA LINEAR;SA;"Teoria: terça das 08:00 às 10:00, semanal; quinta das 10:00 às 12:00, semanal; sexta das 08:00 às 10:00, semanal";MARIANA RODRIGUES DA SILVEIRA;-;Resultados da classificação.pdf
DA2MCTB001-17SA;ÁLGEBRA LINEAR;SA;"Teoria: quinta das 10:00 às 12:00, semanal; sexta das 08:00 às 10:00, semanal; terça das 08:00 às 10:00, semanal";DAHISY VALADAO DE SOUZA LIMA;-;Resultados da classificação.pdf
DB1MCTB001-17SA;ÁLGEBRA LINEAR;SA;"Teoria: terça das 10:00 às 12:00, semanal; quarta das 08:00 às 10:00, semanal; sexta das 10:00 às 12:00, semanal";MARIANA RODRIGUES DA SILVEIRA;-;Resultados da classificação.pdf
DA1LLT0006-25SA;ESTÁGIO DE OBSERVAÇÃO EM CRECHES, PRÉ-ESCOLAS E ESCOLAS DE ENSINO FUNDAMENTAL - ANOS INICIAIS;SA;Prática: quinta das 10:00 às 12:00, semanal;-;SIMONE DO NASCIMENTO NOGUEIRA, EVONIR ALBRECHT;Resultados da classificação.pdf
DB1LLT0006-25SA;ESTÁGIO DE OBSERVAÇÃO EM CRECHES, PRÉ-ESCOLAS E ESCOLAS DE ENSINO FUNDAMENTAL - ANOS INICIAIS;SA;Prática: quinta das 08:00 às 10:00, semanal;-;ALINE DE OLIVEIRA ROSA, EVONIR ALBRECHT;Resultados da classificação.pdf
DA1LCT1001-19SA;ESTÁGIO I NO ENSINO FUNDAMENTAL;SA;Teoria: sexta das 08:00 às 10:00, semanal;-;GLAUCIA FORNAZARI MAXIMIANO;Resultados da classificação.pdf
DA2LCT1001-19SA;ESTÁGIO I NO ENSINO FUNDAMENTAL;SA;Prática: sexta das 08:00 às 10:00, semanal;-;JULIANA FRANCA VIOL PAULIN;Resultados da classificação.pdf
DA3LCT1001-19SA;ESTÁGIO I NO ENSINO FUNDAMENTAL Turma Cancelada;SA;Teoria: sexta das 08:00 às 10:00, semanal;-;KELLY CRISTIANE IAROSZ;Resultados da classificação.pdf
DB1LCT1001-19SA;ESTÁGIO I NO ENSINO FUNDAMENTAL;SA;Prática: segunda das 10:00 às 12:00, semanal;-;REGINA HELENA DE OLIVEIRA LINO FRANCHI;Resultados da classificação.pdf
DA1NHLQ004-22SA;ESTÁGIO I NO ENSINO MÉDIO (QUÍMICA);SA;Prática: quarta das 10:00 às 12:00, semanal;-;ROBSON MACEDO NOVAIS;Resultados da classificação.pdf
DA1MCLM004-23SA;ESTÁGIO I NO ENSINO MÉDIO EM MATEMÁTICA;SA;Prática: quinta das 10:00 às 12:00, semanal;-;VIVILI MARIA SILVA GOMES;Resultados da classificação.pdf
DA1LCT1002-19SA;ESTÁGIO II NO ENSINO FUNDAMENTAL Turma Cancelada;SA;Prática: terça das 10:00 às 12:00, semanal;-;KELLY CRISTIANE IAROSZ;Resultados da classificação.pdf
DB1LCT1002-19SA;ESTÁGIO II NO ENSINO FUNDAMENTAL;SA;Prática: quarta das 08:00 às 10:00, semanal;-;DANUSA MUNFORD;Resultados da classificação.pdf
DC1LCT1002-19SA;ESTÁGIO II NO ENSINO FUNDAMENTAL Turma Cancelada;SA;Teoria: sexta das 08:00 às 10:00, semanal;-;RAFAELA VALERO DA SILVA;Resultados da classificação.pdf
DD1LCT1002-19SA;ESTÁGIO II NO ENSINO FUNDAMENTAL;SA;Prática: sexta das 08:00 às 10:00, semanal;-;PATRICIA DA SILVA SESSA;Resultados da classificação.pdf
DE1LCT1002-19SA;ESTÁGIO II NO ENSINO FUNDAMENTAL;SA;Prática: terça das 10:00 às 12:00, semanal;-;EVONIR ALBRECHT;Resultados da classificação.pdf
DA1NHT1020-13SA;ESTÁGIO SUPERVISIONADO EM BIOLOGIA I (NÍVEL MÉDIO);SA;Teoria: quarta das 10:00 às 12:00, semanal;-;PATRICIA DA SILVA SESSA;Resultados da classificação.pdf
DA1NHZ6014-18SA;TRABALHO DE CONCLUSÃO DE CURSO DE BIOTECNOLOGIA;SA;Teoria: quinta das 10:00 às 12:00, semanal;DANIELA REMONATTO;-;Resultados da classificação.pdf
DA1NHT3089-15SA;TRABALHO DE CONCLUSÃO DE CURSO EM FÍSICA;SA;Teoria: quarta das 16:00 às 18:00, semanal;ANDRE GUSTAVO SCAGLIUSI LANDULFO;-;Resultados da classificação.pdf
NA1MCCC003-23SA;ALGORITMOS EM GRAFOS;SA;"Teoria: terça das 19:00 às 21:00, semanal; quinta das 21:00 às 23:00, semanal";ALEXANDRE NOMA;-;Resultados da classificação_.pdf
NA1MCZA035-17SA;ALGORITMOS PROBABILÍSTICOS;SA;"Teoria: quarta das 19:00 às 21:00, semanal; sexta das 21:00 às 23:00, semanal";ARITANAN BORGES GARCIA GRUBER;-;Resultados da classificação_.pdf
NA1NHT3067-15SA;ANÁLISE DE FOURIER E APLICAÇÕES;SA;"Teoria: segunda das 19:00 às 21:00, semanal; quarta das 21:00 às 23:00, semanal";ROOSEVELT DROPPA JUNIOR;-;Resultados da classificação_.pdf
NA1ESTU024-17SA;ANÁLISE DE SISTEMAS E MODELAGEM AMBIENTAL;SA;Prática: terça das 18:00 às 21:00, semanal;ANDREA DE OLIVEIRA CARDOSO;ANDREA DE OLIVEIRA CARDOSO;Resultados da classificação_.pdf
NB1ESTU024-17SA;ANÁLISE DE SISTEMAS E MODELAGEM AMBIENTAL;SA;Prática: sexta das 18:00 às 21:00, semanal;ANDREA DE OLIVEIRA CARDOSO;ANDREA DE OLIVEIRA CARDOSO;Resultados da classificação_.pdf
NA1MCTB004-17SA;ANÁLISE NO RN I;SA;"Teoria: terça das 21:00 às 23:00, semanal; sexta das 19:00 às 21:00, semanal";RODRIGO FRESNEDA;-;Resultados da classificação_.pdf
NA1MCBM003-23SA;APROXIMAÇÃO TEÓRICA E NUMÉRICA I;SA;"Teoria: segunda das 21:00 às 23:00, semanal; quinta das 19:00 às 21:00, semanal";ANDRE PIERRO DE CAMARGO;-;Resultados da classificação_.pdf
NA1ESZE097-17SA;ARMAZENAMENTO DE ENERGIA ELÉTRICA;SA;"Teoria: segunda das 19:00 às 21:00, semanal; quarta das 21:00 às 23:00, semanal";FEDERICO BERNARDINO MORANTE TRIGOSO;-;Resultados da classificação_.pdf
NA1MCTA004-17SA;ARQUITETURA DE COMPUTADORES;SA;"Teoria: terça das 21:00 às 23:00, semanal; sexta das 19:00 às 21:00, semanal";GUIOU KOBAYASHI;-;Resultados da classificação_.pdf
NA1ESTA011-17SA;AUTOMAÇÃO DE SISTEMAS INDUSTRIAIS;SA;Teoria: sexta das 21:00 às 23:00, semanal | Prática: quarta das 19:00 às 21:00, semanal;JESUS FRANKLIN ANDRADE ROMERO;JESUS FRANKLIN ANDRADE ROMERO;Resultados da classificação_.pdf
NA1BIS0005-15SA;BASES COMPUTACIONAIS DA CIÊNCIA;SA;Prática: segunda das 19:00 às 21:00, semanal;-;GORDANA MANIC;Resultados da classificação_.pdf
NA2BIS0005-15SA;BASES COMPUTACIONAIS DA CIÊNCIA;SA;Prática: segunda das 19:00 às 21:00, semanal;-;THIAGO DONIZETTI DOS SANTOS;Resultados da classificação_.pdf
NA3BIS0005-15SA;BASES COMPUTACIONAIS DA CIÊNCIA;SA;Prática: segunda das 19:00 às 21:00, semanal;-;FRANCISCO JAVIER ROPERO PELAEZ;Resultados da classificação_.pdf
NA1BIR0004-15SA;BASES EPISTEMOLÓGICAS DA CIÊNCIA MODERNA;SA;"Teoria: segunda das 19:00 às 21:00, semanal; quarta das 21:00 às 23:00, quinzenal II";PAULO JONAS DE LIMA PIVA;-;Resultados da classificação_.pdf
NB1BIR0004-15SA;BASES EPISTEMOLÓGICAS DA CIÊNCIA MODERNA;SA;"Teoria: segunda das 21:00 às 23:00, semanal; quarta das 19:00 às 21:00, quinzenal II";PAULO JONAS DE LIMA PIVA;-;Resultados da classificação_.pdf
NB2BIR0004-15SA;BASES EPISTEMOLÓGICAS DA CIÊNCIA MODERNA;SA;"Teoria: segunda das 21:00 às 23:00, semanal; quarta das 19:00 às 21:00, quinzenal II";0A DEFINIR DOCENTE;-;Resultados da classificação_.pdf
NA1BIS0003-15SA;BASES MATEMÁTICAS;SA;"Teoria: terça das 19:00 às 21:00, semanal; quinta das 21:00 às 23:00, semanal";RODRIGO FRESNEDA;-;Resultados da classificação_.pdf
NA2BIS0003-15SA;BASES MATEMÁTICAS;SA;"Teoria: terça das 19:00 às 21:00, semanal; quinta das 21:00 às 23:00, semanal";HENGAMEH RAEISIDEHKORDI;-;Resultados da classificação_.pdf
NB1BIS0003-15SA;BASES MATEMÁTICAS;SA;"Teoria: terça das 21:00 às 23:00, semanal; quinta das 19:00 às 21:00, semanal";HENGAMEH RAEISIDEHKORDI;-;Resultados da classificação_.pdf
NA1BCL0306-15SA;BIODIVERSIDADE: INTERAÇÕES ENTRE ORGANISMOS E AMBIENTE;SA;"Teoria: terça das 19:00 às 21:00, quinzenal I; quinta das 21:00 às 23:00, semanal";SIMONE RODRIGUES DE FREITAS;-;Resultados da classificação_.pdf
NA2BCL0306-15SA;BIODIVERSIDADE: INTERAÇÕES ENTRE ORGANISMOS E AMBIENTE;SA;"Teoria: terça das 19:00 às 21:00, quinzenal I; quinta das 21:00 às 23:00, semanal";ANDRE ETEROVIC;-;Resultados da classificação_.pdf
NA3BCL0306-15SA;BIODIVERSIDADE: INTERAÇÕES ENTRE ORGANISMOS E AMBIENTE;SA;"Teoria: quinta das 21:00 às 23:00, semanal; terça das 19:00 às 21:00, quinzenal I";IVES HAIFIG;-;Resultados da classificação_.pdf
NB1BCL0306-15SA;BIODIVERSIDADE: INTERAÇÕES ENTRE ORGANISMOS E AMBIENTE;SA;"Teoria: terça das 21:00 às 23:00, quinzenal I; quinta das 19:00 às 21:00, semanal";IVANA TRAMONTINA ROTTA;-;Resultados da classificação_.pdf
NB2BCL0306-15SA;BIODIVERSIDADE: INTERAÇÕES ENTRE ORGANISMOS E AMBIENTE;SA;"Teoria: terça das 21:00 às 23:00, quinzenal I; quinta das 19:00 às 21:00, semanal";SIMONE RODRIGUES DE FREITAS;-;Resultados da classificação_.pdf
NB3BCL0306-15SA;BIODIVERSIDADE: INTERAÇÕES ENTRE ORGANISMOS E AMBIENTE;SA;"Teoria: terça das 21:00 às 23:00, quinzenal I; quinta das 19:00 às 21:00, semanal";ANDRE ETEROVIC;-;Resultados da classificação_.pdf
NB4BCL0306-15SA;BIODIVERSIDADE: INTERAÇÕES ENTRE ORGANISMOS E AMBIENTE;SA;"Teoria: terça das 21:00 às 23:00, quinzenal I; quinta das 19:00 às 21:00, semanal";IVES HAIFIG;-;Resultados da classificação_.pdf
NA1NHT1053-15SA;BIOLOGIA CELULAR;SA;"Teoria: terça das 19:00 às 21:00, semanal; sexta das 21:00 às 23:00, semanal | Prática: terça das 21:00 às 23:00, semanal";JIRI BORECKY;JIRI BORECKY;Resultados da classificação_.pdf
NA2NHT1053-15SA;BIOLOGIA CELULAR;SA;"Teoria: terça das 19:00 às 21:00, semanal; sexta das 21:00 às 23:00, semanal | Prática: terça das 21:00 às 23:00, semanal";JIRI BORECKY;FERNANDA NASCIMENTO ALMEIDA;Resultados da classificação_.pdf
NA1NHBT001-23SA;BIOLOGIA SINTÉTICA;SA;Teoria: quinta das 21:00 às 23:00, semanal | Prática: terça das 19:00 às 21:00, semanal;MILCA RACHEL DA COSTA RIBEIRO LINS;MILCA RACHEL DA COSTA RIBEIRO LINS;Resultados da classificação_.pdf
NA1ESTU023-17SA;BIOMAS BRASILEIROS;SA;"Teoria: quarta das 19:00 às 21:00, semanal; sábado das 10:00 às 12:00, quinzenal I";LEANDRO REVERBERI TAMBOSI;MERCIA REGINA DOMINGUES;Resultados da classificação_.pdf
NA1BCL0308-15SA;BIOQUÍMICA: ESTRUTURA, PROPRIEDADES E FUNÇÕES DE BIOMOLÉCULAS;SA;"Teoria: segunda das 21:00 às 23:00, quinzenal I; sexta das 21:00 às 23:00, semanal | Prática: quarta das 19:00 às 21:00, semanal";ISELI LOURENCO NANTES;ISELI LOURENCO NANTES;Resultados da classificação_.pdf
NA2BCL0308-15SA;BIOQUÍMICA: ESTRUTURA, PROPRIEDADES E FUNÇÕES DE BIOMOLÉCULAS;SA;"Teoria: segunda das 21:00 às 23:00, quinzenal I; sexta das 21:00 às 23:00, semanal | Prática: quarta das 19:00 às 21:00, semanal";ISELI LOURENCO NANTES;WAGNER RODRIGO DE SOUZA;Resultados da classificação_.pdf
NA3BCL0308-15SA;BIOQUÍMICA: ESTRUTURA, PROPRIEDADES E FUNÇÕES DE BIOMOLÉCULAS;SA;"Teoria: segunda das 21:00 às 23:00, quinzenal I; sexta das 21:00 às 23:00, semanal | Prática: quarta das 19:00 às 21:00, semanal";ISELI LOURENCO NANTES;MAURO COELHO DOS SANTOS;Resultados da classificação_.pdf
NA4BCL0308-15SA;BIOQUÍMICA: ESTRUTURA, PROPRIEDADES E FUNÇÕES DE BIOMOLÉCULAS;SA;"Teoria: segunda das 21:00 às 23:00, quinzenal I; sexta das 21:00 às 23:00, semanal | Prática: quarta das 19:00 às 21:00, semanal";LUCIANO PUZER;BRUNO LEMOS BATISTA;Resultados da classificação_.pdf
NA5BCL0308-15SA;BIOQUÍMICA: ESTRUTURA, PROPRIEDADES E FUNÇÕES DE BIOMOLÉCULAS;SA;"Teoria: segunda das 21:00 às 23:00, quinzenal I; sexta das 21:00 às 23:00, semanal | Prática: quarta das 19:00 às 21:00, semanal";LUCIANO PUZER;FERNANDO CARLOS GIACOMELLI;Resultados da classificação_.pdf
NA6BCL0308-15SA;BIOQUÍMICA: ESTRUTURA, PROPRIEDADES E FUNÇÕES DE BIOMOLÉCULAS;SA;"Teoria: sexta das 21:00 às 23:00, semanal; segunda das 21:00 às 23:00, quinzenal I | Prática: quarta das 19:00 às 21:00, semanal";LUCIANO PUZER;IVANA TRAMONTINA ROTTA;Resultados da classificação_.pdf
NB1BCL0308-15SA;BIOQUÍMICA: ESTRUTURA, PROPRIEDADES E FUNÇÕES DE BIOMOLÉCULAS;SA;"Teoria: segunda das 19:00 às 21:00, quinzenal I; sexta das 19:00 às 21:00, semanal | Prática: quarta das 21:00 às 23:00, semanal";ISELI LOURENCO NANTES;ISELI LOURENCO NANTES;Resultados da classificação_.pdf
NB2BCL0308-15SA;BIOQUÍMICA: ESTRUTURA, PROPRIEDADES E FUNÇÕES DE BIOMOLÉCULAS;SA;"Teoria: segunda das 19:00 às 21:00, quinzenal I; sexta das 19:00 às 21:00, semanal | Prática: quarta das 21:00 às 23:00, semanal";ISELI LOURENCO NANTES;WAGNER RODRIGO DE SOUZA;Resultados da classificação_.pdf
NB3BCL0308-15SA;BIOQUÍMICA: ESTRUTURA, PROPRIEDADES E FUNÇÕES DE BIOMOLÉCULAS;SA;"Teoria: segunda das 19:00 às 21:00, quinzenal I; sexta das 19:00 às 21:00, semanal | Prática: quarta das 21:00 às 23:00, semanal";ISELI LOURENCO NANTES;MAURO COELHO DOS SANTOS;Resultados da classificação_.pdf
NB4BCL0308-15SA;BIOQUÍMICA: ESTRUTURA, PROPRIEDADES E FUNÇÕES DE BIOMOLÉCULAS;SA;"Teoria: segunda das 19:00 às 21:00, quinzenal I; sexta das 19:00 às 21:00, semanal | Prática: quarta das 21:00 às 23:00, semanal";LUCIANO PUZER;MARCIA APARECIDA DA SILVA SPINACE;Resultados da classificação_.pdf
NB5BCL0308-15SA;BIOQUÍMICA: ESTRUTURA, PROPRIEDADES E FUNÇÕES DE BIOMOLÉCULAS;SA;"Teoria: sexta das 19:00 às 21:00, semanal; segunda das 19:00 às 21:00, quinzenal I | Prática: quarta das 21:00 às 23:00, semanal";LUCIANO PUZER;FERNANDO CARLOS GIACOMELLI;Resultados da classificação_.pdf
NB6BCL0308-15SA;BIOQUÍMICA: ESTRUTURA, PROPRIEDADES E FUNÇÕES DE BIOMOLÉCULAS;SA;"Teoria: segunda das 19:00 às 21:00, quinzenal I; sexta das 19:00 às 21:00, semanal | Prática: quarta das 21:00 às 23:00, semanal";LUCIANO PUZER;IVANA TRAMONTINA ROTTA;Resultados da classificação_.pdf
NC1BCL0308-15SA;BIOQUÍMICA: ESTRUTURA, PROPRIEDADES E FUNÇÕES DE BIOMOLÉCULAS;SA;"Teoria: segunda das 21:00 às 23:00, quinzenal I; quarta das 19:00 às 21:00, semanal | Prática: sexta das 21:00 às 23:00, semanal";ELOAH RABELLO SUAREZ;VINICIUS DE ANDRADE OLIVEIRA;Resultados da classificação_.pdf
NC2BCL0308-15SA;BIOQUÍMICA: ESTRUTURA, PROPRIEDADES E FUNÇÕES DE BIOMOLÉCULAS;SA;"Teoria: segunda das 21:00 às 23:00, quinzenal I; quarta das 19:00 às 21:00, semanal | Prática: sexta das 21:00 às 23:00, semanal";ELOAH RABELLO SUAREZ;WENDEL ANDRADE ALVES;Resultados da classificação_.pdf
NA1NHZ6011-18SA;BIOTECNOLOGIA HUMANA;SA;Teoria: terça das 21:00 às 23:00, semanal | Prática: terça das 19:00 às 21:00, semanal;ANA CLAUDIA OLIVEIRA CARREIRA NISHIYAMA;ANA CLAUDIA OLIVEIRA CARREIRA NISHIYAMA;Resultados da classificação_.pdf
NA1ESTU026-17SA;CARACTERIZAÇÃO DE MATRIZES AMBIENTAIS;SA;Prática: terça das 18:00 às 21:00, semanal;MERCIA REGINA DOMINGUES;MERCIA REGINA DOMINGUES;Resultados da classificação_.pdf
NA2ESTU026-17SA;CARACTERIZAÇÃO DE MATRIZES AMBIENTAIS;SA;Prática: terça das 18:00 às 21:00, semanal;LUCIA HELENA GOMES COELHO;LUCIA HELENA GOMES COELHO;Resultados da classificação_.pdf
NA1ESAU010-23SA;CARTOGRAFIA E GEOPROCESSAMENTO;SA;Prática: quinta das 19:00 às 23:00, semanal;VICTOR FERNANDEZ NASCIMENTO;VICTOR FERNANDEZ NASCIMENTO;Resultados da classificação_.pdf
NA1MCTA006-17SA;CIRCUITOS DIGITAIS;SA;"Teoria: segunda das 19:00 às 21:00, semanal; quarta das 21:00 às 23:00, quinzenal II | Prática: quarta das 21:00 às 23:00, quinzenal I";FABIOLA MARTINS CAMPOS DE OLIVEIRA GENARI;FABIOLA MARTINS CAMPOS DE OLIVEIRA GENARI;Resultados da classificação_.pdf
NA2MCTA006-17SA;CIRCUITOS DIGITAIS;SA;"Teoria: quarta das 21:00 às 23:00, quinzenal II; segunda das 19:00 às 21:00, semanal | Prática: quarta das 19:00 às 21:00, quinzenal I";FABIOLA MARTINS CAMPOS DE OLIVEIRA GENARI;FABIOLA MARTINS CAMPOS DE OLIVEIRA GENARI;Resultados da classificação_.pdf
NA1ESTO001-17SA;CIRCUITOS ELÉTRICOS E FOTÔNICA;SA;"Teoria: terça das 19:00 às 21:00, quinzenal I; quinta das 21:00 às 23:00, semanal | Prática: terça das 19:00 às 21:00, quinzenal II";THAIS HELENA SAMED E SOUSA;THAIS HELENA SAMED E SOUSA;Resultados da classificação_.pdf
NA2ESTO001-17SA;CIRCUITOS ELÉTRICOS E FOTÔNICA;SA;"Teoria: terça das 19:00 às 21:00, quinzenal I; quinta das 21:00 às 23:00, semanal | Prática: terça das 21:00 às 23:00, quinzenal II";THAIS HELENA SAMED E SOUSA;THAIS HELENA SAMED E SOUSA;Resultados da classificação_.pdf
NA1ESTA002-17SA;CIRCUITOS ELÉTRICOS I;SA;"Teoria: quarta das 18:00 às 21:00, quinzenal I; sexta das 21:00 às 23:00, semanal | Prática: quarta das 18:00 às 21:00, quinzenal II";CARLOS EDUARDO CAPOVILLA;CARLOS EDUARDO CAPOVILLA;Resultados da classificação_.pdf
NA2ESTA002-17SA;CIRCUITOS ELÉTRICOS I;SA;"Teoria: quarta das 18:00 às 21:00, quinzenal I; sexta das 21:00 às 23:00, semanal | Prática: quarta das 18:00 às 21:00, quinzenal II";CARLOS EDUARDO CAPOVILLA;RODRIGO REINA MUNOZ;Resultados da classificação_.pdf
NA3ESTA002-17SA;CIRCUITOS ELÉTRICOS I;SA;"Teoria: quarta das 18:00 às 21:00, quinzenal II; sexta das 21:00 às 23:00, semanal | Prática: quarta das 18:00 às 21:00, quinzenal I";ALFEU JOAOZINHO SGUAREZI FILHO;ALFEU JOAOZINHO SGUAREZI FILHO;Resultados da classificação_.pdf
NB1ESTA002-17SA;CIRCUITOS ELÉTRICOS I;SA;"Teoria: terça das 18:00 às 21:00, semanal; quinta das 21:00 às 23:00, quinzenal I | Prática: quinta das 21:00 às 23:00, quinzenal II";CAIO IGOR GONCALVES CHINELATO;CAIO IGOR GONCALVES CHINELATO;Resultados da classificação_.pdf
NA1ESTM004-17SA;CIÊNCIA DOS MATERIAIS;SA;"Teoria: segunda das 21:00 às 23:00, semanal; quinta das 19:00 às 21:00, semanal";CARLOS TRIVENO RIOS;-;Resultados da classificação_.pdf
NA1BIR0603-15SA;CIÊNCIA, TECNOLOGIA E SOCIEDADE;SA;"Teoria: segunda das 19:00 às 21:00, semanal; quarta das 21:00 às 23:00, quinzenal II";MARIA GABRIELA SILVA MARTINS CUNHA MARINHO;-;Resultados da classificação_.pdf
NB1BIR0603-15SA;CIÊNCIA, TECNOLOGIA E SOCIEDADE;SA;"Teoria: segunda das 21:00 às 23:00, semanal; quarta das 19:00 às 21:00, quinzenal II";MARIA GABRIELA SILVA MARTINS CUNHA MARINHO;-;Resultados da classificação_.pdf
NA1ESIF001-23SA;CODIFICAÇÃO DE SINAIS MULTIMÍDIA;SA;Teoria: segunda das 21:00 às 23:00, semanal | Prática: quinta das 19:00 às 21:00, semanal;CELSO SETSUO KURASHIMA;CELSO SETSUO KURASHIMA;Resultados da classificação_.pdf
NA2ESIF001-23SA;CODIFICAÇÃO DE SINAIS MULTIMÍDIA;SA;Teoria: segunda das 21:00 às 23:00, semanal | Prática: quinta das 21:00 às 23:00, semanal;CELSO SETSUO KURASHIMA;CELSO SETSUO KURASHIMA;Resultados da classificação_.pdf
NA1MCCC007-23SA;COMPUTAÇÃO GRÁFICA;SA;"Prática: quarta das 19:00 às 21:00, semanal; sexta das 21:00 às 23:00, semanal";-;MARIO ALEXANDRE GAZZIRO;Resultados da classificação_.pdf
NB1MCCC007-23SA;COMPUTAÇÃO GRÁFICA;SA;"Prática: quarta das 21:00 às 23:00, semanal; sexta das 19:00 às 21:00, semanal";-;MARIO ALEXANDRE GAZZIRO;Resultados da classificação_.pdf
NA1ESTI007-17SA;COMUNICAÇÃO DIGITAL;SA;"Teoria: quarta das 19:00 às 21:00, quinzenal II; sexta das 21:00 às 23:00, semanal | Prática: quarta das 19:00 às 21:00, quinzenal I";IVAN ROBERTO SANTANA CASELLA;IVAN ROBERTO SANTANA CASELLA;Resultados da classificação_.pdf
NB1ESTI007-17SA;COMUNICAÇÃO DIGITAL;SA;"Teoria: quarta das 19:00 às 21:00, quinzenal I; sexta das 21:00 às 23:00, semanal | Prática: quarta das 19:00 às 21:00, quinzenal II";PEDRO IVO DA CRUZ;PEDRO IVO DA CRUZ;Resultados da classificação_.pdf
NA1BCM0506-15SA;COMUNICAÇÃO E REDES;SA;"Teoria: quarta das 21:00 às 23:00, quinzenal I; segunda das 19:00 às 21:00, semanal";JESUS PASCUAL MENA CHALCO;-;Resultados da classificação_.pdf
NA1ESZA007-17SA;CONFIABILIDADE DE COMPONENTES E SISTEMAS;SA;Teoria: segunda das 18:00 às 21:00, semanal;PEDRO SERGIO PEREIRA LIMA;-;Resultados da classificação_.pdf
NA1LLE0001-25SA;CURRÍCULO, CONHECIMENTO E CULTURAS NAS/PARA AS INFÂNCIAS;SA;"Teoria: segunda das 19:00 às 21:00, semanal; quarta das 21:00 às 23:00, semanal";ELISA VIEIRA;-;Resultados da classificação_.pdf
NA1MCTB008-17SA;CÁLCULO DE PROBABILIDADE;SA;"Teoria: terça das 19:00 às 21:00, semanal; quinta das 21:00 às 23:00, semanal";ERIKA ALEJANDRA RADA MORA;-;Resultados da classificação_.pdf
NA2MCTB009-17SA;CÁLCULO NUMÉRICO;SA;"Teoria: terça das 19:00 às 21:00, semanal; quinta das 21:00 às 23:00, semanal";OLEXANDR ZHYDENKO;-;Resultados da classificação_.pdf
NA1NHZ3002-15SA;DINÂMICA NÃO LINEAR E CAOS;SA;"Teoria: terça das 21:00 às 23:00, semanal; sexta das 19:00 às 21:00, semanal";ULISSES LAKATOS DE MELLO;-;Resultados da classificação_.pdf
NA1NHZ3043-15SA;NOÇÕES DE ASTRONOMIA E COSMOLOGIA;SA;"Teoria: segunda das 19:00 às 21:00, semanal; quarta das 21:00 às 23:00, semanal";PIETER WILLEM WESTERA;-;Resultados da classificação_.pdf
NA1ESTA001-17SA;DISPOSITIVOS ELETRÔNICOS;SA;Teoria: terça das 18:00 às 21:00, semanal | Prática: sexta das 21:00 às 23:00, semanal;SEGUNDO NILO MESTANZA MUNOZ;SEGUNDO NILO MESTANZA MUNOZ;Resultados da classificação_.pdf
NA1ESZU025-17SA;EDUCAÇÃO AMBIENTAL;SA;"Teoria: segunda das 21:00 às 23:00, semanal; quinta das 19:00 às 21:00, semanal";LORENA OLIVEIRA DE SOUSA;LORENA OLIVEIRA DE SOUSA;Resultados da classificação_.pdf
NA1NHT5004-15SA;EDUCAÇÃO CIENTÍFICA, SOCIEDADE E CULTURA;SA;"Teoria: terça das 19:00 às 21:00, semanal; quinta das 21:00 às 23:00, semanal";RAFAELA VALERO DA SILVA;-;Resultados da classificação_.pdf
NA1ESZE110-17SA;ELETRIFICAÇÃO RURAL COM RECURSOS ENERGÉTICOS RENOVÁVEIS;SA;"Teoria: quinta das 19:00 às 21:00, semanal; segunda das 21:00 às 23:00, semanal";FEDERICO BERNARDINO MORANTE TRIGOSO;-;Resultados da classificação_.pdf
NA1NHBQ002-22SA;ELETROANALÍTICA E INSTRUMENTAÇÃO EM QUÍMICA;SA;"Teoria: terça das 19:00 às 21:00, semanal | Prática: quinta das 19:00 às 21:00, semanal; quinta das 21:00 às 23:00, quinzenal I";MONICA BENICIA MAMIAN LOPEZ;MONICA BENICIA MAMIAN LOPEZ;Resultados da classificação_.pdf
NA1NHT3071-15SA;ELETROMAGNETISMO II;SA;"Teoria: terça das 21:00 às 23:00, semanal; sexta das 19:00 às 21:00, semanal";JOSE KENICHI MIZUKOSHI;-;Resultados da classificação_.pdf
NA1ESTI002-17SA;ELETRÔNICA DIGITAL;SA;"Teoria: segunda das 19:00 às 21:00, semanal; terça das 21:00 às 23:00, semanal | Prática: sexta das 19:00 às 21:00, semanal";FILIPE IEDA FAZANARO;FILIPE IEDA FAZANARO;Resultados da classificação_.pdf
NA1NHZ6012-18SA;EMPREENDEDORISMO E PLANEJAMENTO DE PROJETOS EM BIOTECNOLOGIA;SA;"Teoria: terça das 21:00 às 23:00, semanal; sexta das 19:00 às 21:00, semanal";MONICA HELENA MONTEIRO DO NASCIMENTO;-;Resultados da classificação_.pdf
NA1ESZE104-17SA;ENERGIA GEOTÉRMICA;SA;Teoria: quarta das 19:00 às 21:00, semanal;MAURICIO GUERREIRO MARTINHO DOS SANTOS;-;Resultados da classificação_.pdf
NA1ESZM038-17SA;ENGENHARIA DE CERÂMICAS;SA;"Teoria: terça das 19:00 às 21:00, semanal; quinta das 21:00 às 23:00, semanal";HUMBERTO NAOYUKI YOSHIMURA;HUMBERTO NAOYUKI YOSHIMURA;Resultados da classificação_.pdf
NA1ESZM024-17SA;ENGENHARIA DE METAIS;SA;"Teoria: terça das 19:00 às 21:00, semanal; quinta das 21:00 às 23:00, quinzenal I | Prática: quinta das 21:00 às 23:00, quinzenal II";SYDNEY FERREIRA SANTOS;SYDNEY FERREIRA SANTOS;Resultados da classificação_.pdf
NA1ESTO013-17SA;ENGENHARIA ECONÔMICA;SA;"Teoria: segunda das 21:00 às 23:00, semanal; quinta das 19:00 às 21:00, semanal";THADEU ALFREDO FARIAS SILVA;-;Resultados da classificação_.pdf
NB1ESTO013-17SA;ENGENHARIA ECONÔMICA;SA;"Teoria: segunda das 19:00 às 21:00, semanal; quarta das 21:00 às 23:00, semanal";JORGE TOMIOKA;-;Resultados da classificação_.pdf
NC1ESTO013-17SA;ENGENHARIA ECONÔMICA;SA;"Teoria: terça das 19:00 às 21:00, semanal; quinta das 21:00 às 23:00, semanal";PAULO HENRIQUE DE MELLO SANT ANA;-;Resultados da classificação_.pdf
NA1ESTE035-17SA;ENGENHARIA EÓLICA;SA;"Teoria: segunda das 21:00 às 23:00, semanal; quinta das 19:00 às 21:00, semanal";JOAO VICENTE AKWA, ADEMIR PELIZARI;-;Resultados da classificação_.pdf
NA1ESTE028-17SA;ENGENHARIA NUCLEAR;SA;"Teoria: segunda das 19:00 às 21:00, semanal; quarta das 21:00 às 23:00, semanal";PEDRO HENRIQUE SILVA RODRIGUES;-;Resultados da classificação_.pdf
NA1ESZA018-17SA;ENGENHARIA ÓPTICA E IMAGENS;SA;"Teoria: segunda das 19:00 às 21:00, semanal; quarta das 21:00 às 23:00, quinzenal I | Prática: quarta das 21:00 às 23:00, quinzenal II";AGNALDO APARECIDO FRESCHI, FULVIO ANDRES CALLEGARI;AGNALDO APARECIDO FRESCHI, FULVIO ANDRES CALLEGARI;Resultados da classificação_.pdf
NA1MCTB011-17SA;EQUAÇÕES DIFERENCIAIS ORDINÁRIAS;SA;"Teoria: segunda das 21:00 às 23:00, semanal; quinta das 19:00 às 21:00, semanal";ALFREDO MANUEL JARA GRADOS;-;Resultados da classificação_.pdf
NA1NHT4007-15SA;ESPECTROSCOPIA;SA;"Teoria: segunda das 19:00 às 21:00, semanal; quarta das 19:00 às 21:00, semanal | Prática: quarta das 21:00 às 23:00, semanal";GUSTAVO MORARI DO NASCIMENTO;GUSTAVO MORARI DO NASCIMENTO;Resultados da classificação_.pdf
NA1BIK0102-15SA;ESTRUTURA DA MATÉRIA;SA;"Teoria: terça das 19:00 às 21:00, semanal; sexta das 21:00 às 23:00, quinzenal I";JOSE CARLOS RODRIGUES SILVA;-;Resultados da classificação_.pdf
NA1BIQ0602-15SA;ESTRUTURA E DINÂMICA SOCIAL;SA;"Teoria: segunda das 19:00 às 21:00, semanal; quarta das 21:00 às 23:00, quinzenal II";ROBERTO RESENDE SIMIQUELI;-;Resultados da classificação_.pdf
NB1BIQ0602-15SA;ESTRUTURA E DINÂMICA SOCIAL;SA;"Teoria: segunda das 21:00 às 23:00, semanal; quarta das 19:00 às 21:00, quinzenal II";ROBERTO RESENDE SIMIQUELI;-;Resultados da classificação_.pdf
NA1MCZB035-17SA;EVOLUÇÃO DOS CONCEITOS MATEMÁTICOS;SA;"Teoria: segunda das 21:00 às 23:00, semanal; quinta das 19:00 às 21:00, semanal";VIRGINIA CARDIA CARDOSO;-;Resultados da classificação_.pdf
NA1NHT1068-15SA;EVOLUÇÃO E DIVERSIDADE DE PLANTAS II;SA;Teoria: sexta das 21:00 às 23:00, semanal | Prática: terça das 19:00 às 23:00, semanal;EDLLEY MAX PESSOA DA SILVA;EDLLEY MAX PESSOA DA SILVA;Resultados da classificação_.pdf
NA1BIL0304-15SA;EVOLUÇÃO E DIVERSIFICAÇÃO DA VIDA NA TERRA;SA;"Teoria: sexta das 19:00 às 21:00, quinzenal I; terça das 21:00 às 23:00, semanal";ANTONIO SERGIO KIMUS BRAZ;-;Resultados da classificação_.pdf
NA1NHZ1027-15SA;FARMACOLOGIA;SA;"Teoria: segunda das 19:00 às 23:00, semanal; quarta das 21:00 às 23:00, semanal";ELIZABETH TEODOROV;MONICA HELENA MONTEIRO DO NASCIMENTO;Resultados da classificação_.pdf
NA1ESTO016-17SA;FENÔMENOS DE TRANSPORTE;SA;"Teoria: quarta das 19:00 às 21:00, semanal; sexta das 21:00 às 23:00, semanal";JOAO VICENTE AKWA;-;Resultados da classificação_.pdf
NA1BCJ0203-15SA;FENÔMENOS ELETROMAGNÉTICOS;SA;"Teoria: quinta das 19:00 às 21:00, semanal; segunda das 21:00 às 23:00, semanal | Prática: quinta das 21:00 às 23:00, quinzenal I";FRANCISCO EUGENIO MENDONCA DA SILVEIRA;DIEGO EDISON LOPEZ SILVA;Resultados da classificação_.pdf
NA2BCJ0203-15SA;FENÔMENOS ELETROMAGNÉTICOS;SA;"Teoria: segunda das 21:00 às 23:00, semanal; quinta das 19:00 às 21:00, semanal | Prática: quinta das 21:00 às 23:00, quinzenal II";FRANCISCO EUGENIO MENDONCA DA SILVEIRA;DIEGO EDISON LOPEZ SILVA;Resultados da classificação_.pdf
NA3BCJ0203-15SA;FENÔMENOS ELETROMAGNÉTICOS;SA;"Teoria: segunda das 21:00 às 23:00, semanal; quinta das 19:00 às 21:00, semanal | Prática: quinta das 21:00 às 23:00, quinzenal I";WANIUS JOSE GARCIA DA SILVA;WANIUS JOSE GARCIA DA SILVA;Resultados da classificação_.pdf
NA4BCJ0203-15SA;FENÔMENOS ELETROMAGNÉTICOS;SA;"Teoria: segunda das 21:00 às 23:00, semanal; quinta das 19:00 às 21:00, semanal | Prática: quinta das 21:00 às 23:00, quinzenal II";WANIUS JOSE GARCIA DA SILVA;WANIUS JOSE GARCIA DA SILVA;Resultados da classificação_.pdf
NB1BCJ0203-15SA;FENÔMENOS ELETROMAGNÉTICOS;SA;"Teoria: segunda das 19:00 às 21:00, semanal; quinta das 21:00 às 23:00, semanal | Prática: quinta das 19:00 às 21:00, quinzenal I";FRANCISCO EUGENIO MENDONCA DA SILVEIRA;VITOR HUGO PASCHOAL;Resultados da classificação_.pdf
NB2BCJ0203-15SA;FENÔMENOS ELETROMAGNÉTICOS;SA;"Teoria: segunda das 19:00 às 21:00, semanal; quinta das 21:00 às 23:00, semanal | Prática: quinta das 19:00 às 21:00, quinzenal II";FRANCISCO EUGENIO MENDONCA DA SILVEIRA;VITOR HUGO PASCHOAL;Resultados da classificação_.pdf
NA10BCJ0204-15SA;FENÔMENOS MECÂNICOS;SA;"Teoria: segunda das 21:00 às 23:00, semanal; quinta das 19:00 às 21:00, semanal | Prática: segunda das 19:00 às 21:00, quinzenal I";DIEGO EDISON LOPEZ SILVA;DIEGO EDISON LOPEZ SILVA;Resultados da classificação_.pdf
NA11BCJ0204-15SA;FENÔMENOS MECÂNICOS;SA;"Teoria: segunda das 21:00 às 23:00, semanal; quinta das 19:00 às 21:00, semanal | Prática: segunda das 19:00 às 21:00, quinzenal II";DIEGO EDISON LOPEZ SILVA;DIEGO EDISON LOPEZ SILVA;Resultados da classificação_.pdf
NA12BCJ0204-15SA;FENÔMENOS MECÂNICOS;SA;"Teoria: segunda das 21:00 às 23:00, semanal; quinta das 19:00 às 21:00, semanal | Prática: segunda das 19:00 às 21:00, quinzenal II";DIEGO EDISON LOPEZ SILVA;RONALDO SAVIOLI SUME VIEIRA;Resultados da classificação_.pdf
NA1BCJ0204-15SA;FENÔMENOS MECÂNICOS;SA;"Teoria: segunda das 21:00 às 23:00, semanal; quinta das 19:00 às 21:00, semanal | Prática: segunda das 19:00 às 21:00, quinzenal I";FLAVIO LEANDRO DE SOUZA(CEDIDO );MAURO ROGERIO COSENTINO;Resultados da classificação_.pdf
NA2BCJ0204-15SA;FENÔMENOS MECÂNICOS;SA;"Teoria: segunda das 21:00 às 23:00, semanal; quinta das 19:00 às 21:00, semanal | Prática: segunda das 19:00 às 21:00, quinzenal II";FLAVIO LEANDRO DE SOUZA(CEDIDO );MAURO ROGERIO COSENTINO;Resultados da classificação_.pdf
NA3BCJ0204-15SA;FENÔMENOS MECÂNICOS;SA;"Teoria: segunda das 21:00 às 23:00, semanal; quinta das 19:00 às 21:00, semanal | Prática: segunda das 19:00 às 21:00, quinzenal I";FLAVIO LEANDRO DE SOUZA(CEDIDO );FLAVIO LEANDRO DE SOUZA(CEDIDO );Resultados da classificação_.pdf
NA4BCJ0204-15SA;FENÔMENOS MECÂNICOS;SA;"Teoria: segunda das 21:00 às 23:00, semanal; quinta das 19:00 às 21:00, semanal | Prática: segunda das 19:00 às 21:00, quinzenal II";MARCOS DE ABREU AVILA;MARCOS DE ABREU AVILA;Resultados da classificação_.pdf
NA5BCJ0204-15SA;FENÔMENOS MECÂNICOS;SA;"Teoria: segunda das 21:00 às 23:00, semanal; quinta das 19:00 às 21:00, semanal | Prática: segunda das 19:00 às 21:00, quinzenal I";MARCOS DE ABREU AVILA;MARCOS DE ABREU AVILA;Resultados da classificação_.pdf
NA6BCJ0204-15SA;FENÔMENOS MECÂNICOS;SA;"Teoria: segunda das 21:00 às 23:00, semanal; quinta das 19:00 às 21:00, semanal | Prática: segunda das 19:00 às 21:00, quinzenal II";MARCOS DE ABREU AVILA;FLAVIO LEANDRO DE SOUZA(CEDIDO );Resultados da classificação_.pdf
NA7BCJ0204-15SA;FENÔMENOS MECÂNICOS;SA;"Teoria: segunda das 21:00 às 23:00, semanal; quinta das 19:00 às 21:00, semanal | Prática: segunda das 19:00 às 21:00, quinzenal I";FELIPE CHEN ABREGO;FELIPE CHEN ABREGO;Resultados da classificação_.pdf
NA8BCJ0204-15SA;FENÔMENOS MECÂNICOS;SA;"Teoria: segunda das 21:00 às 23:00, semanal; quinta das 19:00 às 21:00, semanal | Prática: segunda das 19:00 às 21:00, quinzenal II";FELIPE CHEN ABREGO;FELIPE CHEN ABREGO;Resultados da classificação_.pdf
NA9BCJ0204-15SA;FENÔMENOS MECÂNICOS;SA;"Teoria: segunda das 21:00 às 23:00, semanal; quinta das 19:00 às 21:00, semanal | Prática: segunda das 19:00 às 21:00, quinzenal I";FELIPE CHEN ABREGO;RONALDO SAVIOLI SUME VIEIRA;Resultados da classificação_.pdf
NB1BCJ0204-15SA;FENÔMENOS MECÂNICOS;SA;"Teoria: segunda das 19:00 às 21:00, semanal; quinta das 21:00 às 23:00, semanal | Prática: segunda das 21:00 às 23:00, quinzenal I";MARTIN GUSTAVO RICHARTE;MAURO ROGERIO COSENTINO;Resultados da classificação_.pdf
NB2BCJ0204-15SA;FENÔMENOS MECÂNICOS;SA;"Teoria: segunda das 19:00 às 21:00, semanal; quinta das 21:00 às 23:00, semanal | Prática: segunda das 21:00 às 23:00, quinzenal II";MARTIN GUSTAVO RICHARTE;MAURO ROGERIO COSENTINO;Resultados da classificação_.pdf
NB3BCJ0204-15SA;FENÔMENOS MECÂNICOS;SA;"Teoria: segunda das 19:00 às 21:00, semanal; quinta das 21:00 às 23:00, semanal | Prática: segunda das 21:00 às 23:00, quinzenal I";MARTIN GUSTAVO RICHARTE;MARTIN GUSTAVO RICHARTE;Resultados da classificação_.pdf
NB4BCJ0204-15SA;FENÔMENOS MECÂNICOS;SA;"Teoria: segunda das 19:00 às 21:00, semanal; quinta das 21:00 às 23:00, semanal | Prática: segunda das 21:00 às 23:00, quinzenal II";VILSON TONIN ZANCHIN;VILSON TONIN ZANCHIN;Resultados da classificação_.pdf
NB7BCJ0204-15SA;FENÔMENOS MECÂNICOS;SA;"Teoria: segunda das 19:00 às 21:00, semanal; quinta das 21:00 às 23:00, semanal | Prática: segunda das 21:00 às 23:00, quinzenal I";VITOR HUGO PASCHOAL;ROOSEVELT DROPPA JUNIOR;Resultados da classificação_.pdf
NB8BCJ0204-15SA;FENÔMENOS MECÂNICOS;SA;"Teoria: segunda das 19:00 às 21:00, semanal; quinta das 21:00 às 23:00, semanal | Prática: segunda das 21:00 às 23:00, quinzenal II";VITOR HUGO PASCHOAL;VITOR HUGO PASCHOAL;Resultados da classificação_.pdf
NB9BCJ0204-15SA;FENÔMENOS MECÂNICOS;SA;"Teoria: segunda das 19:00 às 21:00, semanal; quinta das 21:00 às 23:00, semanal | Prática: segunda das 21:00 às 23:00, quinzenal I";VITOR HUGO PASCHOAL;VITOR HUGO PASCHOAL;Resultados da classificação_.pdf
NA1NHZ4079-20SA;FILOSOFIA DA QUÍMICA;SA;Teoria: terça das 19:00 às 21:00, semanal;RAFAEL CAVA MORI;-;Resultados da classificação_.pdf
NA1NHT1070-15SA;FISIOLOGIA VEGETAL II;SA;Teoria: segunda das 19:00 às 21:00, semanal | Prática: segunda das 21:00 às 23:00, semanal;RICARDO AUGUSTO LOMBELLO;RICARDO AUGUSTO LOMBELLO;Resultados da classificação_.pdf
NA1MCTD023-18SA;FUNDAMENTOS DE ANÁLISE;SA;"Teoria: segunda das 19:00 às 21:00, semanal; quarta das 21:00 às 23:00, semanal";REGINA HELENA DE OLIVEIRA LINO FRANCHI;REGINA HELENA DE OLIVEIRA LINO FRANCHI;Resultados da classificação_.pdf
NA1ESTE015-17SA;FUNDAMENTOS DE CONVERSÃO DE ENERGIA ELÉTRICA;SA;"Teoria: quarta das 19:00 às 21:00, semanal; sexta das 21:00 às 23:00, semanal";ADEMIR PELIZARI;-;Resultados da classificação_.pdf
NA1ESTO011-17SA;FUNDAMENTOS DE DESENHO TÉCNICO;SA;Teoria: terça das 21:00 às 23:00, semanal;PATRICIA CEZARIO SILVA;-;Resultados da classificação_.pdf
NA2ESTO011-17SA;FUNDAMENTOS DE DESENHO TÉCNICO;SA;Teoria: terça das 21:00 às 23:00, semanal;GILSON LAMEIRA DE LIMA;-;Resultados da classificação_.pdf
NB1ESTI017-17SA;FUNDAMENTOS DE ELETROMAGNETISMO APLICADO;SA;"Teoria: terça das 19:00 às 21:00, quinzenal I; quinta das 21:00 às 23:00, semanal | Prática: terça das 19:00 às 21:00, quinzenal II";STILANTE KOCH MANFRIN;STILANTE KOCH MANFRIN;Resultados da classificação_.pdf
NB2ESTI017-17SA;FUNDAMENTOS DE ELETROMAGNETISMO APLICADO;SA;"Teoria: terça das 19:00 às 21:00, quinzenal II; quinta das 21:00 às 23:00, semanal | Prática: terça das 19:00 às 21:00, quinzenal I";JORGE DIEGO MARCONI;JORGE DIEGO MARCONI;Resultados da classificação_.pdf
NA1MCTD021-18SA;FUNDAMENTOS DE ÁLGEBRA;SA;"Teoria: terça das 21:00 às 23:00, semanal; sexta das 19:00 às 21:00, semanal";ELISABETE MARCON MELLO;ELISABETE MARCON MELLO;Resultados da classificação_.pdf
NA1BCN0402-15SA;FUNÇÕES DE UMA VARIÁVEL;SA;"Teoria: quarta das 19:00 às 21:00, semanal; sexta das 21:00 às 23:00, semanal";ANDRE MARTIN TIMPANARO;-;Resultados da classificação_.pdf
NA2BCN0402-15SA;FUNÇÕES DE UMA VARIÁVEL;SA;"Teoria: quarta das 19:00 às 21:00, semanal; sexta das 21:00 às 23:00, semanal";DMITRY VASILEVICH;-;Resultados da classificação_.pdf
NA3BCN0402-15SA;FUNÇÕES DE UMA VARIÁVEL;SA;"Teoria: quarta das 19:00 às 21:00, semanal; sexta das 21:00 às 23:00, semanal";STEFANO NARDULLI;-;Resultados da classificação_.pdf
NA4BCN0402-15SA;FUNÇÕES DE UMA VARIÁVEL;SA;"Teoria: quarta das 19:00 às 21:00, semanal; sexta das 21:00 às 23:00, semanal";VLADISLAV KUPRIYANOV;-;Resultados da classificação_.pdf
NA5BCN0402-15SA;FUNÇÕES DE UMA VARIÁVEL;SA;"Teoria: quarta das 19:00 às 21:00, semanal; sexta das 21:00 às 23:00, semanal";ILMA APARECIDA MARQUES SILVA;-;Resultados da classificação_.pdf
NB1BCN0402-15SA;FUNÇÕES DE UMA VARIÁVEL;SA;"Teoria: quarta das 21:00 às 23:00, semanal; sexta das 19:00 às 21:00, semanal";ANDRE MARTIN TIMPANARO;-;Resultados da classificação_.pdf
NB2BCN0402-15SA;FUNÇÕES DE UMA VARIÁVEL;SA;"Teoria: quarta das 21:00 às 23:00, semanal; sexta das 19:00 às 21:00, semanal";ERCILIO CARVALHO DA SILVA;-;Resultados da classificação_.pdf
NB3BCN0402-15SA;FUNÇÕES DE UMA VARIÁVEL;SA;"Teoria: quarta das 21:00 às 23:00, semanal; sexta das 19:00 às 21:00, semanal";ILMA APARECIDA MARQUES SILVA;-;Resultados da classificação_.pdf
NA1NHT4017-15SA;FUNÇÕES E REAÇÕES ORGÂNICAS;SA;"Teoria: segunda das 19:00 às 21:00, semanal; quarta das 21:00 às 23:00, semanal";SERGIO BROCHSZTAIN;-;Resultados da classificação_.pdf
NA1ESZE098-17SA;FÍSICA DE REATORES NUCLEARES;SA;"Teoria: segunda das 21:00 às 23:00, semanal; quinta das 19:00 às 21:00, semanal";PEDRO HENRIQUE SILVA RODRIGUES;-;Resultados da classificação_.pdf
NA1NHBP001-23SA;FÍSICA EXPERIMENTAL I;SA;"Prática: segunda das 19:00 às 21:00, semanal; quarta das 21:00 às 23:00, semanal";-;BRENO MARQUES GONCALVES TEIXEIRA;Resultados da classificação_.pdf
NA1BCK0103-15SA;FÍSICA QUÂNTICA;SA;"Teoria: segunda das 21:00 às 23:00, quinzenal II; quinta das 19:00 às 21:00, semanal";FAGNER MURUCI DE PAULA;-;Resultados da classificação_.pdf
NA2BCK0103-15SA;FÍSICA QUÂNTICA;SA;"Teoria: segunda das 21:00 às 23:00, quinzenal II; quinta das 19:00 às 21:00, semanal";RICARDO ROCAMORA PASZKO;-;Resultados da classificação_.pdf
NA3BCK0103-15SA;FÍSICA QUÂNTICA;SA;"Teoria: segunda das 21:00 às 23:00, quinzenal II; quinta das 19:00 às 21:00, semanal";LUCIANO SOARES DA CRUZ;-;Resultados da classificação_.pdf
NB1BCK0103-15SA;FÍSICA QUÂNTICA;SA;"Teoria: segunda das 19:00 às 21:00, quinzenal II; quinta das 21:00 às 23:00, semanal";FAGNER MURUCI DE PAULA;-;Resultados da classificação_.pdf
NB2BCK0103-15SA;FÍSICA QUÂNTICA;SA;"Teoria: segunda das 19:00 às 21:00, quinzenal II; quinta das 21:00 às 23:00, semanal";RICARDO ROCAMORA PASZKO;-;Resultados da classificação_.pdf
NB3BCK0103-15SA;FÍSICA QUÂNTICA;SA;"Teoria: segunda das 19:00 às 21:00, quinzenal II; quinta das 21:00 às 23:00, semanal";LUCIANO SOARES DA CRUZ;-;Resultados da classificação_.pdf
NA1NHT3013-15SA;FÍSICA TÉRMICA;SA;"Teoria: terça das 21:00 às 23:00, semanal; sexta das 19:00 às 21:00, semanal";LUCIO CAMPOS COSTA;-;Resultados da classificação_.pdf
NA1NHBQ006-22SA;FÍSICO-QUÍMICA EXPERIMENTAL;SA;Prática: sexta das 19:00 às 23:00, semanal;-;CAMILO ANDREA ANGELUCCI;Resultados da classificação_.pdf
NA2NHT1057-15SA;GENÉTICA II;SA;Teoria: segunda das 19:00 às 21:00, semanal | Prática: quarta das 21:00 às 23:00, semanal;LUCIANA CAMPOS PAULINO;LUCIANA CAMPOS PAULINO;Resultados da classificação_.pdf
NA1NHT1030-15SA;GEOLOGIA E PALEONTOLOGIA;SA;Teoria: sexta das 19:00 às 21:00, semanal | Prática: quarta das 19:00 às 21:00, semanal;GUILHERME CUNHA RIBEIRO;GUILHERME CUNHA RIBEIRO;Resultados da classificação_.pdf
NA1ESEN005-23SA;GEOLOGIA GERAL;SA;"Teoria: segunda das 19:00 às 21:00, semanal; quarta das 21:00 às 23:00, semanal";MAURICIO GUERREIRO MARTINHO DOS SANTOS;-;Resultados da classificação_.pdf
NA1BCN0404-15SA;GEOMETRIA ANALÍTICA;SA;"Teoria: quarta das 21:00 às 23:00, semanal; sexta das 19:00 às 21:00, quinzenal II";OLEXANDR ZHYDENKO;-;Resultados da classificação_.pdf
NA2BCN0404-15SA;GEOMETRIA ANALÍTICA;SA;"Teoria: quarta das 21:00 às 23:00, semanal; sexta das 19:00 às 21:00, quinzenal II";VLADIMIR PERCHINE;-;Resultados da classificação_.pdf
NA3BCN0404-15SA;GEOMETRIA ANALÍTICA;SA;"Teoria: quarta das 21:00 às 23:00, semanal; sexta das 19:00 às 21:00, quinzenal II";ZHANNA GENNADYEVNA KUZNETSOVA;-;Resultados da classificação_.pdf
NB1BCN0404-15SA;GEOMETRIA ANALÍTICA;SA;"Teoria: quarta das 19:00 às 21:00, semanal; sexta das 21:00 às 23:00, quinzenal II";OLEXANDR ZHYDENKO;-;Resultados da classificação_.pdf
NB2BCN0404-15SA;GEOMETRIA ANALÍTICA;SA;"Teoria: quarta das 19:00 às 21:00, semanal; sexta das 21:00 às 23:00, quinzenal II";VLADIMIR PERCHINE;-;Resultados da classificação_.pdf
NB3BCN0404-15SA;GEOMETRIA ANALÍTICA;SA;"Teoria: sexta das 21:00 às 23:00, quinzenal II; quarta das 19:00 às 21:00, semanal";ALFREDO MANUEL JARA GRADOS;-;Resultados da classificação_.pdf
NA1MCBM005-23SA;GEOMETRIA DOS ESPAÇOS MÉTRICOS;SA;"Teoria: segunda das 19:00 às 21:00, semanal; quarta das 21:00 às 23:00, semanal";STEFANO NARDULLI;-;Resultados da classificação_.pdf
NA1ESTU006-17SA;GEOTECNIA;SA;Teoria: segunda das 19:00 às 21:00, semanal | Prática: quarta das 21:00 às 23:00, semanal;LUCIANA MARIA FERRER;LUCIANA MARIA FERRER;Resultados da classificação_.pdf
NA1ESZE052-17SA;GERAÇÃO DISTRIBUÍDA;SA;Teoria: segunda das 19:00 às 21:00, semanal;JOEL DAVID MELO TRUJILLO;-;Resultados da classificação_.pdf
NA1ESAU016-25SA;GESTÃO DE GASES DE EFEITO ESTUFA;SA;Prática: quarta das 21:00 às 23:00, semanal;PAULA CIMINELLI RAMALHO;PAULA CIMINELLI RAMALHO;Resultados da classificação_.pdf
NA1ESTU007-17SA;HABITAÇÃO E ASSENTAMENTOS HUMANOS;SA;Prática: quarta das 19:00 às 23:00, semanal;PATRICIA CEZARIO SILVA;PATRICIA CEZARIO SILVA;Resultados da classificação_.pdf
NA1ESTU029-17SA;HIDRÁULICA DE CONDUTOS LIVRES;SA;Teoria: segunda das 21:00 às 23:00, semanal;CAMILA CLEMENTINA ARANTES;CAMILA CLEMENTINA ARANTES;Resultados da classificação_.pdf
NB2ESTU029-17SA;HIDRÁULICA DE CONDUTOS LIVRES;SA;Teoria: segunda das 21:00 às 23:00, semanal;MELISSA CRISTINA PEREIRA GRACIOSA;MELISSA CRISTINA PEREIRA GRACIOSA;Resultados da classificação_.pdf
NA1ESZU029-17SA;HISTÓRIA DA CIDADE E DO URBANISMO;SA;"Teoria: segunda das 19:00 às 21:00, semanal; quarta das 21:00 às 23:00, semanal";GILSON LAMEIRA DE LIMA;-;Resultados da classificação_.pdf
NA1NHZ5016-15SA;HISTÓRIA DA EDUCAÇÃO;SA;"Teoria: terça das 19:00 às 21:00, semanal; quinta das 21:00 às 23:00, semanal";BRENO ARSIOLI MOURA;-;Resultados da classificação_.pdf
NA1NHZ4080-20SA;HISTÓRIA DA QUÍMICA;SA;Teoria: quinta das 19:00 às 21:00, semanal;GUSTAVO MORARI DO NASCIMENTO;-;Resultados da classificação_.pdf
NA1ESZI027-17SA;INFORMAÇÃO E SOCIEDADE;SA;Teoria: quarta das 19:00 às 21:00, semanal;MARCO AURELIO CAZAROTTO GOMES;-;Resultados da classificação_.pdf
NA1ESMA002-23SA;INOVAÇÕES PARA ENGENHARIA;SA;Prática: quinta das 19:00 às 21:00, semanal;-;JOSE FERNANDO QUEIRUGA REY;Resultados da classificação_.pdf
NA2ESMA002-23SA;INOVAÇÕES PARA ENGENHARIA;SA;Prática: quinta das 19:00 às 21:00, semanal;-;CAMILA CLEMENTINA ARANTES;Resultados da classificação_.pdf
NB1ESMA002-23SA;INOVAÇÕES PARA ENGENHARIA;SA;Prática: quarta das 21:00 às 23:00, semanal;-;ELVIRA RAFIKOVA;Resultados da classificação_.pdf
NB2ESMA002-23SA;INOVAÇÕES PARA ENGENHARIA;SA;Prática: quarta das 21:00 às 23:00, semanal;-;THAIS HELENA SAMED E SOUSA;Resultados da classificação_.pdf
NC1ESMA002-23SA;INOVAÇÕES PARA ENGENHARIA;SA;Prática: quinta das 21:00 às 23:00, semanal;-;KATIA FRANKLIN ALBERTIN TORRES;Resultados da classificação_.pdf
NC2ESMA002-23SA;INOVAÇÕES PARA ENGENHARIA;SA;Prática: quinta das 21:00 às 23:00, semanal;-;FRANCISCO DE ASSIS COMARU;Resultados da classificação_.pdf
NA1ESTE019-17SA;INSTALAÇÕES ELÉTRICAS I;SA;"Prática: quarta das 19:00 às 21:00, semanal; sexta das 21:00 às 23:00, semanal";-;FABIANA APARECIDA DE TOLEDO SILVA;Resultados da classificação_.pdf
NA2ESTE019-17SA;INSTALAÇÕES ELÉTRICAS I;SA;"Prática: sexta das 21:00 às 23:00, semanal; quarta das 19:00 às 21:00, semanal";-;PATRICIA TEIXEIRA LEITE ASANO;Resultados da classificação_.pdf
NE1ESZR007-21SB;A QUESTÃO NUCLEAR NAS RELAÇÕES INTERNACIONAIS;SB;"Prática: terça das 19:00 às 21:00, semanal; quinta das 21:00 às 23:00, semanal";ELIAS DAVID MORALES MARTINEZ;-;Resultados da classificação___.pdf
NA1ESTS012-17SB;AEROELASTICIDADE;SB;"Teoria: quarta das 19:00 às 21:00, semanal; sexta das 21:00 às 23:00, semanal";CESAR MONZU FREIRE;-;Resultados da classificação___.pdf
NA1ESZS002-17SB;AERONÁUTICA II;SB;"Teoria: segunda das 21:00 às 23:00, semanal; quinta das 19:00 às 21:00, quinzenal I | Prática: quinta das 19:00 às 21:00, quinzenal II";FERNANDO MADEIRA;FERNANDO MADEIRA;Resultados da classificação___.pdf
NA1NHLH001-24SB;ANTIGUIDADES E USOS DO PASSADO;SB;"Teoria: sexta das 19:00 às 21:00, semanal; terça das 21:00 às 23:00, semanal";JULIANA CALDEIRA MONZANI;-;Resultados da classificação___.pdf
NA1ESTB029-17SB;ANÁLISE E CONTROLE DE SISTEMAS MECÂNICOS;SB;Teoria: terça das 19:00 às 21:00, semanal | Prática: quinta das 21:00 às 23:00, semanal;WAGNER SHIN NISHITANI;WAGNER SHIN NISHITANI;Resultados da classificação___.pdf
NA1ESHT001-17SB;ARRANJOS INSTITUCIONAIS E MARCO REGULATÓRIO DO TERRITÓRIO;SB;Teoria: segunda das 19:00 às 21:00, semanal;MARIANA MENZIO;-;Resultados da classificação___.pdf
NA1ESHR018-21SB;ATORES NÃO ESTATAIS E AS RELAÇÕES INTERNACIONAIS;SB;"Teoria: segunda das 19:00 às 21:00, semanal; quarta das 21:00 às 23:00, semanal";BARBARA ILZE SEMENSATO;-;Resultados da classificação___.pdf
NA1ESHP031-22SB;AVALIAÇÃO E MONITORAMENTO DE POLÍTICAS PÚBLICAS;SB;"Teoria: segunda das 19:00 às 21:00, semanal; quarta das 21:00 às 23:00, semanal";ROBERTA GUIMARAES PERES;ROBERTA GUIMARAES PERES;Resultados da classificação___.pdf
NA1BIS0005-15SB;BASES COMPUTACIONAIS DA CIÊNCIA;SB;Prática: segunda das 19:00 às 21:00, semanal;-;GUIOU KOBAYASHI;Resultados da classificação___.pdf
NA2BIS0005-15SB;BASES COMPUTACIONAIS DA CIÊNCIA;SB;Prática: segunda das 19:00 às 21:00, semanal;-;WAGNER TANAKA BOTELHO;Resultados da classificação___.pdf
NA1BIR0004-15SB;BASES EPISTEMOLÓGICAS DA CIÊNCIA MODERNA;SB;"Teoria: segunda das 19:00 às 21:00, semanal; quarta das 21:00 às 23:00, quinzenal II";WILLIAM JOSE STEINLE;-;Resultados da classificação___.pdf
NB1BIR0004-15SB;BASES EPISTEMOLÓGICAS DA CIÊNCIA MODERNA;SB;"Teoria: segunda das 21:00 às 23:00, semanal; quarta das 19:00 às 21:00, quinzenal II";WILLIAM JOSE STEINLE;-;Resultados da classificação___.pdf
NA1BIS0003-15SB;BASES MATEMÁTICAS;SB;"Teoria: terça das 19:00 às 21:00, semanal; quinta das 21:00 às 23:00, semanal";OLGA LOGACHEVA;-;Resultados da classificação___.pdf
NB1BIS0003-15SB;BASES MATEMÁTICAS;SB;"Teoria: terça das 21:00 às 23:00, semanal; quinta das 19:00 às 21:00, semanal";PEDRO LAURIDSEN RIBEIRO;-;Resultados da classificação___.pdf
NA1BCL0306-15SB;BIODIVERSIDADE: INTERAÇÕES ENTRE ORGANISMOS E AMBIENTE;SB;"Teoria: terça das 19:00 às 21:00, quinzenal I; quinta das 21:00 às 23:00, semanal";FERNANDO ZANIOLO GIBRAN;-;Resultados da classificação___.pdf
NA2BCL0306-15SB;BIODIVERSIDADE: INTERAÇÕES ENTRE ORGANISMOS E AMBIENTE;SB;"Teoria: terça das 19:00 às 21:00, quinzenal I; quinta das 21:00 às 23:00, semanal";CIBELE BIONDO;-;Resultados da classificação___.pdf
NB1BCL0306-15SB;BIODIVERSIDADE: INTERAÇÕES ENTRE ORGANISMOS E AMBIENTE;SB;"Teoria: terça das 21:00 às 23:00, quinzenal I; quinta das 19:00 às 21:00, semanal";FERNANDO ZANIOLO GIBRAN;-;Resultados da classificação___.pdf
NB2BCL0306-15SB;BIODIVERSIDADE: INTERAÇÕES ENTRE ORGANISMOS E AMBIENTE;SB;"Teoria: terça das 21:00 às 23:00, quinzenal I; quinta das 19:00 às 21:00, semanal";CIBELE BIONDO;-;Resultados da classificação___.pdf
NA1ESBM001-23SB;BIOMECÂNICA I;SB;"Prática: segunda das 19:00 às 21:00, semanal; quarta das 21:00 às 23:00, semanal";-;RENATO NAVILLE WATANABE;Resultados da classificação___.pdf
NA1BCL0308-15SB;BIOQUÍMICA: ESTRUTURA, PROPRIEDADES E FUNÇÕES DE BIOMOLÉCULAS;SB;"Teoria: segunda das 21:00 às 23:00, quinzenal I; sexta das 21:00 às 23:00, semanal | Prática: quarta das 19:00 às 21:00, semanal";ALVARO TAKEO OMORI;ARTUR FRANZ KEPPLER;Resultados da classificação___.pdf
NA2BCL0308-15SB;BIOQUÍMICA: ESTRUTURA, PROPRIEDADES E FUNÇÕES DE BIOMOLÉCULAS;SB;"Teoria: segunda das 21:00 às 23:00, quinzenal I; sexta das 21:00 às 23:00, semanal | Prática: quarta das 19:00 às 21:00, semanal";ALVARO TAKEO OMORI;FULVIO RIELI MENDES;Resultados da classificação___.pdf
NA3BCL0308-15SB;BIOQUÍMICA: ESTRUTURA, PROPRIEDADES E FUNÇÕES DE BIOMOLÉCULAS;SB;"Teoria: segunda das 21:00 às 23:00, quinzenal I; sexta das 21:00 às 23:00, semanal | Prática: quarta das 19:00 às 21:00, semanal";ALVARO TAKEO OMORI;SERGIO DAISHI SASAKI;Resultados da classificação___.pdf
NB1BCL0308-15SB;BIOQUÍMICA: ESTRUTURA, PROPRIEDADES E FUNÇÕES DE BIOMOLÉCULAS;SB;"Teoria: segunda das 19:00 às 21:00, quinzenal I; sexta das 19:00 às 21:00, semanal | Prática: quarta das 21:00 às 23:00, semanal";CESAR AUGUSTO JOAO RIBEIRO;SERGIO DAISHI SASAKI;Resultados da classificação___.pdf
NB2BCL0308-15SB;BIOQUÍMICA: ESTRUTURA, PROPRIEDADES E FUNÇÕES DE BIOMOLÉCULAS;SB;"Teoria: segunda das 19:00 às 21:00, quinzenal I; sexta das 19:00 às 21:00, semanal | Prática: quarta das 21:00 às 23:00, semanal";CESAR AUGUSTO JOAO RIBEIRO;FULVIO RIELI MENDES;Resultados da classificação___.pdf
NB3BCL0308-15SB;BIOQUÍMICA: ESTRUTURA, PROPRIEDADES E FUNÇÕES DE BIOMOLÉCULAS;SB;"Teoria: segunda das 19:00 às 21:00, quinzenal I; sexta das 19:00 às 21:00, semanal | Prática: quarta das 21:00 às 23:00, semanal";CESAR AUGUSTO JOAO RIBEIRO;ARTUR FRANZ KEPPLER;Resultados da classificação___.pdf
NA1LHZ0005-19SB;BRASIL INDEPENDENTE;SB;"Teoria: terça das 19:00 às 21:00, semanal; quinta das 21:00 às 23:00, semanal";JONATAS ROQUE RIBEIRO;-;Resultados da classificação___.pdf
NA1NHLH002-24SB;BRASIL REPUBLICANO: DA TRANSIÇÃO MONARQUIA-REPÚBLICA AO ESTADO NOVO;SB;Teoria: quarta das 19:00 às 21:00, semanal;MARIA CLARA SPADA DE CASTRO;-;Resultados da classificação___.pdf
NA1ESHP004-13SB;CIDADANIA, DIREITOS E DESIGUALDADES;SB;"Teoria: terça das 21:00 às 23:00, semanal; sexta das 19:00 às 21:00, semanal";WILSON MESQUITA DE ALMEIDA;-;Resultados da classificação___.pdf
NA1ESTA002-17SB;CIRCUITOS ELÉTRICOS I;SB;"Teoria: segunda das 18:00 às 21:00, semanal; quarta das 21:00 às 23:00, quinzenal I | Prática: quarta das 21:00 às 23:00, quinzenal II";FERNANDO SILVA DE MOURA;FERNANDO SILVA DE MOURA;Resultados da classificação___.pdf
NA1BIR0603-15SB;CIÊNCIA, TECNOLOGIA E SOCIEDADE;SB;"Teoria: segunda das 19:00 às 21:00, semanal; quarta das 21:00 às 23:00, quinzenal II";ANGELO MARCOS QUEIROZ PRATES;-;Resultados da classificação___.pdf
NA2BIR0603-15SB;CIÊNCIA, TECNOLOGIA E SOCIEDADE;SB;"Teoria: segunda das 19:00 às 21:00, semanal; quarta das 21:00 às 23:00, quinzenal II";VITOR VIEIRA VASCONCELOS;-;Resultados da classificação___.pdf
NB1BIR0603-15SB;CIÊNCIA, TECNOLOGIA E SOCIEDADE;SB;"Teoria: segunda das 21:00 às 23:00, semanal; quarta das 19:00 às 21:00, quinzenal II";ANGELO MARCOS QUEIROZ PRATES;-;Resultados da classificação___.pdf
NB2BIR0603-15SB;CIÊNCIA, TECNOLOGIA E SOCIEDADE;SB;"Teoria: segunda das 21:00 às 23:00, semanal; quarta das 19:00 às 21:00, quinzenal II";MARIANA MENZIO;-;Resultados da classificação___.pdf
NA1ESTS015-17SB;COMBUSTÃO I;SB;"Teoria: terça das 21:00 às 23:00, semanal; sexta das 19:00 às 21:00, semanal";FABIO ANTONIO DA SILVA MOTA;FABIO ANTONIO DA SILVA MOTA;Resultados da classificação___.pdf
NA1ESBM003-23SB;COMPUTAÇÃO CIENTÍFICA APLICADA A PROBLEMAS BIOLÓGICOS;SB;"Prática: quarta das 19:00 às 21:00, semanal; sexta das 21:00 às 23:00, semanal";-;RENATO NAVILLE WATANABE;Resultados da classificação___.pdf
NA2ESBM003-23SB;COMPUTAÇÃO CIENTÍFICA APLICADA A PROBLEMAS BIOLÓGICOS;SB;"Prática: quarta das 19:00 às 21:00, semanal; sexta das 21:00 às 23:00, semanal";-;FERNANDO SILVA DE MOURA;Resultados da classificação___.pdf
NA1MCTC007-20SB;COMUNICAÇÃO CIENTÍFICA;SB;Teoria: quinta das 19:00 às 21:00, semanal;JESSICA BEZERRA SANTIAGO;-;Resultados da classificação___.pdf
NA1BCM0506-15SB;COMUNICAÇÃO E REDES;SB;"Teoria: segunda das 19:00 às 21:00, semanal; quarta das 21:00 às 23:00, quinzenal I";DAVID CORREA MARTINS JUNIOR;-;Resultados da classificação___.pdf
NA1ESHC002-17SB;CONTABILIDADE BÁSICA;SB;"Teoria: terça das 19:00 às 21:00, semanal; quinta das 21:00 às 23:00, semanal";RICARDO BUSCARIOLLI PEREIRA;-;Resultados da classificação___.pdf
NA1ESHP022-14SB;CULTURA POLÍTICA;SB;"Teoria: sexta das 21:00 às 23:00, semanal; quarta das 19:00 às 21:00, semanal";SERGIO AMADEU DA SILVEIRA;-;Resultados da classificação___.pdf
NA1MCTB009-17SB;CÁLCULO NUMÉRICO;SB;"Teoria: terça das 19:00 às 21:00, semanal; quinta das 21:00 às 23:00, semanal";RAFAEL SANTOS DE OLIVEIRA ALVES;-;Resultados da classificação___.pdf
NA1ESHT003-17SB;DEMOGRAFIA;SB;"Teoria: terça das 19:00 às 21:00, semanal; quinta das 21:00 às 23:00, semanal";LEONARDO FREIRE DE MELLO;-;Resultados da classificação___.pdf
NA1ESAE002-23SB;DESENHO UNIVERSAL E TECNOLOGIA ASSISTIVA;SB;Teoria: quarta das 21:00 às 23:00, semanal;CESAR MONZU FREIRE;-;Resultados da classificação___.pdf
NA1ESHC003-17SB;DESENVOLVIMENTO SOCIOECONÔMICO;SB;"Teoria: quarta das 19:00 às 21:00, semanal; sexta das 21:00 às 23:00, semanal";VITOR EDUARDO SCHINCARIOL;-;Resultados da classificação___.pdf
NA1ESTS001-17SB;DINÂMICA I;SB;"Teoria: terça das 19:00 às 21:00, semanal; quinta das 21:00 às 23:00, semanal";CARLOS RENATO HUAURA SOLORZANO;-;Resultados da classificação___.pdf
NA1ESZS029-17SB;DINÂMICA ORBITAL;SB;"Teoria: segunda das 21:00 às 23:00, semanal; quinta das 19:00 às 21:00, semanal";CLAUDIA CELESTE CELESTINO DE PAULA SANTOS;-;Resultados da classificação___.pdf
NA1ESHP013-22SB;DIREITO CONSTITUCIONAL;SB;"Teoria: quarta das 19:00 às 21:00, semanal; sexta das 21:00 às 23:00, semanal";GISELE MASCARELLI SALGADO;-;Resultados da classificação___.pdf
NA1NHZ2116-18SB;DISCUSSÕES ATUAIS EM FILOSOFIA DA CIÊNCIA;SB;"Teoria: segunda das 19:00 às 21:00, semanal; quarta das 21:00 às 23:00, semanal";PEDRO BRAVO DE SOUZA;-;Resultados da classificação___.pdf
NA1ESTA001-17SB;DISPOSITIVOS ELETRÔNICOS;SB;Teoria: terça das 18:00 às 21:00, semanal | Prática: quinta das 21:00 às 23:00, semanal;ANDERSON GABRIEL SANTIAGO CRAVO;ANDERSON GABRIEL SANTIAGO CRAVO;Resultados da classificação___.pdf
NA1ESHC035-21SB;ECONOMETRIA I;SB;"Prática: segunda das 21:00 às 23:00, semanal; quinta das 19:00 às 21:00, semanal";SAMUEL SOLGON SANTOS;SAMUEL SOLGON SANTOS;Resultados da classificação___.pdf
NA2ESHC035-21SB;ECONOMETRIA I;SB;"Prática: segunda das 21:00 às 23:00, semanal; quinta das 19:00 às 21:00, semanal";THIAGO FONSECA MORELLO RAMALHO DA SILVA;THIAGO FONSECA MORELLO RAMALHO DA SILVA;Resultados da classificação___.pdf
NA1ESHC007-21SB;ECONOMIA BRASILEIRA I;SB;"Teoria: quarta das 19:00 às 21:00, semanal; sexta das 21:00 às 23:00, semanal";MARCELO MILAN;-;Resultados da classificação___.pdf
NA1ESTG003-17SB;ECONOMIA DE EMPRESAS;SB;Teoria: quinta das 19:00 às 21:00, semanal;OSMAR DOMINGUES;-;Resultados da classificação___.pdf
NA1ESHC034-21SB;ECONOMIA DO MEIO AMBIENTE;SB;"Teoria: segunda das 21:00 às 23:00, semanal; quinta das 19:00 às 21:00, semanal";MONICA YUKIE KUWAHARA;-;Resultados da classificação___.pdf
NA1ESHT005-17SB;ECONOMIA DO TERRITÓRIO;SB;"Teoria: quarta das 19:00 às 21:00, semanal; sexta das 21:00 às 23:00, semanal";MARCOS BARCELLOS DE SOUZA;-;Resultados da classificação___.pdf
NA1ESHR003-21SB;ECONOMIA POLÍTICA INTERNACIONAL DA SEGURANÇA ALIMENTAR;SB;"Teoria: quarta das 19:00 às 21:00, semanal; sexta das 21:00 às 23:00, semanal";ANDREA SANTOS BACA;-;Resultados da classificação___.pdf
NA1ESZG013-17SB;EMPREENDEDORISMO;SB;"Teoria: segunda das 19:00 às 21:00, semanal; quarta das 21:00 às 23:00, semanal";ANNE CRISTINE CHINELLATO;ANNE CRISTINE CHINELLATO;Resultados da classificação___.pdf
NA1ESGE006-23SB;ENGENHARIA DE SEGURANÇA DO TRABALHO: ERGONOMIA;SB;"Teoria: terça das 19:00 às 21:00, semanal; quinta das 21:00 às 23:00, semanal";GISELLE RAMIREZ CANEDO;-;Resultados da classificação___.pdf
NA1ESTG005-17SB;ENGENHARIA ECONÔMICA APLICADA A SISTEMAS DE GESTÃO;SB;"Teoria: terça das 21:00 às 23:00, semanal; sexta das 19:00 às 21:00, semanal";RICARDO REOLON JORGE;-;Resultados da classificação___.pdf
NA1ESTG007-17SB;ENGENHARIA LOGÍSTICA;SB;"Teoria: segunda das 19:00 às 21:00, semanal; quarta das 21:00 às 23:00, semanal";LUIS HENRIQUE RODRIGUES;LUIS HENRIQUE RODRIGUES;Resultados da classificação___.pdf
NA1ESBM016-25SB;ERGONOMIA;SB;"Teoria: quarta das 19:00 às 21:00, semanal; sexta das 21:00 às 23:00, quinzenal I | Prática: sexta das 21:00 às 23:00, quinzenal II";REGINALDO KISHO FUKUCHI;REGINALDO KISHO FUKUCHI;Resultados da classificação___.pdf
NA1BHO0101-15SB;ESTADO E RELAÇÕES DE PODER;SB;"Teoria: segunda das 21:00 às 23:00, semanal; quinta das 19:00 às 21:00, semanal";TIAGO BRANDAO MASCARENHAS DE AZEVEDO;-;Resultados da classificação___.pdf
NB1BHO0101-15SB;ESTADO E RELAÇÕES DE PODER;SB;"Teoria: segunda das 19:00 às 21:00, semanal; quinta das 21:00 às 23:00, semanal";TIAGO BRANDAO MASCARENHAS DE AZEVEDO;-;Resultados da classificação___.pdf
NA1BIK0102-15SB;ESTRUTURA DA MATÉRIA;SB;"Teoria: terça das 19:00 às 21:00, semanal; sexta das 21:00 às 23:00, quinzenal I";KLAUS WERNER CAPELLE;-;Resultados da classificação___.pdf
NA1BIQ0602-15SB;ESTRUTURA E DINÂMICA SOCIAL;SB;"Teoria: segunda das 19:00 às 21:00, semanal; quarta das 21:00 às 23:00, quinzenal II";RAMATIS JACINO;-;Resultados da classificação___.pdf
NB1BIQ0602-15SB;ESTRUTURA E DINÂMICA SOCIAL;SB;"Teoria: segunda das 21:00 às 23:00, semanal; quarta das 19:00 às 21:00, quinzenal II";RAMATIS JACINO;-;Resultados da classificação___.pdf
NA1ESHT007-17SB;ESTUDOS DO MEIO FÍSICO;SB;"Teoria: terça das 21:00 às 23:00, semanal; sexta das 19:00 às 21:00, semanal";CHRISTIAN RICARDO RIBEIRO;-;Resultados da classificação___.pdf
NA1ESHR030-21SB;ESTUDOS ESTRATÉGICOS E DEFESA;SB;"Teoria: quarta das 19:00 às 21:00, semanal; sexta das 21:00 às 23:00, semanal";FLAVIO ROCHA DE OLIVEIRA;-;Resultados da classificação___.pdf
NA1BIL0304-15SB;EVOLUÇÃO E DIVERSIFICAÇÃO DA VIDA NA TERRA;SB;"Teoria: terça das 21:00 às 23:00, semanal; sexta das 19:00 às 21:00, quinzenal I";RICARDO AUGUSTO LOMBELLO;-;Resultados da classificação___.pdf
NA1NHH2012-13SB;FENOMENOLOGIA E FILOSOFIA HERMENÊUTICA;SB;"Prática: terça das 21:00 às 23:00, semanal; sexta das 19:00 às 21:00, semanal";JOSE LUIZ BASTOS NEVES;-;Resultados da classificação___.pdf
NA1ESTO016-17SB;FENÔMENOS DE TRANSPORTE;SB;"Teoria: terça das 19:00 às 21:00, semanal; quinta das 21:00 às 23:00, semanal";JOAO LAMEU DA SILVA JUNIOR;-;Resultados da classificação___.pdf
NA1BCJ0203-15SB;FENÔMENOS ELETROMAGNÉTICOS;SB;"Teoria: segunda das 21:00 às 23:00, semanal; quinta das 19:00 às 21:00, semanal | Prática: quinta das 21:00 às 23:00, quinzenal I";REINALDO LUIZ CAVASSO FILHO;REINALDO LUIZ CAVASSO FILHO;Resultados da classificação___.pdf
NA2BCJ0203-15SB;FENÔMENOS ELETROMAGNÉTICOS;SB;"Teoria: segunda das 21:00 às 23:00, semanal; quinta das 19:00 às 21:00, semanal | Prática: quinta das 21:00 às 23:00, quinzenal II";REINALDO LUIZ CAVASSO FILHO;REINALDO LUIZ CAVASSO FILHO;Resultados da classificação___.pdf
NB1BCJ0203-15SB;FENÔMENOS ELETROMAGNÉTICOS;SB;"Teoria: segunda das 19:00 às 21:00, semanal; quinta das 21:00 às 23:00, semanal | Prática: quinta das 19:00 às 21:00, quinzenal I";KLAUS WERNER CAPELLE;KLAUS WERNER CAPELLE;Resultados da classificação___.pdf
NA1BCJ0204-15SB;FENÔMENOS MECÂNICOS;SB;"Teoria: segunda das 21:00 às 23:00, semanal; quinta das 19:00 às 21:00, semanal | Prática: segunda das 19:00 às 21:00, quinzenal I";ADRIANO LANA CHERCHIGLIA;ADRIANO LANA CHERCHIGLIA;Resultados da classificação___.pdf
NA2BCJ0204-15SB;FENÔMENOS MECÂNICOS;SB;"Teoria: segunda das 21:00 às 23:00, semanal; quinta das 19:00 às 21:00, semanal | Prática: segunda das 19:00 às 21:00, quinzenal II";ADRIANO LANA CHERCHIGLIA;ADRIANO LANA CHERCHIGLIA;Resultados da classificação___.pdf
NA3BCJ0204-15SB;FENÔMENOS MECÂNICOS;SB;"Teoria: segunda das 21:00 às 23:00, semanal; quinta das 19:00 às 21:00, semanal | Prática: segunda das 19:00 às 21:00, quinzenal I";ADRIANO LANA CHERCHIGLIA;HERCULANO DA SILVA MARTINHO;Resultados da classificação___.pdf
NA4BCJ0204-15SB;FENÔMENOS MECÂNICOS;SB;"Teoria: segunda das 21:00 às 23:00, semanal; quinta das 19:00 às 21:00, semanal | Prática: segunda das 19:00 às 21:00, quinzenal II";LETICIE MENDONCA FERREIRA;LETICIE MENDONCA FERREIRA;Resultados da classificação___.pdf
NA5BCJ0204-15SB;FENÔMENOS MECÂNICOS;SB;"Teoria: segunda das 21:00 às 23:00, semanal; quinta das 19:00 às 21:00, semanal | Prática: segunda das 19:00 às 21:00, quinzenal I";LETICIE MENDONCA FERREIRA;LETICIE MENDONCA FERREIRA;Resultados da classificação___.pdf
NB1BCJ0204-15SB;FENÔMENOS MECÂNICOS;SB;"Teoria: segunda das 19:00 às 21:00, semanal; quinta das 21:00 às 23:00, semanal | Prática: segunda das 21:00 às 23:00, quinzenal I";LUIZ AUGUSTO STUANI PEREIRA;LUIZ AUGUSTO STUANI PEREIRA;Resultados da classificação___.pdf
NB2BCJ0204-15SB;FENÔMENOS MECÂNICOS;SB;"Teoria: segunda das 19:00 às 21:00, semanal; quinta das 21:00 às 23:00, semanal | Prática: segunda das 21:00 às 23:00, quinzenal II";LUIZ AUGUSTO STUANI PEREIRA;LUIZ AUGUSTO STUANI PEREIRA;Resultados da classificação___.pdf
NA1NHH2085-16SB;FILOSOFIA DA ARTE;SB;"Teoria: terça das 21:00 às 23:00, semanal; sexta das 19:00 às 21:00, semanal";MARINE DE SOUZA PEREIRA;-;Resultados da classificação___.pdf
NA1NHH2028-13SB;FILOSOFIA POLÍTICA;SB;"Teoria: terça das 19:00 às 21:00, semanal; quinta das 21:00 às 23:00, semanal";MIRIAM MESQUITA SAMPAIO DE MADUREIRA;-;Resultados da classificação___.pdf
NA1ESHC016-17SB;FINANÇAS CORPORATIVAS;SB;"Teoria: sexta das 19:00 às 21:00, semanal; terça das 21:00 às 23:00, semanal";ANDERSON LUIS SABER CAMPOS;-;Resultados da classificação___.pdf
NA1BHO1335-15SB;FORMAÇÃO DO SISTEMA INTERNACIONAL;SB;"Teoria: quarta das 19:00 às 21:00, semanal; sexta das 21:00 às 23:00, semanal";MARCELINO TEIXEIRA LISBOA;-;Resultados da classificação___.pdf
NB1BHO1335-15SB;FORMAÇÃO DO SISTEMA INTERNACIONAL;SB;"Teoria: quarta das 21:00 às 23:00, semanal; sexta das 19:00 às 21:00, semanal";MARCELINO TEIXEIRA LISBOA;-;Resultados da classificação___.pdf
NA1ESHR006-13SB;FORMAÇÃO HISTÓRICA DA AMÉRICA LATINA;SB;"Teoria: segunda das 21:00 às 23:00, semanal; quinta das 19:00 às 21:00, semanal";IGOR FUSER;-;Resultados da classificação___.pdf
NI1ESHR006-13SB;FORMAÇÃO HISTÓRICA DA AMÉRICA LATINA;SB;"Teoria: segunda das 19:00 às 21:00, semanal; quarta das 21:00 às 23:00, semanal";JANA KAREN SILVERMAN;-;Resultados da classificação___.pdf
NA1ESTO011-17SB;FUNDAMENTOS DE DESENHO TÉCNICO;SB;Teoria: terça das 21:00 às 23:00, semanal;MARCOS VIDO;-;Resultados da classificação___.pdf
NA1ESTB022-17SB;FUNDAMENTOS DE ELETRÔNICA ANALÓGICA E DIGITAL;SB;"Teoria: segunda das 21:00 às 23:00, semanal; quinta das 19:00 às 21:00, quinzenal I | Prática: quinta das 19:00 às 21:00, quinzenal II";ERICK DARIO LEON BUENO DE CAMARGO;ERICK DARIO LEON BUENO DE CAMARGO;Resultados da classificação___.pdf
NB1ESTB022-17SB;FUNDAMENTOS DE ELETRÔNICA ANALÓGICA E DIGITAL;SB;"Teoria: quinta das 19:00 às 21:00, quinzenal II; segunda das 21:00 às 23:00, semanal | Prática: quinta das 19:00 às 21:00, quinzenal I";FERNANDO SILVA DE MOURA;FERNANDO SILVA DE MOURA;Resultados da classificação___.pdf
NA1ESBM005-23SB;FUNDAMENTOS DE FISIOPATOLOGIA PARA ENGENHARIAS II;SB;"Teoria: terça das 21:00 às 23:00, quinzenal I; sexta das 19:00 às 21:00, semanal | Prática: terça das 21:00 às 23:00, quinzenal II";REGINALDO KISHO FUKUCHI;ILKA TIEMY KATO PRATES;Resultados da classificação___.pdf
NA1ESBM007-23SB;FUNDAMENTOS DE SINAIS E SISTEMAS DE TEMPO DISCRETO;SB;Teoria: quinta das 19:00 às 21:00, semanal;ANDERSON GABRIEL SANTIAGO CRAVO;-;Resultados da classificação___.pdf
NA1BCN0402-15SB;FUNÇÕES DE UMA VARIÁVEL;SB;"Teoria: quarta das 19:00 às 21:00, semanal; sexta das 21:00 às 23:00, semanal";NORBERTO ANIBAL MAIDANA;-;Resultados da classificação___.pdf
NA2BCN0402-15SB;FUNÇÕES DE UMA VARIÁVEL;SB;"Teoria: quarta das 19:00 às 21:00, semanal; sexta das 21:00 às 23:00, semanal";FELIPE TAHA SANT'ANA;-;Resultados da classificação___.pdf
NA3BCN0402-15SB;FUNÇÕES DE UMA VARIÁVEL;SB;"Teoria: quarta das 19:00 às 21:00, semanal; sexta das 21:00 às 23:00, semanal";BORIS MARIN;-;Resultados da classificação___.pdf
NB1BCN0402-15SB;FUNÇÕES DE UMA VARIÁVEL;SB;"Teoria: quarta das 21:00 às 23:00, semanal; sexta das 19:00 às 21:00, semanal";NORBERTO ANIBAL MAIDANA;-;Resultados da classificação___.pdf
NA1ESTB030-17SB;FÍSICA MÉDICA II;SB;Teoria: sexta das 19:00 às 21:00, semanal;TIAGO RIBEIRO DE OLIVEIRA;-;Resultados da classificação___.pdf
NA1BCK0103-15SB;FÍSICA QUÂNTICA;SB;"Teoria: segunda das 21:00 às 23:00, quinzenal II; quinta das 19:00 às 21:00, semanal";HERCULANO DA SILVA MARTINHO;-;Resultados da classificação___.pdf
NB1BCK0103-15SB;FÍSICA QUÂNTICA;SB;"Teoria: segunda das 19:00 às 21:00, quinzenal II; quinta das 21:00 às 23:00, semanal";HERCULANO DA SILVA MARTINHO;-;Resultados da classificação___.pdf
NA1BCN0404-15SB;GEOMETRIA ANALÍTICA;SB;"Teoria: quarta das 21:00 às 23:00, semanal; sexta das 19:00 às 21:00, quinzenal II";ANDRE RICARDO OLIVEIRA DA FONSECA;-;Resultados da classificação___.pdf
NA2BCN0404-15SB;GEOMETRIA ANALÍTICA;SB;"Teoria: quarta das 21:00 às 23:00, semanal; sexta das 19:00 às 21:00, quinzenal II";DOUGLAS LUIZ FINAMORE BARBOSA;-;Resultados da classificação___.pdf
NB1BCN0404-15SB;GEOMETRIA ANALÍTICA;SB;"Teoria: quarta das 19:00 às 21:00, semanal; sexta das 21:00 às 23:00, quinzenal II";DOUGLAS LUIZ FINAMORE BARBOSA;-;Resultados da classificação___.pdf
NA1ESTG008-17SB;GERÊNCIA DE ATIVOS;SB;Teoria: quarta das 19:00 às 21:00, semanal;LEONARDO RIBEIRO RODRIGUES;-;Resultados da classificação___.pdf
NA1ESBM018-25SB;GESTÃO DE TECNOLOGIA HOSPITALAR;SB;"Teoria: terça das 19:00 às 21:00, semanal; quinta das 21:00 às 23:00, semanal";TIAGO RIBEIRO DE OLIVEIRA;-;Resultados da classificação___.pdf
NA1NHH2032-18SB;HISTÓRIA DA FILOSOFIA ANTIGA HELENÍSTICA;SB;"Teoria: segunda das 19:00 às 21:00, semanal; quarta das 21:00 às 23:00, semanal";TOMAS ROBERTO TROSTER;-;Resultados da classificação___.pdf
NA1NHH2034-13SB;HISTÓRIA DA FILOSOFIA CONTEMPORÂNEA: O SÉCULO XIX;SB;"Teoria: quarta das 19:00 às 21:00, semanal; sexta das 21:00 às 23:00, semanal";ALEXIA CRUZ BRETAS;-;Resultados da classificação___.pdf
NA1NHH2087-16SB;HISTÓRIA DA FILOSOFIA MEDIEVAL: DO SÉCULO XI AO XIV;SB;"Teoria: quinta das 19:00 às 21:00, semanal; segunda das 21:00 às 23:00, semanal";MATTEO RASCHIETTI;-;Resultados da classificação___.pdf
NA1NHH2041-13SB;HISTÓRIA DA FILOSOFIA MODERNA: PERSPECTIVAS RACIONALISTAS;SB;"Teoria: terça das 21:00 às 23:00, semanal; sexta das 19:00 às 21:00, semanal";LUIZ ANTONIO ALVES EVA;-;Resultados da classificação___.pdf
NA1ESHP023-22SB;HISTÓRIA DAS INSTITUIÇÕES POLÍTICAS BRASILEIRAS;SB;"Teoria: segunda das 19:00 às 21:00, semanal; quarta das 21:00 às 23:00, semanal";IVAN FILIPE DE ALMEIDA LOPES FERNANDES;-;Resultados da classificação___.pdf
NA1ESHC020-17SB;HISTÓRIA ECONÔMICA GERAL;SB;"Teoria: segunda das 21:00 às 23:00, semanal; quinta das 19:00 às 21:00, semanal";PEDRO ROMERO MARQUES;-;Resultados da classificação___.pdf
NA1LHE0001-19SB;HISTÓRIA, EUROCENTRISMO E PÓS-COLONIALISMO;SB;"Teoria: quarta das 19:00 às 21:00, semanal; sexta das 21:00 às 23:00, semanal";PHILIPPE ARTHUR DOS REIS;-;Resultados da classificação___.pdf
NA1LHZ0021-19SB;HISTÓRIA, PATRIMÔNIO E MEMÓRIA;SB;"Teoria: quarta das 19:00 às 21:00, semanal; sexta das 21:00 às 23:00, semanal";MARCELO CARDOSO DE PAIVA;-;Resultados da classificação___.pdf
NA1BHQ0001-15SB;IDENTIDADE E CULTURA;SB;Teoria: sexta das 18:00 às 21:00, semanal;ARLENE MARTINEZ RICOLDI;-;Resultados da classificação___.pdf
NA1ESTG010-17SB;INOVAÇÃO TECNOLÓGICA;SB;"Teoria: terça das 19:00 às 21:00, semanal; quinta das 21:00 às 23:00, semanal";SILVIA NOVAES ZILBER TURRI;SILVIA NOVAES ZILBER TURRI;Resultados da classificação___.pdf
NA1ESMA002-23SB;INOVAÇÕES PARA ENGENHARIA;SB;Prática: quinta das 19:00 às 21:00, semanal;-;ANDREA CECILIA DORION RODAS;Resultados da classificação___.pdf
NA2ESMA002-23SB;INOVAÇÕES PARA ENGENHARIA;SB;Prática: quinta das 19:00 às 21:00, semanal;-;MARCOS DUARTE;Resultados da classificação___.pdf
NA1ESZB031-17SB;INSTALAÇÕES HOSPITALARES;SB;"Teoria: segunda das 19:00 às 21:00, semanal; quarta das 21:00 às 23:00, semanal";TIAGO RIBEIRO DE OLIVEIRA;-;Resultados da classificação___.pdf
NA1ESHR008-21SB;INTEGRAÇÃO REGIONAL - TEORIAS E EXPERIÊNCIAS;SB;"Teoria: segunda das 19:00 às 21:00, semanal; quarta das 21:00 às 23:00, semanal";VIVIAN DANIELE ROCHA GABRIEL;-;Resultados da classificação___.pdf
NA1BHQ0003-15SB;INTERPRETAÇÕES DO BRASIL;SB;"Teoria: segunda das 19:00 às 21:00, semanal; quarta das 21:00 às 23:00, semanal";CRISTINA MARIA DE CASTRO;-;Resultados da classificação___.pdf
NA1BHS0006-23SB;INTRODUÇÃO AO ACOLHIMENTO INTERCULTURAL AOS MIGRANTES E REFUGIADOS;SB;Teoria: terça das 19:00 às 21:00, semanal;ACACIO SIDINEI ALMEIDA SANTOS;ACACIO SIDINEI ALMEIDA SANTOS;Resultados da classificação___.pdf
NA1ESHR011-21SB;INTRODUÇÃO AO DIREITO E FUNDAMENTOS DO DIREITO INTERNACIONAL;SB;"Teoria: quarta das 19:00 às 21:00, semanal; sexta das 21:00 às 23:00, semanal";CRISTINE KOEHLER ZANELLA;-;Resultados da classificação___.pdf
NA1BHO0002-19SB;INTRODUÇÃO AO PENSAMENTO ECONÔMICO;SB;"Teoria: quarta das 21:00 às 23:00, quinzenal I; sexta das 19:00 às 21:00, semanal";JOSE HENRIQUE BASSI SOUZA SPERANCINI;-;Resultados da classificação___.pdf
NB1BHO0002-19SB;INTRODUÇÃO AO PENSAMENTO ECONÔMICO;SB;"Teoria: quarta das 19:00 às 21:00, quinzenal I; sexta das 21:00 às 23:00, semanal";JOSE HENRIQUE BASSI SOUZA SPERANCINI;-;Resultados da classificação___.pdf
NI1ESTS003-17SB;INTRODUÇÃO À ASTRONÁUTICA;SB;Teoria: terça das 19:00 às 21:00, semanal;ANTONIO GIL VICENTE DE BRUM;-;Resultados da classificação___.pdf
NA1BHO1102-19SB;INTRODUÇÃO À ECONOMIA;SB;"Teoria: terça das 21:00 às 23:00, quinzenal II; sexta das 19:00 às 21:00, semanal";PEDRO ROMERO MARQUES;-;Resultados da classificação___.pdf
NA1ESZB021-17SB;INTRODUÇÃO À ENGENHARIA BIOMÉDICA;SB;Teoria: segunda das 21:00 às 23:00, semanal;ANA PAULA ROMANI;-;Resultados da classificação___.pdf
NA1MCTC002-15SB;INTRODUÇÃO À NEUROCIÊNCIA;SB;"Teoria: terça das 21:00 às 23:00, semanal; sexta das 19:00 às 21:00, semanal";PAULA AYAKO TIBA;-;Resultados da classificação___.pdf
NA1BIN0406-15SB;INTRODUÇÃO À PROBABILIDADE E À ESTATÍSTICA;SB;"Teoria: terça das 21:00 às 23:00, semanal; sexta das 19:00 às 21:00, quinzenal II";IOANNIS PAPAGEORGIOU;-;Resultados da classificação___.pdf
NA1BCN0405-15SB;INTRODUÇÃO ÀS EQUAÇÕES DIFERENCIAIS ORDINÁRIAS;SB;"Teoria: quarta das 19:00 às 21:00, semanal; sexta das 21:00 às 23:00, semanal";CLEBER FERNANDO COLLE;-;Resultados da classificação___.pdf
NA1BHO0001-19SB;INTRODUÇÃO ÀS HUMANIDADES E ÀS CIÊNCIAS SOCIAIS;SB;Teoria: sexta das 21:00 às 23:00, semanal;ANA MARIA DIETRICH;-;Resultados da classificação___.pdf
NA1ESHP014-13SB;INTRODUÇÃO ÀS POLÍTICAS PÚBLICAS;SB;"Teoria: terça das 19:00 às 21:00, semanal; quinta das 21:00 às 23:00, semanal";KLAUS FREY;-;Resultados da classificação___.pdf
NA1ESTS006-17SB;LABORATÓRIO DE GUIAGEM, NAVEGAÇÃO E CONTROLE;SB;"Prática: segunda das 19:00 às 21:00, semanal; quarta das 21:00 às 23:00, semanal";-;ANTONIO GIL VICENTE DE BRUM;Resultados da classificação___.pdf
NA1LHE0003-22SB;LABORATÓRIO DE PRÁTICAS INTEGRADORAS II (PCC);SB;"Teoria: segunda das 19:00 às 21:00, semanal; quarta das 21:00 às 23:00, semanal";-;BRUNA MENDES DE VASCONCELLOS;Resultados da classificação___.pdf
NA1ESBM008-23SB;LEGISLAÇÃO RELACIONADA À SAÚDE;SB;Prática: terça das 21:00 às 23:00, semanal;-;ANDREA CECILIA DORION RODAS;Resultados da classificação___.pdf
NA2ESBM008-23SB;LEGISLAÇÃO RELACIONADA À SAÚDE;SB;Prática: terça das 21:00 às 23:00, semanal;-;ANDERSON GABRIEL SANTIAGO CRAVO;Resultados da classificação___.pdf
NA1NHI2049-13SB;LÓGICA BÁSICA;SB;"Teoria: terça das 19:00 às 21:00, semanal; quinta das 21:00 às 23:00, semanal";RAFAEL RIBEIRO SILVA;-;Resultados da classificação___.pdf
NA1ESHC022-17SB;MACROECONOMIA I;SB;"Teoria: terça das 19:00 às 21:00, semanal; quinta das 21:00 às 23:00, semanal";ELSON RODRIGO DE SOUZA SANTOS;-;Resultados da classificação___.pdf
NA1ESTO006-17SB;MATERIAIS E SUAS PROPRIEDADES;SB;"Teoria: quinta das 21:00 às 23:00, quinzenal II; terça das 19:00 às 21:00, semanal | Prática: quinta das 21:00 às 23:00, quinzenal I";SONIA MARIA MALMONGE;CHRISTIANE RIBEIRO;Resultados da classificação___.pdf
NA2ESTO006-17SB;MATERIAIS E SUAS PROPRIEDADES;SB;"Teoria: quinta das 21:00 às 23:00, quinzenal I; terça das 19:00 às 21:00, semanal | Prática: quinta das 21:00 às 23:00, quinzenal II";SONIA MARIA MALMONGE;CHRISTIANE RIBEIRO;Resultados da classificação___.pdf
NA1ESTO008-17SB;MECÂNICA DOS SÓLIDOS I;SB;"Teoria: quarta das 19:00 às 21:00, semanal; sexta das 21:00 às 23:00, semanal";JOAO BATISTA DE AGUIAR;JOAO BATISTA DE AGUIAR;Resultados da classificação___.pdf
NA1MCZC013-15SB;MEMÓRIA E APRENDIZAGEM;SB;"Teoria: segunda das 21:00 às 23:00, semanal; quinta das 19:00 às 21:00, semanal";RAQUEL VECCHIO FORNARI, TATIANA LIMA FERREIRA;-;Resultados da classificação___.pdf
NA1ESZP026-13SB;MEMÓRIA, IDENTIDADES SOCIAIS E CIDADANIA NAS SOCIEDADES COMPLEXAS CONTEMPORÂNEAS;SB;"Teoria: segunda das 21:00 às 23:00, semanal; quinta das 19:00 às 21:00, semanal";ALESSANDRA TEIXEIRA;-;Resultados da classificação___.pdf
NA1ESHC025-17SB;MICROECONOMIA I;SB;"Teoria: segunda das 19:00 às 21:00, semanal; quarta das 21:00 às 23:00, semanal";RICARDO BATISTA POLITI;-;Resultados da classificação___.pdf
NA1ESZG040-17SB;MODELOS DE DECISÃO MULTICRITÉRIO;SB;Prática: sexta das 21:00 às 23:00, semanal;DOUGLAS ALVES CASSIANO;DOUGLAS ALVES CASSIANO;Resultados da classificação___.pdf
NA1ESHT010-17SB;MÉTODOS DE PLANEJAMENTO;SB;"Prática: terça das 19:00 às 21:00, semanal; quinta das 21:00 às 23:00, semanal";MARCOS VINICIUS PO;MARCOS VINICIUS PO;Resultados da classificação___.pdf
NA1BCM0504-15SB;NATUREZA DA INFORMAÇÃO;SB;"Teoria: terça das 21:00 às 23:00, semanal; sexta das 19:00 às 21:00, quinzenal I";VALERIO RAMOS BATISTA;-;Resultados da classificação___.pdf
NA2BCM0504-15SB;NATUREZA DA INFORMAÇÃO;SB;"Teoria: terça das 21:00 às 23:00, semanal; sexta das 19:00 às 21:00, quinzenal I";FERNANDO TEUBL FERREIRA;-;Resultados da classificação___.pdf
NB1BCM0504-15SB;NATUREZA DA INFORMAÇÃO;SB;"Teoria: terça das 19:00 às 21:00, semanal; sexta das 21:00 às 23:00, quinzenal I";FERNANDO TEUBL FERREIRA;-;Resultados da classificação___.pdf
NA1MCTC019-20SB;NEUROBIOLOGIA MOLECULAR E CELULAR;SB;"Teoria: quarta das 19:00 às 21:00, semanal; sexta das 21:00 às 23:00, semanal";ANDREZA CANDIDO MATIAS, FERNANDO AUGUSTO DE OLIVEIRA RIBEIRO;-;Resultados da classificação___.pdf
NA1MCTC024-15SB;NEUROETOLOGIA;SB;"Teoria: terça das 21:00 às 23:00, semanal; sexta das 19:00 às 21:00, semanal";RODRIGO PAVAO, TATIANA LIMA FERREIRA;-;Resultados da classificação___.pdf
NA1ESHT016-22SB;OFICINA DE PLANEJAMENTO E GOVERNANÇA METROPOLITANA;SB;Prática: quinta das 19:00 às 23:00, semanal;-;SILVANA MARIA ZIONI, JEROEN JOHANNES KLINK;Resultados da classificação___.pdf
NA1ESHT013-22SB;OFICINA DE PLANEJAMENTO MACRO E MESO REGIONAL;SB;Prática: sexta das 19:00 às 23:00, semanal;-;LUCIANA RODRIGUES FAGNONI COSTA TRAVASSOS;Resultados da classificação___.pdf
NA1ESEC004-24SB;OFICINAS EM ECONOMIA E HISTÓRIA DO ABC PAULISTA;SB;Teoria: sexta das 19:00 às 21:00, semanal;JEFFERSON FERREIRA SAAR;JEFFERSON FERREIRA SAAR;Resultados da classificação___.pdf
NA1ESTG023-17SB;ORGANIZAÇÃO DO TRABALHO;SB;Teoria: segunda das 21:00 às 23:00, semanal;LUCELIA BORGES DA COSTA;-;Resultados da classificação___.pdf
NA1ESHR017-21SB;ORGANIZAÇÕES INTERNACIONAIS E MULTILATERALISMO;SB;"Teoria: segunda das 21:00 às 23:00, semanal; quinta das 19:00 às 21:00, semanal";BARBARA ILZE SEMENSATO;-;Resultados da classificação___.pdf
NA1ESHP030-22SB;ORÇAMENTO PÚBLICO;SB;"Teoria: quarta das 19:00 às 21:00, semanal; sexta das 21:00 às 23:00, semanal";LUIS FELIPE AIRES MAGALHAES;-;Resultados da classificação___.pdf
NA1BHP0202-15SB;PENSAMENTO CRÍTICO;SB;"Teoria: terça das 19:00 às 21:00, semanal; quinta das 21:00 às 23:00, semanal";RAFAEL RIBEIRO SILVA;-;Resultados da classificação___.pdf
NB1BHP0202-15SB;PENSAMENTO CRÍTICO;SB;"Teoria: terça das 21:00 às 23:00, semanal; quinta das 19:00 às 21:00, semanal";RAFAEL RIBEIRO SILVA;-;Resultados da classificação___.pdf
NA1ESGE002-23SB;PESQUISA OPERACIONAL;SB;"Teoria: segunda das 19:00 às 21:00, semanal; quarta das 19:00 às 23:00, semanal";EDER DE OLIVEIRA ABENSUR;EDER DE OLIVEIRA ABENSUR;Resultados da classificação___.pdf
NA1ESZG010-17SB;PLANEJAMENTO E CONTROLE DE PROJETOS;SB;"Teoria: terça das 21:00 às 23:00, semanal; sexta das 19:00 às 21:00, semanal";DOUGLAS ALVES CASSIANO;DOUGLAS ALVES CASSIANO;Resultados da classificação___.pdf
NA1ESHT019-17SB;PLANEJAMENTO E POLÍTICA RURAL;SB;"Teoria: quinta das 19:00 às 21:00, semanal; segunda das 21:00 às 23:00, semanal";VANESSA LUCENA EMPINOTTI;-;Resultados da classificação___.pdf
NA1ESZG011-17SB;PLANEJAMENTO ESTRATÉGICO EM GESTÃO DE PROJETOS;SB;"Teoria: segunda das 19:00 às 21:00, semanal; quarta das 21:00 às 23:00, semanal";VANDERLI CORREIA;VANDERLI CORREIA;Resultados da classificação___.pdf
NA1ESHR025-14SB;POLÍTICA EXTERNA BRASILEIRA CONTEMPORÂNEA;SB;"Teoria: terça das 19:00 às 21:00, semanal; quinta das 21:00 às 23:00, semanal";GIORGIO ROMANO SCHUTTE;-;Resultados da classificação___.pdf
NA1ESHT021-17SB;POLÍTICA URBANA;SB;"Teoria: segunda das 19:00 às 21:00, semanal; quarta das 21:00 às 23:00, semanal";ROSANA DENALDI, GUADALUPE MARIA JUNGERS ABIB DE ALMEIDA;-;Resultados da classificação___.pdf
NA1NHI5011-13SB;POLÍTICAS EDUCACIONAIS;SB;"Teoria: quarta das 19:00 às 21:00, quinzenal I; sexta das 21:00 às 23:00, semanal";ALEXANDER DE FREITAS;-;Resultados da classificação___.pdf
NA1ESTO012-17SB;PRINCÍPIOS DE ADMINISTRAÇÃO;SB;Teoria: segunda das 19:00 às 21:00, semanal;PATRICIA MORILHA MURITIBA;-;Resultados da classificação___.pdf
NB1ESTO012-17SB;PRINCÍPIOS DE ADMINISTRAÇÃO;SB;Teoria: segunda das 21:00 às 23:00, semanal;PATRICIA MORILHA MURITIBA;-;Resultados da classificação___.pdf
NA1MCNC003-23SB;PROCESSAMENTO DE SINAIS NEURAIS;SB;"Prática: quarta das 19:00 às 21:00, semanal; sexta das 21:00 às 23:00, semanal";-;JOAO RICARDO SATO;Resultados da classificação___.pdf
NA1ESZS015-17SB;PROJETO DE ELEMENTOS ESTRUTURAIS DE AERONAVES II;SB;"Prática: segunda das 19:00 às 21:00, semanal; quarta das 21:00 às 23:00, quinzenal I; quarta das 21:00 às 23:00, quinzenal II";WESLEY GOIS;WESLEY GOIS;Resultados da classificação___.pdf
NA1BCS0002-25SB;PROJETO DIRIGIDO;SB;Teoria: segunda das 19:00 às 21:00, semanal;-;RAQUEL VECCHIO FORNARI;Resultados da classificação___.pdf
NB1BCS0002-25SB;PROJETO DIRIGIDO;SB;Teoria: segunda das 21:00 às 23:00, semanal;-;TATIANA LIMA FERREIRA;Resultados da classificação___.pdf
NA1ESBM022-25SB;PROJETO E ANÁLISE DE PRÓTESES E ÓRTESES;SB;Teoria: terça das 21:00 às 23:00, semanal | Prática: sexta das 19:00 às 21:00, semanal;-;RONNY CALIXTO CARBONARI;Resultados da classificação___.pdf
NA1ESZG012-17SB;PROJETOS INDUSTRIAIS;SB;Teoria: quarta das 19:00 às 23:00, semanal;SERGIO RICARDO LOURENCO;SERGIO RICARDO LOURENCO;Resultados da classificação___.pdf
NA1ESTG025-17SB;PROPRIEDADE INTELECTUAL;SB;"Teoria: segunda das 21:00 às 23:00, semanal; quinta das 19:00 às 21:00, semanal";ANNE CRISTINE CHINELLATO;-;Resultados da classificação___.pdf
NA1ESZS033-17SB;PROPULSÃO AEROESPACIAL NÃO-CONVENCIONAL;SB;"Teoria: terça das 19:00 às 21:00, semanal; quinta das 21:00 às 23:00, semanal";FABIO ANTONIO DA SILVA MOTA;-;Resultados da classificação___.pdf
NA1NHH2088-16SB;PRÁTICA DE ENSINO DE FILOSOFIA: CURRÍCULOS;SB;Teoria: sexta das 21:00 às 23:00, semanal | Prática: quarta das 19:00 às 21:00, semanal;JOSE PASCOAL MANTOVANI PEREIRA JUNIOR;-;Resultados da classificação___.pdf
NA1LHZ0025-19SB;PRÁTICA EM MUSEUS, ARQUIVOS E BENS CULTURAIS;SB;"Teoria: terça das 21:00 às 23:00, semanal; sexta das 19:00 às 21:00, semanal";PHILIPPE ARTHUR DOS REIS;-;Resultados da classificação___.pdf
NA1LHZ0029-19SB;PRÁTICAS DE ENSINO DE GEOGRAFIA: PROGRAMAS DE ENSINO;SB;"Teoria: terça das 21:00 às 23:00, semanal; sexta das 19:00 às 21:00, semanal";PATRICIA MIE MATSUO;-;Resultados da classificação___.pdf
NA1BHS0005-19SB;PRÁTICAS EM CIÊNCIAS E HUMANIDADES;SB;Teoria: quinta das 18:00 às 21:00, semanal;CAMILA CALDEIRA NUNES DIAS;CAMILA CALDEIRA NUNES DIAS;Resultados da classificação___.pdf
NA1NHZ5023-18SB;PRÁTICAS ESCOLARES EM EDUCAÇÃO ESPECIAL E INCLUSIVA;SB;"Teoria: terça das 19:00 às 21:00, semanal; quinta das 21:00 às 23:00, semanal";PRISCILA BENITEZ AFONSO(INATIVO);PRISCILA BENITEZ AFONSO(INATIVO);Resultados da classificação___.pdf
NA2NHZ5023-18SB;PRÁTICAS ESCOLARES EM EDUCAÇÃO ESPECIAL E INCLUSIVA;SB;"Teoria: terça das 19:00 às 21:00, semanal; quinta das 21:00 às 23:00, semanal";MARIANA OLIVEIRA ARANTES;MARIANA OLIVEIRA ARANTES;Resultados da classificação___.pdf
NA1MCTC011-15SB;PSICOLOGIA COGNITIVA;SB;"Teoria: terça das 19:00 às 21:00, semanal; quinta das 21:00 às 23:00, semanal";KATERINA LUKASOVA, YOSSI ZANA;-;Resultados da classificação___.pdf
NA1MCTC020-15SB;PSICOLOGIA EXPERIMENTAL;SB;Teoria: quarta das 21:00 às 23:00, semanal | Prática: segunda das 19:00 às 23:00, semanal;TATIANE FERREIRA TAVARES, JESSICA BEZERRA SANTIAGO;TATIANE FERREIRA TAVARES, JESSICA BEZERRA SANTIAGO;Resultados da classificação___.pdf
NA1MCZC022-20SB;PSICOMETRIA;SB;Teoria: sexta das 19:00 às 21:00, semanal | Prática: terça das 21:00 às 23:00, semanal;CLAUDINEI EDUARDO BIAZOLI JUNIOR;CLAUDINEI EDUARDO BIAZOLI JUNIOR;Resultados da classificação___.pdf
NA1ESTG016-17SB;QUALIDADE EM SISTEMAS;SB;"Teoria: segunda das 21:00 às 23:00, semanal; quinta das 19:00 às 21:00, semanal";VANDERLI CORREIA;-;Resultados da classificação___.pdf
NA1BHS0011-23SB;REFLEXÕES SOBRE ARTE E SOCIEDADE;SB;Teoria: terça das 19:00 às 21:00, semanal;CLAUDIA MARIA ARANTES DE ASSIS SAAR;CLAUDIA MARIA ARANTES DE ASSIS SAAR;Resultados da classificação___.pdf
NA1ESHC013-21SB;RELAÇÕES COMERCIAIS E DE INVESTIMENTO INTERNACIONAIS;SB;"Teoria: terça das 19:00 às 21:00, semanal; quinta das 21:00 às 23:00, semanal";VINICIUS RUIZ ALBINO DE FREITAS;-;Resultados da classificação___.pdf
NA1NHZ2108-18SB;SEMINÁRIOS DE LEITURA;SB;"Teoria: segunda das 19:00 às 21:00, semanal; quarta das 21:00 às 23:00, semanal";CRISTIANE NEGREIROS ABBUD AYOUB;-;Resultados da classificação___.pdf
NA1ESHR016-21SB;SISTEMA FINANCEIRO INTERNACIONAL;SB;"Teoria: terça das 21:00 às 23:00, semanal; sexta das 19:00 às 21:00, semanal";VALERIA LOPES RIBEIRO;-;Resultados da classificação___.pdf
NA1ESTA008-17SB;SISTEMAS DE CONTROLE II;SB;Teoria: quarta das 18:00 às 21:00, semanal | Prática: sexta das 21:00 às 23:00, semanal;DIEGO PAOLO FERRUZZO CORREA;DIEGO PAOLO FERRUZZO CORREA;Resultados da classificação___.pdf
NA1ESTG024-17SB;SISTEMAS DE INFORMAÇÃO CORPORATIVOS;SB;"Teoria: quinta das 21:00 às 23:00, semanal; terça das 19:00 às 21:00, semanal";RICARDO REOLON JORGE;RICARDO REOLON JORGE;Resultados da classificação___.pdf
NA1ESTG020-17SB;SISTEMAS E PROCESSOS DE PRODUÇÃO;SB;Teoria: terça das 21:00 às 23:00, semanal | Prática: sexta das 19:00 às 21:00, semanal;LEONARDO RIBEIRO RODRIGUES;LEONARDO RIBEIRO RODRIGUES;Resultados da classificação___.pdf
NA2ESTG020-17SB;SISTEMAS E PROCESSOS DE PRODUÇÃO;SB;Teoria: terça das 21:00 às 23:00, semanal | Prática: sexta das 21:00 às 23:00, semanal;LEONARDO RIBEIRO RODRIGUES;LEONARDO RIBEIRO RODRIGUES;Resultados da classificação___.pdf
NA1ESHT023-17SB;SOCIOLOGIA DOS TERRITÓRIOS;SB;"Teoria: segunda das 21:00 às 23:00, semanal; quinta das 19:00 às 21:00, semanal";ARILSON DA SILVA FAVARETO;-;Resultados da classificação___.pdf
NA1BHP0202-19SB;TEMAS E PROBLEMAS EM FILOSOFIA;SB;Teoria: quarta das 18:00 às 21:00, semanal;LUIZ ANTONIO ALVES EVA;-;Resultados da classificação___.pdf
NA1ESHP029-14SB;TEORIA E GESTÃO DE ORGANIZAÇÕES PÚBLICAS;SB;"Teoria: terça das 21:00 às 23:00, semanal; sexta das 19:00 às 21:00, semanal";MARCOS VINICIUS PO;-;Resultados da classificação___.pdf
NA1ESHR022-21SB;TEORIAS CLÁSSICAS DAS RELAÇÕES INTERNACIONAIS;SB;"Teoria: terça das 19:00 às 21:00, semanal; quinta das 21:00 às 23:00, semanal";BRUNA MURIEL HUERTAS FUSCALDO;-;Resultados da classificação___.pdf
NA1BHQ0301-15SB;TERRITÓRIO E SOCIEDADE;SB;"Teoria: terça das 19:00 às 21:00, semanal; quinta das 21:00 às 23:00, semanal";RAQUEL DE PADUA PEREIRA;-;Resultados da classificação___.pdf
NA1ESTI003-17SB;TRANSFORMADAS EM SINAIS E SISTEMAS LINEARES;SB;"Teoria: segunda das 21:00 às 23:00, semanal; quinta das 19:00 às 21:00, semanal";DIEGO PAOLO FERRUZZO CORREA;-;Resultados da classificação___.pdf
NA1ESAE005-23SB;TÉCNICAS DE ANÁLISE ESTRUTURAL;SB;"Teoria: segunda das 19:00 às 21:00, semanal; quarta das 21:00 às 23:00, semanal";JUAN PABLO JULCA AVILA;JUAN PABLO JULCA AVILA;Resultados da classificação___.pdf
NA1NHH2065-18SB;TÓPICOS DE METAFÍSICA;SB;"Teoria: quarta das 19:00 às 21:00, semanal; sexta das 21:00 às 23:00, semanal";MICHELA BORDIGNON;-;Resultados da classificação___.pdf
NA1ESGE009-23SB;TÓPICOS EM ENGENHARIA DE PRODUÇÃO NA INDÚSTRIA DE ALIMENTOS;SB;"Teoria: quarta das 19:00 às 21:00, semanal; sexta das 21:00 às 23:00, semanal";CAROLINA CORREA DE CARVALHO;-;Resultados da classificação___.pdf
NA1ESZT018-17SB;TÓPICOS ESPECIAIS EM PLANEJAMENTO TERRITORIAL;SB;"Prática: segunda das 21:00 às 23:00, semanal; quinta das 19:00 às 21:00, semanal";LUIS ROBERTO DE PAULA;-;Resultados da classificação___.pdf
NA1ESTS008-17SB;VIBRAÇÕES;SB;"Teoria: segunda das 21:00 às 23:00, semanal; quinta das 19:00 às 21:00, semanal";JUAN PABLO JULCA AVILA;-;Resultados da classificação___.pdf
NA1ESHR027-21SB;ÁFRICA NAS RELAÇÕES INTERNACIONAIS;SB;"Teoria: terça das 21:00 às 23:00, semanal; sexta das 19:00 às 21:00, semanal";FLAVIO THALES RIBEIRO FRANCISCO;-;Resultados da classificação___.pdf
NA1MCTB001-17SB;ÁLGEBRA LINEAR;SB;"Teoria: terça das 19:00 às 21:00, semanal; quinta das 21:00 às 23:00, semanal; sexta das 19:00 às 21:00, semanal";PEDRO LAURIDSEN RIBEIRO;-;Resultados da classificação___.pdf
NA1NHH2009-13SB;ÉTICA;SB;"Teoria: segunda das 21:00 às 23:00, semanal; quinta das 19:00 às 21:00, semanal";BRUNO NADAI;-;Resultados da classificação___.pdf
NA1BHP0001-15SB;ÉTICA E JUSTIÇA;SB;"Teoria: segunda das 21:00 às 23:00, semanal; quinta das 19:00 às 21:00, semanal";LEA TOSOLD;-;Resultados da classificação___.pdf
